Number of sequences in alignment file:	69936
Neff:	11579.05657080357
Alignment sequence length:	231
|Train : Update 1000. Negative ELBO : 8204.238, BCE: 202.803, KLD_latent: 1.554, KLD_decoder_params_norm: 7999.881, Time: 22.58 |
|Train : Update 2000. Negative ELBO : 8115.861, BCE: 201.135, KLD_latent: 2.676, KLD_decoder_params_norm: 7912.051, Time: 41.88 |
|Train : Update 3000. Negative ELBO : 8025.708, BCE: 199.365, KLD_latent: 2.826, KLD_decoder_params_norm: 7823.517, Time: 61.60 |
|Train : Update 4000. Negative ELBO : 7932.964, BCE: 195.626, KLD_latent: 2.728, KLD_decoder_params_norm: 7734.609, Time: 80.83 |
|Train : Update 5000. Negative ELBO : 7845.417, BCE: 196.751, KLD_latent: 3.145, KLD_decoder_params_norm: 7645.521, Time: 100.06 |
|Train : Update 6000. Negative ELBO : 7753.740, BCE: 194.445, KLD_latent: 2.933, KLD_decoder_params_norm: 7556.363, Time: 119.38 |
|Train : Update 7000. Negative ELBO : 7665.405, BCE: 195.125, KLD_latent: 3.071, KLD_decoder_params_norm: 7467.209, Time: 138.73 |
|Train : Update 8000. Negative ELBO : 7576.484, BCE: 195.042, KLD_latent: 3.354, KLD_decoder_params_norm: 7378.087, Time: 159.92 |
|Train : Update 9000. Negative ELBO : 7487.974, BCE: 195.272, KLD_latent: 3.695, KLD_decoder_params_norm: 7289.006, Time: 179.37 |
|Train : Update 10000. Negative ELBO : 7397.514, BCE: 194.232, KLD_latent: 3.319, KLD_decoder_params_norm: 7199.963, Time: 198.88 |
|Train : Update 11000. Negative ELBO : 7310.371, BCE: 195.522, KLD_latent: 3.873, KLD_decoder_params_norm: 7110.976, Time: 218.25 |
|Train : Update 12000. Negative ELBO : 7219.985, BCE: 193.966, KLD_latent: 3.972, KLD_decoder_params_norm: 7022.046, Time: 237.56 |
|Train : Update 13000. Negative ELBO : 7130.724, BCE: 194.105, KLD_latent: 3.440, KLD_decoder_params_norm: 6933.180, Time: 257.02 |
|Train : Update 14000. Negative ELBO : 7041.068, BCE: 193.116, KLD_latent: 3.584, KLD_decoder_params_norm: 6844.369, Time: 276.33 |
|Train : Update 15000. Negative ELBO : 6953.527, BCE: 193.942, KLD_latent: 3.970, KLD_decoder_params_norm: 6755.615, Time: 295.62 |
|Train : Update 16000. Negative ELBO : 6862.247, BCE: 191.193, KLD_latent: 4.134, KLD_decoder_params_norm: 6666.920, Time: 315.02 |
|Train : Update 17000. Negative ELBO : 6775.339, BCE: 193.070, KLD_latent: 3.964, KLD_decoder_params_norm: 6578.305, Time: 334.55 |
|Train : Update 18000. Negative ELBO : 6687.072, BCE: 193.046, KLD_latent: 4.257, KLD_decoder_params_norm: 6489.770, Time: 353.88 |
|Train : Update 19000. Negative ELBO : 6596.731, BCE: 191.262, KLD_latent: 4.168, KLD_decoder_params_norm: 6401.302, Time: 373.35 |
|Train : Update 20000. Negative ELBO : 6509.966, BCE: 192.732, KLD_latent: 4.322, KLD_decoder_params_norm: 6312.912, Time: 392.67 |
|Train : Update 21000. Negative ELBO : 6420.742, BCE: 191.223, KLD_latent: 4.904, KLD_decoder_params_norm: 6224.615, Time: 411.98 |
|Train : Update 22000. Negative ELBO : 6331.561, BCE: 190.690, KLD_latent: 4.477, KLD_decoder_params_norm: 6136.395, Time: 431.30 |
|Train : Update 23000. Negative ELBO : 6246.321, BCE: 193.330, KLD_latent: 4.740, KLD_decoder_params_norm: 6048.251, Time: 450.55 |
|Train : Update 24000. Negative ELBO : 6157.032, BCE: 192.041, KLD_latent: 4.806, KLD_decoder_params_norm: 5960.185, Time: 470.15 |
|Train : Update 25000. Negative ELBO : 6068.069, BCE: 191.337, KLD_latent: 4.533, KLD_decoder_params_norm: 5872.199, Time: 489.61 |
|Train : Update 26000. Negative ELBO : 5981.920, BCE: 192.897, KLD_latent: 4.726, KLD_decoder_params_norm: 5784.296, Time: 508.81 |
|Train : Update 27000. Negative ELBO : 5893.793, BCE: 192.467, KLD_latent: 4.862, KLD_decoder_params_norm: 5696.464, Time: 528.01 |
|Train : Update 28000. Negative ELBO : 5804.888, BCE: 191.094, KLD_latent: 5.072, KLD_decoder_params_norm: 5608.722, Time: 547.19 |
|Train : Update 29000. Negative ELBO : 5717.585, BCE: 191.628, KLD_latent: 4.890, KLD_decoder_params_norm: 5521.067, Time: 566.34 |
|Train : Update 30000. Negative ELBO : 5628.011, BCE: 189.830, KLD_latent: 4.681, KLD_decoder_params_norm: 5433.500, Time: 585.49 |
|Train : Update 31000. Negative ELBO : 5541.155, BCE: 190.649, KLD_latent: 4.489, KLD_decoder_params_norm: 5346.017, Time: 604.65 |
|Train : Update 32000. Negative ELBO : 5455.631, BCE: 191.852, KLD_latent: 5.166, KLD_decoder_params_norm: 5258.614, Time: 623.80 |
|Train : Update 33000. Negative ELBO : 5368.175, BCE: 191.560, KLD_latent: 5.331, KLD_decoder_params_norm: 5171.284, Time: 642.94 |
|Train : Update 34000. Negative ELBO : 5278.900, BCE: 190.227, KLD_latent: 4.625, KLD_decoder_params_norm: 5084.048, Time: 662.18 |
|Train : Update 35000. Negative ELBO : 5193.627, BCE: 191.566, KLD_latent: 5.170, KLD_decoder_params_norm: 4996.892, Time: 681.53 |
|Train : Update 36000. Negative ELBO : 5105.071, BCE: 190.309, KLD_latent: 4.929, KLD_decoder_params_norm: 4909.833, Time: 700.68 |
|Train : Update 37000. Negative ELBO : 5020.168, BCE: 191.928, KLD_latent: 5.386, KLD_decoder_params_norm: 4822.854, Time: 719.81 |
|Train : Update 38000. Negative ELBO : 4932.972, BCE: 192.175, KLD_latent: 4.830, KLD_decoder_params_norm: 4735.967, Time: 738.96 |
|Train : Update 39000. Negative ELBO : 4845.405, BCE: 191.222, KLD_latent: 5.009, KLD_decoder_params_norm: 4649.175, Time: 758.10 |
|Train : Update 40000. Negative ELBO : 4758.006, BCE: 190.314, KLD_latent: 5.211, KLD_decoder_params_norm: 4562.481, Time: 777.24 |
|Train : Update 41000. Negative ELBO : 4672.513, BCE: 191.459, KLD_latent: 5.181, KLD_decoder_params_norm: 4475.873, Time: 796.67 |
|Train : Update 42000. Negative ELBO : 4585.493, BCE: 191.087, KLD_latent: 5.047, KLD_decoder_params_norm: 4389.358, Time: 815.84 |
|Train : Update 43000. Negative ELBO : 4497.862, BCE: 190.034, KLD_latent: 4.879, KLD_decoder_params_norm: 4302.949, Time: 834.97 |
|Train : Update 44000. Negative ELBO : 4413.431, BCE: 191.649, KLD_latent: 5.154, KLD_decoder_params_norm: 4216.629, Time: 854.11 |
|Train : Update 45000. Negative ELBO : 4324.372, BCE: 188.670, KLD_latent: 5.274, KLD_decoder_params_norm: 4130.428, Time: 873.25 |
|Train : Update 46000. Negative ELBO : 4239.680, BCE: 190.226, KLD_latent: 5.132, KLD_decoder_params_norm: 4044.321, Time: 892.38 |
|Train : Update 47000. Negative ELBO : 4153.794, BCE: 190.158, KLD_latent: 5.317, KLD_decoder_params_norm: 3958.320, Time: 911.51 |
|Train : Update 48000. Negative ELBO : 4067.654, BCE: 190.034, KLD_latent: 5.176, KLD_decoder_params_norm: 3872.444, Time: 930.65 |
|Train : Update 49000. Negative ELBO : 3981.626, BCE: 189.947, KLD_latent: 4.969, KLD_decoder_params_norm: 3786.710, Time: 949.80 |
|Train : Update 50000. Negative ELBO : 3897.342, BCE: 190.892, KLD_latent: 5.353, KLD_decoder_params_norm: 3701.096, Time: 968.94 |
|Train : Update 51000. Negative ELBO : 3811.339, BCE: 190.559, KLD_latent: 5.169, KLD_decoder_params_norm: 3615.612, Time: 988.09 |
|Train : Update 52000. Negative ELBO : 3726.717, BCE: 190.951, KLD_latent: 5.475, KLD_decoder_params_norm: 3530.291, Time: 1007.22 |
|Train : Update 53000. Negative ELBO : 3641.206, BCE: 191.147, KLD_latent: 4.910, KLD_decoder_params_norm: 3445.149, Time: 1026.35 |
|Train : Update 54000. Negative ELBO : 3556.008, BCE: 190.836, KLD_latent: 4.982, KLD_decoder_params_norm: 3360.189, Time: 1045.53 |
|Train : Update 55000. Negative ELBO : 3471.390, BCE: 190.808, KLD_latent: 5.195, KLD_decoder_params_norm: 3275.387, Time: 1064.66 |
|Train : Update 56000. Negative ELBO : 3385.898, BCE: 189.827, KLD_latent: 5.296, KLD_decoder_params_norm: 3190.776, Time: 1083.82 |
|Train : Update 57000. Negative ELBO : 3303.579, BCE: 192.017, KLD_latent: 5.212, KLD_decoder_params_norm: 3106.351, Time: 1102.95 |
|Train : Update 58000. Negative ELBO : 3218.795, BCE: 191.571, KLD_latent: 5.100, KLD_decoder_params_norm: 3022.124, Time: 1122.09 |
|Train : Update 59000. Negative ELBO : 3134.238, BCE: 191.203, KLD_latent: 4.925, KLD_decoder_params_norm: 2938.110, Time: 1141.22 |
|Train : Update 60000. Negative ELBO : 3050.177, BCE: 190.681, KLD_latent: 5.176, KLD_decoder_params_norm: 2854.320, Time: 1160.37 |
|Train : Update 61000. Negative ELBO : 2967.006, BCE: 191.293, KLD_latent: 4.993, KLD_decoder_params_norm: 2770.719, Time: 1179.52 |
|Train : Update 62000. Negative ELBO : 2882.377, BCE: 189.811, KLD_latent: 5.202, KLD_decoder_params_norm: 2687.364, Time: 1198.71 |
|Train : Update 63000. Negative ELBO : 2801.070, BCE: 191.735, KLD_latent: 5.025, KLD_decoder_params_norm: 2604.309, Time: 1217.83 |
|Train : Update 64000. Negative ELBO : 2717.306, BCE: 190.736, KLD_latent: 5.038, KLD_decoder_params_norm: 2521.531, Time: 1236.94 |
|Train : Update 65000. Negative ELBO : 2633.200, BCE: 189.222, KLD_latent: 4.897, KLD_decoder_params_norm: 2439.081, Time: 1256.05 |
|Train : Update 66000. Negative ELBO : 2554.693, BCE: 192.827, KLD_latent: 4.887, KLD_decoder_params_norm: 2356.979, Time: 1275.17 |
|Train : Update 67000. Negative ELBO : 2471.330, BCE: 191.048, KLD_latent: 5.040, KLD_decoder_params_norm: 2275.242, Time: 1294.27 |
|Train : Update 68000. Negative ELBO : 2390.095, BCE: 191.195, KLD_latent: 5.021, KLD_decoder_params_norm: 2193.878, Time: 1313.39 |
|Train : Update 69000. Negative ELBO : 2309.848, BCE: 191.893, KLD_latent: 5.023, KLD_decoder_params_norm: 2112.932, Time: 1332.50 |
|Train : Update 70000. Negative ELBO : 2230.597, BCE: 193.063, KLD_latent: 5.062, KLD_decoder_params_norm: 2032.472, Time: 1351.61 |
|Train : Update 71000. Negative ELBO : 2149.624, BCE: 191.921, KLD_latent: 5.160, KLD_decoder_params_norm: 1952.543, Time: 1370.75 |
|Train : Update 72000. Negative ELBO : 2070.174, BCE: 191.842, KLD_latent: 5.123, KLD_decoder_params_norm: 1873.209, Time: 1389.91 |
|Train : Update 73000. Negative ELBO : 1993.034, BCE: 193.126, KLD_latent: 5.449, KLD_decoder_params_norm: 1794.459, Time: 1409.03 |
|Train : Update 74000. Negative ELBO : 1911.297, BCE: 190.180, KLD_latent: 4.789, KLD_decoder_params_norm: 1716.329, Time: 1428.15 |
|Train : Update 75000. Negative ELBO : 1834.961, BCE: 190.820, KLD_latent: 5.241, KLD_decoder_params_norm: 1638.901, Time: 1447.27 |
|Train : Update 76000. Negative ELBO : 1759.681, BCE: 192.372, KLD_latent: 5.090, KLD_decoder_params_norm: 1562.218, Time: 1466.40 |
|Train : Update 77000. Negative ELBO : 1684.129, BCE: 192.810, KLD_latent: 4.972, KLD_decoder_params_norm: 1486.347, Time: 1485.52 |
|Train : Update 78000. Negative ELBO : 1609.358, BCE: 192.782, KLD_latent: 5.136, KLD_decoder_params_norm: 1411.440, Time: 1504.64 |
|Train : Update 79000. Negative ELBO : 1534.042, BCE: 191.685, KLD_latent: 4.854, KLD_decoder_params_norm: 1337.504, Time: 1523.76 |
|Train : Update 80000. Negative ELBO : 1462.157, BCE: 192.807, KLD_latent: 4.798, KLD_decoder_params_norm: 1264.551, Time: 1542.89 |
|Train : Update 81000. Negative ELBO : 1390.771, BCE: 193.035, KLD_latent: 4.996, KLD_decoder_params_norm: 1192.739, Time: 1562.00 |
|Train : Update 82000. Negative ELBO : 1318.415, BCE: 191.567, KLD_latent: 4.702, KLD_decoder_params_norm: 1122.146, Time: 1581.12 |
|Train : Update 83000. Negative ELBO : 1250.083, BCE: 192.562, KLD_latent: 4.604, KLD_decoder_params_norm: 1052.917, Time: 1600.23 |
|Train : Update 84000. Negative ELBO : 1183.746, BCE: 193.414, KLD_latent: 5.155, KLD_decoder_params_norm: 985.177, Time: 1619.35 |
|Train : Update 85000. Negative ELBO : 1116.572, BCE: 192.906, KLD_latent: 4.647, KLD_decoder_params_norm: 919.018, Time: 1638.48 |
|Train : Update 86000. Negative ELBO : 1051.850, BCE: 192.718, KLD_latent: 4.568, KLD_decoder_params_norm: 854.565, Time: 1657.65 |
|Train : Update 87000. Negative ELBO : 988.643, BCE: 192.049, KLD_latent: 4.622, KLD_decoder_params_norm: 791.972, Time: 1676.76 |
|Train : Update 88000. Negative ELBO : 929.766, BCE: 193.768, KLD_latent: 4.583, KLD_decoder_params_norm: 731.414, Time: 1695.88 |
|Train : Update 89000. Negative ELBO : 871.920, BCE: 194.237, KLD_latent: 4.568, KLD_decoder_params_norm: 673.114, Time: 1715.00 |
|Train : Update 90000. Negative ELBO : 817.544, BCE: 195.415, KLD_latent: 4.913, KLD_decoder_params_norm: 617.216, Time: 1734.12 |
|Train : Update 91000. Negative ELBO : 760.174, BCE: 191.802, KLD_latent: 4.459, KLD_decoder_params_norm: 563.913, Time: 1753.23 |
|Train : Update 92000. Negative ELBO : 713.069, BCE: 194.975, KLD_latent: 4.683, KLD_decoder_params_norm: 513.411, Time: 1772.35 |
|Train : Update 93000. Negative ELBO : 665.031, BCE: 194.539, KLD_latent: 4.568, KLD_decoder_params_norm: 465.924, Time: 1791.48 |
|Train : Update 94000. Negative ELBO : 620.702, BCE: 194.468, KLD_latent: 4.535, KLD_decoder_params_norm: 421.700, Time: 1810.60 |
|Train : Update 95000. Negative ELBO : 579.282, BCE: 194.036, KLD_latent: 4.344, KLD_decoder_params_norm: 380.902, Time: 1829.72 |
|Train : Update 96000. Negative ELBO : 542.271, BCE: 194.025, KLD_latent: 4.531, KLD_decoder_params_norm: 343.715, Time: 1848.86 |
|Train : Update 97000. Negative ELBO : 507.704, BCE: 192.872, KLD_latent: 4.453, KLD_decoder_params_norm: 310.379, Time: 1867.97 |
|Train : Update 98000. Negative ELBO : 480.116, BCE: 194.658, KLD_latent: 4.390, KLD_decoder_params_norm: 281.068, Time: 1887.09 |
|Train : Update 99000. Negative ELBO : 454.830, BCE: 194.636, KLD_latent: 4.335, KLD_decoder_params_norm: 255.859, Time: 1906.21 |
|Train : Update 100000. Negative ELBO : 432.329, BCE: 193.495, KLD_latent: 4.241, KLD_decoder_params_norm: 234.593, Time: 1925.34 |
|Train : Update 101000. Negative ELBO : 413.917, BCE: 192.551, KLD_latent: 4.246, KLD_decoder_params_norm: 217.120, Time: 1944.47 |
|Train : Update 102000. Negative ELBO : 404.796, BCE: 197.380, KLD_latent: 4.479, KLD_decoder_params_norm: 202.937, Time: 1963.63 |
|Train : Update 103000. Negative ELBO : 390.934, BCE: 195.335, KLD_latent: 4.317, KLD_decoder_params_norm: 191.282, Time: 1982.77 |
|Train : Update 104000. Negative ELBO : 381.336, BCE: 195.673, KLD_latent: 4.333, KLD_decoder_params_norm: 181.330, Time: 2001.89 |
|Train : Update 105000. Negative ELBO : 372.145, BCE: 195.390, KLD_latent: 4.233, KLD_decoder_params_norm: 172.523, Time: 2021.00 |
|Train : Update 106000. Negative ELBO : 366.712, BCE: 197.716, KLD_latent: 4.402, KLD_decoder_params_norm: 164.594, Time: 2040.12 |
|Train : Update 107000. Negative ELBO : 355.855, BCE: 194.220, KLD_latent: 4.310, KLD_decoder_params_norm: 157.325, Time: 2059.22 |
|Train : Update 108000. Negative ELBO : 351.378, BCE: 196.567, KLD_latent: 4.186, KLD_decoder_params_norm: 150.625, Time: 2078.34 |
|Train : Update 109000. Negative ELBO : 343.315, BCE: 194.728, KLD_latent: 4.164, KLD_decoder_params_norm: 144.424, Time: 2097.44 |
|Train : Update 110000. Negative ELBO : 339.696, BCE: 196.719, KLD_latent: 4.317, KLD_decoder_params_norm: 138.660, Time: 2116.53 |
|Train : Update 111000. Negative ELBO : 331.487, BCE: 194.086, KLD_latent: 4.135, KLD_decoder_params_norm: 133.266, Time: 2135.62 |
|Train : Update 112000. Negative ELBO : 326.388, BCE: 194.291, KLD_latent: 3.901, KLD_decoder_params_norm: 128.197, Time: 2154.70 |
|Train : Update 113000. Negative ELBO : 320.986, BCE: 193.364, KLD_latent: 4.195, KLD_decoder_params_norm: 123.427, Time: 2173.79 |
|Train : Update 114000. Negative ELBO : 317.135, BCE: 194.381, KLD_latent: 3.837, KLD_decoder_params_norm: 118.916, Time: 2192.88 |
|Train : Update 115000. Negative ELBO : 314.221, BCE: 195.580, KLD_latent: 3.998, KLD_decoder_params_norm: 114.643, Time: 2211.97 |
|Train : Update 116000. Negative ELBO : 312.380, BCE: 197.570, KLD_latent: 4.220, KLD_decoder_params_norm: 110.590, Time: 2231.05 |
|Train : Update 117000. Negative ELBO : 308.522, BCE: 197.499, KLD_latent: 4.266, KLD_decoder_params_norm: 106.758, Time: 2250.14 |
|Train : Update 118000. Negative ELBO : 305.927, BCE: 198.852, KLD_latent: 3.953, KLD_decoder_params_norm: 103.122, Time: 2269.23 |
|Train : Update 119000. Negative ELBO : 298.755, BCE: 194.978, KLD_latent: 4.133, KLD_decoder_params_norm: 99.643, Time: 2288.32 |
|Train : Update 120000. Negative ELBO : 295.207, BCE: 194.845, KLD_latent: 4.029, KLD_decoder_params_norm: 96.334, Time: 2307.41 |
|Train : Update 121000. Negative ELBO : 292.868, BCE: 195.528, KLD_latent: 4.163, KLD_decoder_params_norm: 93.177, Time: 2326.51 |
|Train : Update 122000. Negative ELBO : 289.454, BCE: 195.098, KLD_latent: 4.178, KLD_decoder_params_norm: 90.178, Time: 2345.61 |
|Train : Update 123000. Negative ELBO : 285.798, BCE: 194.763, KLD_latent: 3.732, KLD_decoder_params_norm: 87.303, Time: 2364.70 |
|Train : Update 124000. Negative ELBO : 283.461, BCE: 194.929, KLD_latent: 3.973, KLD_decoder_params_norm: 84.559, Time: 2383.79 |
|Train : Update 125000. Negative ELBO : 282.452, BCE: 196.352, KLD_latent: 4.166, KLD_decoder_params_norm: 81.934, Time: 2402.87 |
|Train : Update 126000. Negative ELBO : 280.912, BCE: 197.372, KLD_latent: 4.110, KLD_decoder_params_norm: 79.431, Time: 2421.98 |
|Train : Update 127000. Negative ELBO : 278.976, BCE: 197.879, KLD_latent: 4.061, KLD_decoder_params_norm: 77.037, Time: 2441.07 |
|Train : Update 128000. Negative ELBO : 274.919, BCE: 196.214, KLD_latent: 3.966, KLD_decoder_params_norm: 74.739, Time: 2460.16 |
|Train : Update 129000. Negative ELBO : 272.181, BCE: 195.712, KLD_latent: 3.927, KLD_decoder_params_norm: 72.542, Time: 2479.25 |
|Train : Update 130000. Negative ELBO : 273.319, BCE: 198.674, KLD_latent: 4.209, KLD_decoder_params_norm: 70.435, Time: 2498.35 |
|Train : Update 131000. Negative ELBO : 267.951, BCE: 195.665, KLD_latent: 3.872, KLD_decoder_params_norm: 68.413, Time: 2517.46 |
|Train : Update 132000. Negative ELBO : 265.675, BCE: 195.250, KLD_latent: 3.951, KLD_decoder_params_norm: 66.474, Time: 2536.57 |
|Train : Update 133000. Negative ELBO : 263.830, BCE: 195.442, KLD_latent: 3.770, KLD_decoder_params_norm: 64.617, Time: 2555.66 |
|Train : Update 134000. Negative ELBO : 262.150, BCE: 195.616, KLD_latent: 3.697, KLD_decoder_params_norm: 62.837, Time: 2574.75 |
|Train : Update 135000. Negative ELBO : 262.812, BCE: 197.565, KLD_latent: 4.120, KLD_decoder_params_norm: 61.127, Time: 2593.87 |
|Train : Update 136000. Negative ELBO : 259.523, BCE: 196.004, KLD_latent: 4.033, KLD_decoder_params_norm: 59.486, Time: 2612.97 |
|Train : Update 137000. Negative ELBO : 257.596, BCE: 195.985, KLD_latent: 3.703, KLD_decoder_params_norm: 57.908, Time: 2632.07 |
|Train : Update 138000. Negative ELBO : 258.661, BCE: 198.177, KLD_latent: 4.094, KLD_decoder_params_norm: 56.391, Time: 2651.14 |
|Train : Update 139000. Negative ELBO : 254.734, BCE: 196.012, KLD_latent: 3.791, KLD_decoder_params_norm: 54.930, Time: 2670.21 |
|Train : Update 140000. Negative ELBO : 253.006, BCE: 195.734, KLD_latent: 3.745, KLD_decoder_params_norm: 53.528, Time: 2689.29 |
|Train : Update 141000. Negative ELBO : 251.491, BCE: 195.743, KLD_latent: 3.572, KLD_decoder_params_norm: 52.177, Time: 2708.36 |
|Train : Update 142000. Negative ELBO : 252.455, BCE: 197.662, KLD_latent: 3.916, KLD_decoder_params_norm: 50.877, Time: 2727.43 |
|Train : Update 143000. Negative ELBO : 250.886, BCE: 197.205, KLD_latent: 4.055, KLD_decoder_params_norm: 49.627, Time: 2746.50 |
|Train : Update 144000. Negative ELBO : 247.793, BCE: 195.762, KLD_latent: 3.607, KLD_decoder_params_norm: 48.425, Time: 2765.59 |
|Train : Update 145000. Negative ELBO : 245.509, BCE: 194.597, KLD_latent: 3.647, KLD_decoder_params_norm: 47.265, Time: 2784.68 |
|Train : Update 146000. Negative ELBO : 246.043, BCE: 196.181, KLD_latent: 3.714, KLD_decoder_params_norm: 46.149, Time: 2803.75 |
|Train : Update 147000. Negative ELBO : 244.881, BCE: 195.848, KLD_latent: 3.962, KLD_decoder_params_norm: 45.070, Time: 2822.83 |
|Train : Update 148000. Negative ELBO : 244.147, BCE: 196.277, KLD_latent: 3.848, KLD_decoder_params_norm: 44.022, Time: 2841.91 |
|Train : Update 149000. Negative ELBO : 241.421, BCE: 194.508, KLD_latent: 3.897, KLD_decoder_params_norm: 43.017, Time: 2860.98 |
|Train : Update 150000. Negative ELBO : 243.000, BCE: 197.060, KLD_latent: 3.894, KLD_decoder_params_norm: 42.046, Time: 2880.06 |
|Train : Update 151000. Negative ELBO : 240.046, BCE: 195.397, KLD_latent: 3.536, KLD_decoder_params_norm: 41.114, Time: 2899.13 |
|Train : Update 152000. Negative ELBO : 240.920, BCE: 196.973, KLD_latent: 3.732, KLD_decoder_params_norm: 40.215, Time: 2918.21 |
|Train : Update 153000. Negative ELBO : 241.305, BCE: 198.046, KLD_latent: 3.912, KLD_decoder_params_norm: 39.348, Time: 2937.28 |
|Train : Update 154000. Negative ELBO : 236.919, BCE: 194.726, KLD_latent: 3.682, KLD_decoder_params_norm: 38.511, Time: 2956.34 |
|Train : Update 155000. Negative ELBO : 238.549, BCE: 197.163, KLD_latent: 3.679, KLD_decoder_params_norm: 37.707, Time: 2975.41 |
|Train : Update 156000. Negative ELBO : 236.096, BCE: 195.384, KLD_latent: 3.780, KLD_decoder_params_norm: 36.932, Time: 2994.46 |
|Train : Update 157000. Negative ELBO : 237.980, BCE: 198.293, KLD_latent: 3.507, KLD_decoder_params_norm: 36.180, Time: 3013.50 |
|Train : Update 158000. Negative ELBO : 235.358, BCE: 196.163, KLD_latent: 3.740, KLD_decoder_params_norm: 35.455, Time: 3032.56 |
|Train : Update 159000. Negative ELBO : 232.558, BCE: 194.100, KLD_latent: 3.706, KLD_decoder_params_norm: 34.753, Time: 3051.61 |
|Train : Update 160000. Negative ELBO : 234.654, BCE: 196.662, KLD_latent: 3.917, KLD_decoder_params_norm: 34.075, Time: 3070.70 |
|Train : Update 161000. Negative ELBO : 231.004, BCE: 193.998, KLD_latent: 3.586, KLD_decoder_params_norm: 33.419, Time: 3089.76 |
|Train : Update 162000. Negative ELBO : 232.263, BCE: 195.750, KLD_latent: 3.721, KLD_decoder_params_norm: 32.791, Time: 3108.84 |
|Train : Update 163000. Negative ELBO : 231.806, BCE: 195.977, KLD_latent: 3.645, KLD_decoder_params_norm: 32.183, Time: 3127.89 |
|Train : Update 164000. Negative ELBO : 233.761, BCE: 198.428, KLD_latent: 3.742, KLD_decoder_params_norm: 31.591, Time: 3146.96 |
|Train : Update 165000. Negative ELBO : 229.605, BCE: 194.988, KLD_latent: 3.602, KLD_decoder_params_norm: 31.016, Time: 3166.01 |
|Train : Update 166000. Negative ELBO : 229.974, BCE: 195.655, KLD_latent: 3.858, KLD_decoder_params_norm: 30.461, Time: 3185.06 |
|Train : Update 167000. Negative ELBO : 227.525, BCE: 193.974, KLD_latent: 3.626, KLD_decoder_params_norm: 29.926, Time: 3204.11 |
|Train : Update 168000. Negative ELBO : 230.540, BCE: 197.242, KLD_latent: 3.892, KLD_decoder_params_norm: 29.406, Time: 3223.17 |
|Train : Update 169000. Negative ELBO : 229.622, BCE: 196.773, KLD_latent: 3.948, KLD_decoder_params_norm: 28.901, Time: 3242.23 |
|Train : Update 170000. Negative ELBO : 226.955, BCE: 194.785, KLD_latent: 3.757, KLD_decoder_params_norm: 28.413, Time: 3261.29 |
|Train : Update 171000. Negative ELBO : 229.374, BCE: 197.554, KLD_latent: 3.881, KLD_decoder_params_norm: 27.939, Time: 3280.34 |
|Train : Update 172000. Negative ELBO : 230.292, BCE: 198.998, KLD_latent: 3.811, KLD_decoder_params_norm: 27.483, Time: 3299.39 |
|Train : Update 173000. Negative ELBO : 228.571, BCE: 197.595, KLD_latent: 3.936, KLD_decoder_params_norm: 27.040, Time: 3318.44 |
|Train : Update 174000. Negative ELBO : 227.170, BCE: 196.803, KLD_latent: 3.760, KLD_decoder_params_norm: 26.607, Time: 3337.49 |
|Train : Update 175000. Negative ELBO : 229.862, BCE: 199.823, KLD_latent: 3.851, KLD_decoder_params_norm: 26.189, Time: 3356.54 |
|Train : Update 176000. Negative ELBO : 229.065, BCE: 199.417, KLD_latent: 3.867, KLD_decoder_params_norm: 25.782, Time: 3375.60 |
|Train : Update 177000. Negative ELBO : 227.392, BCE: 198.219, KLD_latent: 3.786, KLD_decoder_params_norm: 25.387, Time: 3394.65 |
|Train : Update 178000. Negative ELBO : 222.004, BCE: 193.499, KLD_latent: 3.500, KLD_decoder_params_norm: 25.005, Time: 3413.70 |
|Train : Update 179000. Negative ELBO : 225.632, BCE: 197.272, KLD_latent: 3.725, KLD_decoder_params_norm: 24.634, Time: 3432.75 |
|Train : Update 180000. Negative ELBO : 223.484, BCE: 195.794, KLD_latent: 3.417, KLD_decoder_params_norm: 24.272, Time: 3451.81 |
|Train : Update 181000. Negative ELBO : 227.686, BCE: 199.769, KLD_latent: 3.993, KLD_decoder_params_norm: 23.924, Time: 3470.88 |
|Train : Update 182000. Negative ELBO : 222.780, BCE: 195.620, KLD_latent: 3.575, KLD_decoder_params_norm: 23.584, Time: 3489.93 |
|Train : Update 183000. Negative ELBO : 224.751, BCE: 197.908, KLD_latent: 3.591, KLD_decoder_params_norm: 23.252, Time: 3509.01 |
|Train : Update 184000. Negative ELBO : 224.603, BCE: 197.982, KLD_latent: 3.690, KLD_decoder_params_norm: 22.930, Time: 3528.06 |
|Train : Update 185000. Negative ELBO : 221.206, BCE: 194.738, KLD_latent: 3.848, KLD_decoder_params_norm: 22.620, Time: 3547.10 |
|Train : Update 186000. Negative ELBO : 223.700, BCE: 197.579, KLD_latent: 3.803, KLD_decoder_params_norm: 22.318, Time: 3566.17 |
|Train : Update 187000. Negative ELBO : 221.626, BCE: 196.044, KLD_latent: 3.558, KLD_decoder_params_norm: 22.024, Time: 3585.23 |
|Train : Update 188000. Negative ELBO : 221.183, BCE: 195.852, KLD_latent: 3.592, KLD_decoder_params_norm: 21.739, Time: 3604.28 |
|Train : Update 189000. Negative ELBO : 221.310, BCE: 196.113, KLD_latent: 3.738, KLD_decoder_params_norm: 21.459, Time: 3623.34 |
|Train : Update 190000. Negative ELBO : 220.046, BCE: 195.247, KLD_latent: 3.612, KLD_decoder_params_norm: 21.187, Time: 3642.42 |
|Train : Update 191000. Negative ELBO : 222.502, BCE: 197.747, KLD_latent: 3.831, KLD_decoder_params_norm: 20.925, Time: 3661.47 |
|Train : Update 192000. Negative ELBO : 223.889, BCE: 199.450, KLD_latent: 3.772, KLD_decoder_params_norm: 20.667, Time: 3680.52 |
|Train : Update 193000. Negative ELBO : 221.668, BCE: 197.615, KLD_latent: 3.637, KLD_decoder_params_norm: 20.415, Time: 3699.58 |
|Train : Update 194000. Negative ELBO : 224.047, BCE: 199.977, KLD_latent: 3.899, KLD_decoder_params_norm: 20.172, Time: 3718.63 |
|Train : Update 195000. Negative ELBO : 222.630, BCE: 198.962, KLD_latent: 3.732, KLD_decoder_params_norm: 19.936, Time: 3737.68 |
|Train : Update 196000. Negative ELBO : 220.875, BCE: 197.399, KLD_latent: 3.771, KLD_decoder_params_norm: 19.705, Time: 3756.73 |
|Train : Update 197000. Negative ELBO : 221.717, BCE: 198.605, KLD_latent: 3.630, KLD_decoder_params_norm: 19.481, Time: 3775.79 |
|Train : Update 198000. Negative ELBO : 219.872, BCE: 196.943, KLD_latent: 3.669, KLD_decoder_params_norm: 19.260, Time: 3794.84 |
|Train : Update 199000. Negative ELBO : 219.617, BCE: 197.024, KLD_latent: 3.548, KLD_decoder_params_norm: 19.045, Time: 3813.89 |
|Train : Update 200000. Negative ELBO : 219.067, BCE: 196.632, KLD_latent: 3.600, KLD_decoder_params_norm: 18.835, Time: 3832.94 |
|Train : Update 201000. Negative ELBO : 219.660, BCE: 197.278, KLD_latent: 3.750, KLD_decoder_params_norm: 18.631, Time: 3852.05 |
|Train : Update 202000. Negative ELBO : 217.018, BCE: 195.083, KLD_latent: 3.505, KLD_decoder_params_norm: 18.431, Time: 3871.11 |
|Train : Update 203000. Negative ELBO : 219.323, BCE: 197.330, KLD_latent: 3.757, KLD_decoder_params_norm: 18.236, Time: 3890.17 |
|Train : Update 204000. Negative ELBO : 215.566, BCE: 193.907, KLD_latent: 3.615, KLD_decoder_params_norm: 18.044, Time: 3909.22 |
|Train : Update 205000. Negative ELBO : 216.408, BCE: 195.013, KLD_latent: 3.536, KLD_decoder_params_norm: 17.859, Time: 3928.28 |
|Train : Update 206000. Negative ELBO : 217.085, BCE: 196.036, KLD_latent: 3.371, KLD_decoder_params_norm: 17.677, Time: 3947.36 |
|Train : Update 207000. Negative ELBO : 217.283, BCE: 196.139, KLD_latent: 3.643, KLD_decoder_params_norm: 17.501, Time: 3966.44 |
|Train : Update 208000. Negative ELBO : 217.692, BCE: 196.804, KLD_latent: 3.560, KLD_decoder_params_norm: 17.328, Time: 3985.49 |
|Train : Update 209000. Negative ELBO : 217.409, BCE: 196.754, KLD_latent: 3.496, KLD_decoder_params_norm: 17.158, Time: 4004.56 |
|Train : Update 210000. Negative ELBO : 218.006, BCE: 197.242, KLD_latent: 3.772, KLD_decoder_params_norm: 16.992, Time: 4023.60 |
|Train : Update 211000. Negative ELBO : 216.269, BCE: 195.868, KLD_latent: 3.570, KLD_decoder_params_norm: 16.832, Time: 4042.66 |
|Train : Update 212000. Negative ELBO : 218.459, BCE: 198.231, KLD_latent: 3.552, KLD_decoder_params_norm: 16.675, Time: 4061.72 |
|Train : Update 213000. Negative ELBO : 216.469, BCE: 196.371, KLD_latent: 3.575, KLD_decoder_params_norm: 16.523, Time: 4080.77 |
|Train : Update 214000. Negative ELBO : 215.887, BCE: 195.994, KLD_latent: 3.521, KLD_decoder_params_norm: 16.372, Time: 4099.85 |
|Train : Update 215000. Negative ELBO : 215.643, BCE: 196.009, KLD_latent: 3.407, KLD_decoder_params_norm: 16.226, Time: 4118.92 |
|Train : Update 216000. Negative ELBO : 218.547, BCE: 198.735, KLD_latent: 3.728, KLD_decoder_params_norm: 16.084, Time: 4137.97 |
|Train : Update 217000. Negative ELBO : 215.253, BCE: 195.718, KLD_latent: 3.592, KLD_decoder_params_norm: 15.943, Time: 4157.03 |
|Train : Update 218000. Negative ELBO : 215.655, BCE: 196.259, KLD_latent: 3.591, KLD_decoder_params_norm: 15.806, Time: 4176.07 |
|Train : Update 219000. Negative ELBO : 215.055, BCE: 195.878, KLD_latent: 3.505, KLD_decoder_params_norm: 15.673, Time: 4195.13 |
|Train : Update 220000. Negative ELBO : 216.439, BCE: 197.426, KLD_latent: 3.470, KLD_decoder_params_norm: 15.542, Time: 4214.21 |
|Train : Update 221000. Negative ELBO : 219.072, BCE: 199.800, KLD_latent: 3.858, KLD_decoder_params_norm: 15.414, Time: 4233.29 |
|Train : Update 222000. Negative ELBO : 215.612, BCE: 196.827, KLD_latent: 3.497, KLD_decoder_params_norm: 15.288, Time: 4252.33 |
|Train : Update 223000. Negative ELBO : 213.921, BCE: 195.310, KLD_latent: 3.445, KLD_decoder_params_norm: 15.166, Time: 4271.38 |
|Train : Update 224000. Negative ELBO : 214.778, BCE: 196.253, KLD_latent: 3.479, KLD_decoder_params_norm: 15.046, Time: 4290.42 |
|Train : Update 225000. Negative ELBO : 216.277, BCE: 197.565, KLD_latent: 3.784, KLD_decoder_params_norm: 14.929, Time: 4309.47 |
|Train : Update 226000. Negative ELBO : 213.882, BCE: 195.616, KLD_latent: 3.452, KLD_decoder_params_norm: 14.814, Time: 4328.52 |
|Train : Update 227000. Negative ELBO : 215.462, BCE: 197.241, KLD_latent: 3.520, KLD_decoder_params_norm: 14.700, Time: 4347.57 |
|Train : Update 228000. Negative ELBO : 211.869, BCE: 193.762, KLD_latent: 3.519, KLD_decoder_params_norm: 14.589, Time: 4366.63 |
|Train : Update 229000. Negative ELBO : 216.568, BCE: 198.401, KLD_latent: 3.688, KLD_decoder_params_norm: 14.478, Time: 4385.68 |
|Train : Update 230000. Negative ELBO : 214.051, BCE: 196.217, KLD_latent: 3.462, KLD_decoder_params_norm: 14.372, Time: 4404.74 |
|Train : Update 231000. Negative ELBO : 211.988, BCE: 194.237, KLD_latent: 3.485, KLD_decoder_params_norm: 14.267, Time: 4423.81 |
|Train : Update 232000. Negative ELBO : 213.988, BCE: 196.213, KLD_latent: 3.611, KLD_decoder_params_norm: 14.164, Time: 4442.90 |
|Train : Update 233000. Negative ELBO : 213.658, BCE: 195.970, KLD_latent: 3.624, KLD_decoder_params_norm: 14.063, Time: 4461.97 |
|Train : Update 234000. Negative ELBO : 215.979, BCE: 198.217, KLD_latent: 3.798, KLD_decoder_params_norm: 13.964, Time: 4481.05 |
|Train : Update 235000. Negative ELBO : 214.777, BCE: 197.330, KLD_latent: 3.578, KLD_decoder_params_norm: 13.869, Time: 4500.15 |
|Train : Update 236000. Negative ELBO : 214.674, BCE: 197.096, KLD_latent: 3.804, KLD_decoder_params_norm: 13.774, Time: 4519.23 |
|Train : Update 237000. Negative ELBO : 212.841, BCE: 195.641, KLD_latent: 3.517, KLD_decoder_params_norm: 13.682, Time: 4538.31 |
|Train : Update 238000. Negative ELBO : 211.922, BCE: 194.833, KLD_latent: 3.498, KLD_decoder_params_norm: 13.590, Time: 4557.38 |
|Train : Update 239000. Negative ELBO : 211.024, BCE: 194.184, KLD_latent: 3.339, KLD_decoder_params_norm: 13.500, Time: 4576.48 |
|Train : Update 240000. Negative ELBO : 215.390, BCE: 198.261, KLD_latent: 3.717, KLD_decoder_params_norm: 13.412, Time: 4595.55 |
|Train : Update 241000. Negative ELBO : 212.733, BCE: 195.899, KLD_latent: 3.509, KLD_decoder_params_norm: 13.325, Time: 4614.64 |
|Train : Update 242000. Negative ELBO : 213.722, BCE: 196.917, KLD_latent: 3.565, KLD_decoder_params_norm: 13.240, Time: 4633.71 |
|Train : Update 243000. Negative ELBO : 213.442, BCE: 196.730, KLD_latent: 3.554, KLD_decoder_params_norm: 13.159, Time: 4652.80 |
|Train : Update 244000. Negative ELBO : 216.337, BCE: 199.352, KLD_latent: 3.909, KLD_decoder_params_norm: 13.075, Time: 4671.87 |
|Train : Update 245000. Negative ELBO : 211.534, BCE: 195.137, KLD_latent: 3.403, KLD_decoder_params_norm: 12.994, Time: 4690.95 |
|Train : Update 246000. Negative ELBO : 211.659, BCE: 195.260, KLD_latent: 3.483, KLD_decoder_params_norm: 12.915, Time: 4710.03 |
|Train : Update 247000. Negative ELBO : 212.643, BCE: 196.279, KLD_latent: 3.527, KLD_decoder_params_norm: 12.836, Time: 4729.12 |
|Train : Update 248000. Negative ELBO : 214.167, BCE: 197.608, KLD_latent: 3.798, KLD_decoder_params_norm: 12.761, Time: 4748.19 |
|Train : Update 249000. Negative ELBO : 212.630, BCE: 196.452, KLD_latent: 3.492, KLD_decoder_params_norm: 12.687, Time: 4767.35 |
|Train : Update 250000. Negative ELBO : 211.646, BCE: 195.437, KLD_latent: 3.596, KLD_decoder_params_norm: 12.613, Time: 4786.43 |
|Train : Update 251000. Negative ELBO : 213.872, BCE: 197.687, KLD_latent: 3.644, KLD_decoder_params_norm: 12.542, Time: 4805.53 |
|Train : Update 252000. Negative ELBO : 212.116, BCE: 196.304, KLD_latent: 3.341, KLD_decoder_params_norm: 12.471, Time: 4824.62 |
|Train : Update 253000. Negative ELBO : 212.702, BCE: 196.741, KLD_latent: 3.560, KLD_decoder_params_norm: 12.402, Time: 4843.70 |
|Train : Update 254000. Negative ELBO : 211.082, BCE: 195.343, KLD_latent: 3.407, KLD_decoder_params_norm: 12.332, Time: 4862.77 |
|Train : Update 255000. Negative ELBO : 212.191, BCE: 196.468, KLD_latent: 3.458, KLD_decoder_params_norm: 12.265, Time: 4881.92 |
|Train : Update 256000. Negative ELBO : 213.575, BCE: 197.615, KLD_latent: 3.761, KLD_decoder_params_norm: 12.199, Time: 4901.02 |
|Train : Update 257000. Negative ELBO : 214.009, BCE: 198.207, KLD_latent: 3.668, KLD_decoder_params_norm: 12.134, Time: 4920.10 |
|Train : Update 258000. Negative ELBO : 209.717, BCE: 194.331, KLD_latent: 3.316, KLD_decoder_params_norm: 12.070, Time: 4939.19 |
|Train : Update 259000. Negative ELBO : 210.225, BCE: 194.918, KLD_latent: 3.300, KLD_decoder_params_norm: 12.007, Time: 4958.27 |
|Train : Update 260000. Negative ELBO : 213.207, BCE: 197.774, KLD_latent: 3.489, KLD_decoder_params_norm: 11.945, Time: 4977.38 |
|Train : Update 261000. Negative ELBO : 211.282, BCE: 195.871, KLD_latent: 3.525, KLD_decoder_params_norm: 11.885, Time: 4996.46 |
|Train : Update 262000. Negative ELBO : 211.243, BCE: 195.904, KLD_latent: 3.513, KLD_decoder_params_norm: 11.826, Time: 5015.57 |
|Train : Update 263000. Negative ELBO : 210.952, BCE: 195.683, KLD_latent: 3.501, KLD_decoder_params_norm: 11.768, Time: 5034.65 |
|Train : Update 264000. Negative ELBO : 210.744, BCE: 195.556, KLD_latent: 3.478, KLD_decoder_params_norm: 11.711, Time: 5053.75 |
|Train : Update 265000. Negative ELBO : 214.196, BCE: 198.867, KLD_latent: 3.675, KLD_decoder_params_norm: 11.654, Time: 5072.83 |
|Train : Update 266000. Negative ELBO : 211.031, BCE: 195.993, KLD_latent: 3.440, KLD_decoder_params_norm: 11.598, Time: 5091.92 |
|Train : Update 267000. Negative ELBO : 210.072, BCE: 195.050, KLD_latent: 3.479, KLD_decoder_params_norm: 11.543, Time: 5111.01 |
|Train : Update 268000. Negative ELBO : 210.609, BCE: 195.647, KLD_latent: 3.474, KLD_decoder_params_norm: 11.489, Time: 5130.10 |
|Train : Update 269000. Negative ELBO : 211.507, BCE: 196.616, KLD_latent: 3.456, KLD_decoder_params_norm: 11.435, Time: 5149.17 |
|Train : Update 270000. Negative ELBO : 211.974, BCE: 196.998, KLD_latent: 3.595, KLD_decoder_params_norm: 11.382, Time: 5168.29 |
|Train : Update 271000. Negative ELBO : 210.532, BCE: 195.714, KLD_latent: 3.488, KLD_decoder_params_norm: 11.330, Time: 5187.37 |
|Train : Update 272000. Negative ELBO : 211.639, BCE: 196.879, KLD_latent: 3.482, KLD_decoder_params_norm: 11.278, Time: 5206.47 |
|Train : Update 273000. Negative ELBO : 212.999, BCE: 198.283, KLD_latent: 3.487, KLD_decoder_params_norm: 11.229, Time: 5225.55 |
|Train : Update 274000. Negative ELBO : 212.564, BCE: 197.700, KLD_latent: 3.683, KLD_decoder_params_norm: 11.182, Time: 5244.63 |
|Train : Update 275000. Negative ELBO : 209.925, BCE: 195.395, KLD_latent: 3.398, KLD_decoder_params_norm: 11.132, Time: 5263.70 |
|Train : Update 276000. Negative ELBO : 212.427, BCE: 197.566, KLD_latent: 3.778, KLD_decoder_params_norm: 11.083, Time: 5282.83 |
|Train : Update 277000. Negative ELBO : 211.703, BCE: 197.217, KLD_latent: 3.450, KLD_decoder_params_norm: 11.036, Time: 5301.90 |
|Train : Update 278000. Negative ELBO : 211.172, BCE: 196.426, KLD_latent: 3.756, KLD_decoder_params_norm: 10.990, Time: 5320.99 |
|Train : Update 279000. Negative ELBO : 211.244, BCE: 196.868, KLD_latent: 3.432, KLD_decoder_params_norm: 10.945, Time: 5340.09 |
|Train : Update 280000. Negative ELBO : 212.676, BCE: 198.019, KLD_latent: 3.758, KLD_decoder_params_norm: 10.899, Time: 5359.17 |
|Train : Update 281000. Negative ELBO : 210.759, BCE: 196.205, KLD_latent: 3.700, KLD_decoder_params_norm: 10.854, Time: 5378.28 |
|Train : Update 282000. Negative ELBO : 212.051, BCE: 197.661, KLD_latent: 3.579, KLD_decoder_params_norm: 10.811, Time: 5397.37 |
|Train : Update 283000. Negative ELBO : 212.724, BCE: 198.266, KLD_latent: 3.690, KLD_decoder_params_norm: 10.768, Time: 5416.45 |
|Train : Update 284000. Negative ELBO : 211.077, BCE: 196.716, KLD_latent: 3.634, KLD_decoder_params_norm: 10.726, Time: 5435.53 |
|Train : Update 285000. Negative ELBO : 209.761, BCE: 195.616, KLD_latent: 3.460, KLD_decoder_params_norm: 10.685, Time: 5454.63 |
|Train : Update 286000. Negative ELBO : 209.762, BCE: 195.661, KLD_latent: 3.458, KLD_decoder_params_norm: 10.643, Time: 5473.71 |
|Train : Update 287000. Negative ELBO : 212.629, BCE: 198.313, KLD_latent: 3.712, KLD_decoder_params_norm: 10.603, Time: 5492.80 |
|Train : Update 288000. Negative ELBO : 210.316, BCE: 196.237, KLD_latent: 3.516, KLD_decoder_params_norm: 10.563, Time: 5511.90 |
|Train : Update 289000. Negative ELBO : 209.733, BCE: 195.656, KLD_latent: 3.553, KLD_decoder_params_norm: 10.524, Time: 5530.98 |
|Train : Update 290000. Negative ELBO : 209.425, BCE: 195.494, KLD_latent: 3.446, KLD_decoder_params_norm: 10.484, Time: 5550.11 |
|Train : Update 291000. Negative ELBO : 208.001, BCE: 194.242, KLD_latent: 3.312, KLD_decoder_params_norm: 10.446, Time: 5569.19 |
|Train : Update 292000. Negative ELBO : 208.142, BCE: 194.273, KLD_latent: 3.461, KLD_decoder_params_norm: 10.408, Time: 5588.27 |
|Train : Update 293000. Negative ELBO : 209.237, BCE: 195.424, KLD_latent: 3.442, KLD_decoder_params_norm: 10.371, Time: 5607.36 |
|Train : Update 294000. Negative ELBO : 212.852, BCE: 198.896, KLD_latent: 3.623, KLD_decoder_params_norm: 10.333, Time: 5626.53 |
|Train : Update 295000. Negative ELBO : 211.270, BCE: 197.329, KLD_latent: 3.644, KLD_decoder_params_norm: 10.298, Time: 5645.67 |
|Train : Update 296000. Negative ELBO : 211.061, BCE: 197.273, KLD_latent: 3.526, KLD_decoder_params_norm: 10.262, Time: 5664.84 |
|Train : Update 297000. Negative ELBO : 216.917, BCE: 202.721, KLD_latent: 3.969, KLD_decoder_params_norm: 10.227, Time: 5684.03 |
|Train : Update 298000. Negative ELBO : 213.024, BCE: 199.029, KLD_latent: 3.802, KLD_decoder_params_norm: 10.193, Time: 5703.17 |
|Train : Update 299000. Negative ELBO : 213.600, BCE: 199.611, KLD_latent: 3.830, KLD_decoder_params_norm: 10.159, Time: 5722.32 |
|Train : Update 300000. Negative ELBO : 210.643, BCE: 196.761, KLD_latent: 3.757, KLD_decoder_params_norm: 10.124, Time: 5741.46 |
|Train : Update 301000. Negative ELBO : 209.872, BCE: 196.393, KLD_latent: 3.389, KLD_decoder_params_norm: 10.091, Time: 5760.60 |
|Train : Update 302000. Negative ELBO : 210.045, BCE: 196.515, KLD_latent: 3.472, KLD_decoder_params_norm: 10.058, Time: 5779.74 |
|Train : Update 303000. Negative ELBO : 210.904, BCE: 197.428, KLD_latent: 3.451, KLD_decoder_params_norm: 10.024, Time: 5798.88 |
|Train : Update 304000. Negative ELBO : 210.552, BCE: 196.935, KLD_latent: 3.624, KLD_decoder_params_norm: 9.992, Time: 5818.03 |
|Train : Update 305000. Negative ELBO : 208.445, BCE: 194.967, KLD_latent: 3.518, KLD_decoder_params_norm: 9.961, Time: 5837.19 |
|Train : Update 306000. Negative ELBO : 206.904, BCE: 193.560, KLD_latent: 3.416, KLD_decoder_params_norm: 9.928, Time: 5856.34 |
|Train : Update 307000. Negative ELBO : 209.541, BCE: 196.119, KLD_latent: 3.526, KLD_decoder_params_norm: 9.896, Time: 5875.48 |
|Train : Update 308000. Negative ELBO : 207.745, BCE: 194.571, KLD_latent: 3.308, KLD_decoder_params_norm: 9.867, Time: 5894.63 |
|Train : Update 309000. Negative ELBO : 208.723, BCE: 195.419, KLD_latent: 3.469, KLD_decoder_params_norm: 9.836, Time: 5913.80 |
|Train : Update 310000. Negative ELBO : 208.745, BCE: 195.503, KLD_latent: 3.434, KLD_decoder_params_norm: 9.808, Time: 5932.94 |
|Train : Update 311000. Negative ELBO : 209.427, BCE: 196.106, KLD_latent: 3.544, KLD_decoder_params_norm: 9.777, Time: 5952.09 |
|Train : Update 312000. Negative ELBO : 207.895, BCE: 194.710, KLD_latent: 3.436, KLD_decoder_params_norm: 9.749, Time: 5971.24 |
|Train : Update 313000. Negative ELBO : 208.383, BCE: 195.157, KLD_latent: 3.505, KLD_decoder_params_norm: 9.721, Time: 5990.38 |
|Train : Update 314000. Negative ELBO : 209.597, BCE: 196.512, KLD_latent: 3.393, KLD_decoder_params_norm: 9.693, Time: 6009.53 |
|Train : Update 315000. Negative ELBO : 208.642, BCE: 195.508, KLD_latent: 3.470, KLD_decoder_params_norm: 9.665, Time: 6028.67 |
|Train : Update 316000. Negative ELBO : 209.544, BCE: 196.365, KLD_latent: 3.542, KLD_decoder_params_norm: 9.637, Time: 6047.81 |
|Train : Update 317000. Negative ELBO : 212.032, BCE: 198.749, KLD_latent: 3.674, KLD_decoder_params_norm: 9.610, Time: 6066.97 |
|Train : Update 318000. Negative ELBO : 207.858, BCE: 194.717, KLD_latent: 3.558, KLD_decoder_params_norm: 9.583, Time: 6086.12 |
|Train : Update 319000. Negative ELBO : 209.987, BCE: 196.944, KLD_latent: 3.487, KLD_decoder_params_norm: 9.556, Time: 6105.26 |
|Train : Update 320000. Negative ELBO : 208.225, BCE: 195.386, KLD_latent: 3.309, KLD_decoder_params_norm: 9.529, Time: 6124.41 |
|Train : Update 321000. Negative ELBO : 210.743, BCE: 197.577, KLD_latent: 3.664, KLD_decoder_params_norm: 9.503, Time: 6143.56 |
|Train : Update 322000. Negative ELBO : 208.012, BCE: 195.037, KLD_latent: 3.499, KLD_decoder_params_norm: 9.477, Time: 6162.71 |
|Train : Update 323000. Negative ELBO : 212.184, BCE: 199.112, KLD_latent: 3.622, KLD_decoder_params_norm: 9.450, Time: 6181.89 |
|Train : Update 324000. Negative ELBO : 213.075, BCE: 199.940, KLD_latent: 3.710, KLD_decoder_params_norm: 9.425, Time: 6201.05 |
|Train : Update 325000. Negative ELBO : 210.090, BCE: 197.199, KLD_latent: 3.491, KLD_decoder_params_norm: 9.400, Time: 6220.19 |
|Train : Update 326000. Negative ELBO : 209.169, BCE: 196.385, KLD_latent: 3.410, KLD_decoder_params_norm: 9.375, Time: 6239.35 |
|Train : Update 327000. Negative ELBO : 210.958, BCE: 198.006, KLD_latent: 3.602, KLD_decoder_params_norm: 9.350, Time: 6258.52 |
|Train : Update 328000. Negative ELBO : 207.316, BCE: 194.494, KLD_latent: 3.496, KLD_decoder_params_norm: 9.326, Time: 6277.63 |
|Train : Update 329000. Negative ELBO : 209.336, BCE: 196.520, KLD_latent: 3.515, KLD_decoder_params_norm: 9.301, Time: 6296.73 |
|Train : Update 330000. Negative ELBO : 208.086, BCE: 195.245, KLD_latent: 3.563, KLD_decoder_params_norm: 9.277, Time: 6315.86 |
|Train : Update 331000. Negative ELBO : 209.633, BCE: 196.832, KLD_latent: 3.548, KLD_decoder_params_norm: 9.254, Time: 6334.98 |
|Train : Update 332000. Negative ELBO : 208.088, BCE: 195.349, KLD_latent: 3.509, KLD_decoder_params_norm: 9.230, Time: 6354.06 |
|Train : Update 333000. Negative ELBO : 208.636, BCE: 195.758, KLD_latent: 3.671, KLD_decoder_params_norm: 9.207, Time: 6373.15 |
|Train : Update 334000. Negative ELBO : 207.871, BCE: 195.291, KLD_latent: 3.396, KLD_decoder_params_norm: 9.184, Time: 6392.22 |
|Train : Update 335000. Negative ELBO : 210.355, BCE: 197.459, KLD_latent: 3.735, KLD_decoder_params_norm: 9.161, Time: 6411.32 |
|Train : Update 336000. Negative ELBO : 212.116, BCE: 199.279, KLD_latent: 3.698, KLD_decoder_params_norm: 9.139, Time: 6430.40 |
|Train : Update 337000. Negative ELBO : 205.938, BCE: 193.468, KLD_latent: 3.352, KLD_decoder_params_norm: 9.117, Time: 6449.50 |
|Train : Update 338000. Negative ELBO : 206.931, BCE: 194.278, KLD_latent: 3.558, KLD_decoder_params_norm: 9.095, Time: 6468.60 |
|Train : Update 339000. Negative ELBO : 207.399, BCE: 194.906, KLD_latent: 3.420, KLD_decoder_params_norm: 9.073, Time: 6487.68 |
|Train : Update 340000. Negative ELBO : 206.737, BCE: 194.420, KLD_latent: 3.266, KLD_decoder_params_norm: 9.051, Time: 6506.76 |
|Train : Update 341000. Negative ELBO : 206.725, BCE: 194.317, KLD_latent: 3.377, KLD_decoder_params_norm: 9.031, Time: 6525.87 |
|Train : Update 342000. Negative ELBO : 207.734, BCE: 195.137, KLD_latent: 3.587, KLD_decoder_params_norm: 9.010, Time: 6544.99 |
|Train : Update 343000. Negative ELBO : 208.424, BCE: 196.002, KLD_latent: 3.433, KLD_decoder_params_norm: 8.989, Time: 6564.11 |
|Train : Update 344000. Negative ELBO : 206.691, BCE: 194.394, KLD_latent: 3.329, KLD_decoder_params_norm: 8.968, Time: 6583.19 |
|Train : Update 345000. Negative ELBO : 213.918, BCE: 201.265, KLD_latent: 3.705, KLD_decoder_params_norm: 8.948, Time: 6602.28 |
|Train : Update 346000. Negative ELBO : 205.004, BCE: 192.765, KLD_latent: 3.312, KLD_decoder_params_norm: 8.927, Time: 6621.35 |
|Train : Update 347000. Negative ELBO : 214.147, BCE: 201.456, KLD_latent: 3.782, KLD_decoder_params_norm: 8.908, Time: 6640.43 |
|Train : Update 348000. Negative ELBO : 209.136, BCE: 196.771, KLD_latent: 3.477, KLD_decoder_params_norm: 8.888, Time: 6659.54 |
|Train : Update 349000. Negative ELBO : 210.083, BCE: 197.711, KLD_latent: 3.504, KLD_decoder_params_norm: 8.868, Time: 6678.62 |
|Train : Update 350000. Negative ELBO : 209.878, BCE: 197.405, KLD_latent: 3.623, KLD_decoder_params_norm: 8.849, Time: 6697.74 |
|Train : Update 351000. Negative ELBO : 210.335, BCE: 198.072, KLD_latent: 3.433, KLD_decoder_params_norm: 8.831, Time: 6716.84 |
|Train : Update 352000. Negative ELBO : 208.712, BCE: 196.487, KLD_latent: 3.412, KLD_decoder_params_norm: 8.812, Time: 6735.95 |
|Train : Update 353000. Negative ELBO : 209.585, BCE: 197.229, KLD_latent: 3.564, KLD_decoder_params_norm: 8.792, Time: 6755.03 |
|Train : Update 354000. Negative ELBO : 209.192, BCE: 196.972, KLD_latent: 3.446, KLD_decoder_params_norm: 8.774, Time: 6774.12 |
|Train : Update 355000. Negative ELBO : 209.890, BCE: 197.595, KLD_latent: 3.539, KLD_decoder_params_norm: 8.755, Time: 6793.20 |
|Train : Update 356000. Negative ELBO : 210.519, BCE: 198.329, KLD_latent: 3.454, KLD_decoder_params_norm: 8.737, Time: 6812.28 |
|Train : Update 357000. Negative ELBO : 210.596, BCE: 198.243, KLD_latent: 3.635, KLD_decoder_params_norm: 8.718, Time: 6831.39 |
|Train : Update 358000. Negative ELBO : 209.036, BCE: 196.725, KLD_latent: 3.610, KLD_decoder_params_norm: 8.701, Time: 6850.50 |
|Train : Update 359000. Negative ELBO : 208.061, BCE: 195.911, KLD_latent: 3.467, KLD_decoder_params_norm: 8.683, Time: 6869.59 |
|Train : Update 360000. Negative ELBO : 209.202, BCE: 196.971, KLD_latent: 3.565, KLD_decoder_params_norm: 8.666, Time: 6888.68 |
|Train : Update 361000. Negative ELBO : 210.301, BCE: 198.059, KLD_latent: 3.594, KLD_decoder_params_norm: 8.648, Time: 6907.78 |
|Train : Update 362000. Negative ELBO : 205.506, BCE: 193.497, KLD_latent: 3.379, KLD_decoder_params_norm: 8.630, Time: 6926.86 |
|Train : Update 363000. Negative ELBO : 209.512, BCE: 197.434, KLD_latent: 3.465, KLD_decoder_params_norm: 8.612, Time: 6945.95 |
|Train : Update 364000. Negative ELBO : 208.664, BCE: 196.464, KLD_latent: 3.605, KLD_decoder_params_norm: 8.596, Time: 6965.02 |
|Train : Update 365000. Negative ELBO : 206.461, BCE: 194.378, KLD_latent: 3.503, KLD_decoder_params_norm: 8.580, Time: 6984.11 |
|Train : Update 366000. Negative ELBO : 210.901, BCE: 198.544, KLD_latent: 3.795, KLD_decoder_params_norm: 8.563, Time: 7003.20 |
|Train : Update 367000. Negative ELBO : 207.792, BCE: 195.546, KLD_latent: 3.700, KLD_decoder_params_norm: 8.546, Time: 7022.29 |
|Train : Update 368000. Negative ELBO : 208.397, BCE: 196.410, KLD_latent: 3.459, KLD_decoder_params_norm: 8.529, Time: 7041.39 |
|Train : Update 369000. Negative ELBO : 211.400, BCE: 199.474, KLD_latent: 3.415, KLD_decoder_params_norm: 8.511, Time: 7060.47 |
|Train : Update 370000. Negative ELBO : 207.475, BCE: 195.604, KLD_latent: 3.378, KLD_decoder_params_norm: 8.494, Time: 7079.58 |
|Train : Update 371000. Negative ELBO : 209.224, BCE: 197.149, KLD_latent: 3.598, KLD_decoder_params_norm: 8.477, Time: 7098.67 |
|Train : Update 372000. Negative ELBO : 209.738, BCE: 197.618, KLD_latent: 3.659, KLD_decoder_params_norm: 8.460, Time: 7117.76 |
|Train : Update 373000. Negative ELBO : 207.830, BCE: 195.857, KLD_latent: 3.529, KLD_decoder_params_norm: 8.444, Time: 7136.84 |
|Train : Update 374000. Negative ELBO : 210.092, BCE: 198.022, KLD_latent: 3.641, KLD_decoder_params_norm: 8.428, Time: 7155.92 |
|Train : Update 375000. Negative ELBO : 208.549, BCE: 196.468, KLD_latent: 3.668, KLD_decoder_params_norm: 8.413, Time: 7175.01 |
|Train : Update 376000. Negative ELBO : 206.550, BCE: 194.603, KLD_latent: 3.550, KLD_decoder_params_norm: 8.397, Time: 7194.08 |
|Train : Update 377000. Negative ELBO : 212.409, BCE: 200.221, KLD_latent: 3.807, KLD_decoder_params_norm: 8.381, Time: 7213.17 |
|Train : Update 378000. Negative ELBO : 211.440, BCE: 199.418, KLD_latent: 3.654, KLD_decoder_params_norm: 8.367, Time: 7232.27 |
|Train : Update 379000. Negative ELBO : 209.534, BCE: 197.506, KLD_latent: 3.676, KLD_decoder_params_norm: 8.352, Time: 7251.36 |
|Train : Update 380000. Negative ELBO : 206.404, BCE: 194.550, KLD_latent: 3.517, KLD_decoder_params_norm: 8.336, Time: 7270.44 |
|Train : Update 381000. Negative ELBO : 207.013, BCE: 195.176, KLD_latent: 3.515, KLD_decoder_params_norm: 8.322, Time: 7289.53 |
|Train : Update 382000. Negative ELBO : 206.649, BCE: 194.802, KLD_latent: 3.540, KLD_decoder_params_norm: 8.307, Time: 7308.61 |
|Train : Update 383000. Negative ELBO : 206.325, BCE: 194.612, KLD_latent: 3.420, KLD_decoder_params_norm: 8.292, Time: 7327.69 |
|Train : Update 384000. Negative ELBO : 208.802, BCE: 196.936, KLD_latent: 3.588, KLD_decoder_params_norm: 8.278, Time: 7346.79 |
|Train : Update 385000. Negative ELBO : 207.819, BCE: 195.954, KLD_latent: 3.602, KLD_decoder_params_norm: 8.263, Time: 7365.88 |
|Train : Update 386000. Negative ELBO : 208.706, BCE: 197.022, KLD_latent: 3.436, KLD_decoder_params_norm: 8.248, Time: 7384.96 |
|Train : Update 387000. Negative ELBO : 206.743, BCE: 195.007, KLD_latent: 3.502, KLD_decoder_params_norm: 8.235, Time: 7404.05 |
|Train : Update 388000. Negative ELBO : 207.406, BCE: 195.759, KLD_latent: 3.427, KLD_decoder_params_norm: 8.221, Time: 7423.13 |
|Train : Update 389000. Negative ELBO : 207.393, BCE: 195.667, KLD_latent: 3.519, KLD_decoder_params_norm: 8.206, Time: 7442.22 |
|Train : Update 390000. Negative ELBO : 206.977, BCE: 195.319, KLD_latent: 3.465, KLD_decoder_params_norm: 8.193, Time: 7461.31 |
|Train : Update 391000. Negative ELBO : 206.636, BCE: 195.134, KLD_latent: 3.322, KLD_decoder_params_norm: 8.180, Time: 7480.42 |
|Train : Update 392000. Negative ELBO : 207.325, BCE: 195.470, KLD_latent: 3.688, KLD_decoder_params_norm: 8.168, Time: 7499.50 |
|Train : Update 393000. Negative ELBO : 205.172, BCE: 193.573, KLD_latent: 3.445, KLD_decoder_params_norm: 8.154, Time: 7518.59 |
|Train : Update 394000. Negative ELBO : 207.575, BCE: 195.865, KLD_latent: 3.569, KLD_decoder_params_norm: 8.141, Time: 7537.69 |
|Train : Update 395000. Negative ELBO : 206.234, BCE: 194.698, KLD_latent: 3.408, KLD_decoder_params_norm: 8.128, Time: 7556.80 |
|Train : Update 396000. Negative ELBO : 209.457, BCE: 197.662, KLD_latent: 3.679, KLD_decoder_params_norm: 8.115, Time: 7575.92 |
|Train : Update 397000. Negative ELBO : 205.756, BCE: 194.206, KLD_latent: 3.447, KLD_decoder_params_norm: 8.103, Time: 7595.10 |
|Train : Update 398000. Negative ELBO : 209.194, BCE: 197.507, KLD_latent: 3.596, KLD_decoder_params_norm: 8.090, Time: 7614.33 |
|Train : Update 399000. Negative ELBO : 206.776, BCE: 195.185, KLD_latent: 3.513, KLD_decoder_params_norm: 8.078, Time: 7633.55 |
|Train : Update 400000. Negative ELBO : 207.427, BCE: 195.749, KLD_latent: 3.613, KLD_decoder_params_norm: 8.066, Time: 7652.68 |
