Number of sequences in alignment file:	41707
Neff:	7815.898132432564
Alignment sequence length:	497
|Train : Update 1000. Negative ELBO : 24457.424, BCE: 476.915, KLD_latent: 5.935, KLD_decoder_params_norm: 23974.572, Time: 35.52 |
|Train : Update 2000. Negative ELBO : 24176.910, BCE: 460.382, KLD_latent: 6.107, KLD_decoder_params_norm: 23710.420, Time: 69.08 |
|Train : Update 3000. Negative ELBO : 23914.340, BCE: 462.867, KLD_latent: 6.941, KLD_decoder_params_norm: 23444.531, Time: 102.62 |
|Train : Update 4000. Negative ELBO : 23646.934, BCE: 462.963, KLD_latent: 6.226, KLD_decoder_params_norm: 23177.744, Time: 136.14 |
|Train : Update 5000. Negative ELBO : 23378.986, BCE: 461.742, KLD_latent: 6.728, KLD_decoder_params_norm: 22910.516, Time: 169.66 |
|Train : Update 6000. Negative ELBO : 23105.555, BCE: 455.324, KLD_latent: 7.129, KLD_decoder_params_norm: 22643.102, Time: 203.19 |
|Train : Update 7000. Negative ELBO : 22840.369, BCE: 457.016, KLD_latent: 7.645, KLD_decoder_params_norm: 22375.709, Time: 236.71 |
|Train : Update 8000. Negative ELBO : 22570.822, BCE: 453.975, KLD_latent: 8.391, KLD_decoder_params_norm: 22108.457, Time: 270.25 |
|Train : Update 9000. Negative ELBO : 22297.232, BCE: 446.321, KLD_latent: 9.477, KLD_decoder_params_norm: 21841.436, Time: 303.78 |
|Train : Update 10000. Negative ELBO : 22030.115, BCE: 446.338, KLD_latent: 9.090, KLD_decoder_params_norm: 21574.688, Time: 337.33 |
|Train : Update 11000. Negative ELBO : 21764.016, BCE: 446.033, KLD_latent: 9.784, KLD_decoder_params_norm: 21308.197, Time: 370.36 |
|Train : Update 12000. Negative ELBO : 21495.734, BCE: 444.037, KLD_latent: 9.692, KLD_decoder_params_norm: 21042.006, Time: 403.27 |
|Train : Update 13000. Negative ELBO : 21224.492, BCE: 438.171, KLD_latent: 10.187, KLD_decoder_params_norm: 20776.133, Time: 436.77 |
|Train : Update 14000. Negative ELBO : 20961.752, BCE: 440.003, KLD_latent: 11.185, KLD_decoder_params_norm: 20510.562, Time: 470.35 |
|Train : Update 15000. Negative ELBO : 20691.838, BCE: 435.058, KLD_latent: 11.481, KLD_decoder_params_norm: 20245.299, Time: 503.94 |
|Train : Update 16000. Negative ELBO : 20426.992, BCE: 434.899, KLD_latent: 11.769, KLD_decoder_params_norm: 19980.322, Time: 537.51 |
|Train : Update 17000. Negative ELBO : 20163.488, BCE: 435.450, KLD_latent: 12.367, KLD_decoder_params_norm: 19715.672, Time: 571.07 |
|Train : Update 18000. Negative ELBO : 19897.541, BCE: 433.429, KLD_latent: 12.786, KLD_decoder_params_norm: 19451.326, Time: 604.61 |
|Train : Update 19000. Negative ELBO : 19633.502, BCE: 433.626, KLD_latent: 12.588, KLD_decoder_params_norm: 19187.287, Time: 638.13 |
|Train : Update 20000. Negative ELBO : 19366.914, BCE: 430.564, KLD_latent: 12.808, KLD_decoder_params_norm: 18923.541, Time: 671.65 |
|Train : Update 21000. Negative ELBO : 19098.650, BCE: 425.036, KLD_latent: 13.455, KLD_decoder_params_norm: 18660.158, Time: 705.16 |
|Train : Update 22000. Negative ELBO : 18838.447, BCE: 428.033, KLD_latent: 13.344, KLD_decoder_params_norm: 18397.070, Time: 738.68 |
|Train : Update 23000. Negative ELBO : 18574.340, BCE: 426.558, KLD_latent: 13.508, KLD_decoder_params_norm: 18134.273, Time: 772.20 |
|Train : Update 24000. Negative ELBO : 18309.172, BCE: 424.681, KLD_latent: 12.724, KLD_decoder_params_norm: 17871.766, Time: 805.71 |
|Train : Update 25000. Negative ELBO : 18047.900, BCE: 425.070, KLD_latent: 13.281, KLD_decoder_params_norm: 17609.549, Time: 839.21 |
|Train : Update 26000. Negative ELBO : 17784.131, BCE: 422.629, KLD_latent: 13.912, KLD_decoder_params_norm: 17347.590, Time: 872.72 |
|Train : Update 27000. Negative ELBO : 17521.965, BCE: 421.371, KLD_latent: 14.647, KLD_decoder_params_norm: 17085.947, Time: 906.24 |
|Train : Update 28000. Negative ELBO : 17259.373, BCE: 420.508, KLD_latent: 14.260, KLD_decoder_params_norm: 16824.605, Time: 939.75 |
|Train : Update 29000. Negative ELBO : 17000.559, BCE: 422.664, KLD_latent: 14.374, KLD_decoder_params_norm: 16563.521, Time: 973.27 |
|Train : Update 30000. Negative ELBO : 16733.248, BCE: 415.476, KLD_latent: 15.043, KLD_decoder_params_norm: 16302.730, Time: 1006.80 |
|Train : Update 31000. Negative ELBO : 16474.545, BCE: 417.330, KLD_latent: 15.016, KLD_decoder_params_norm: 16042.198, Time: 1040.39 |
|Train : Update 32000. Negative ELBO : 16212.350, BCE: 415.577, KLD_latent: 14.833, KLD_decoder_params_norm: 15781.939, Time: 1073.96 |
|Train : Update 33000. Negative ELBO : 15956.539, BCE: 419.036, KLD_latent: 15.531, KLD_decoder_params_norm: 15521.973, Time: 1107.55 |
|Train : Update 34000. Negative ELBO : 15698.135, BCE: 420.839, KLD_latent: 14.984, KLD_decoder_params_norm: 15262.312, Time: 1141.12 |
|Train : Update 35000. Negative ELBO : 15433.692, BCE: 415.725, KLD_latent: 15.034, KLD_decoder_params_norm: 15002.935, Time: 1174.70 |
|Train : Update 36000. Negative ELBO : 15173.854, BCE: 413.421, KLD_latent: 16.603, KLD_decoder_params_norm: 14743.830, Time: 1208.28 |
|Train : Update 37000. Negative ELBO : 14915.796, BCE: 415.315, KLD_latent: 15.458, KLD_decoder_params_norm: 14485.022, Time: 1241.86 |
|Train : Update 38000. Negative ELBO : 14660.950, BCE: 418.728, KLD_latent: 15.723, KLD_decoder_params_norm: 14226.500, Time: 1275.43 |
|Train : Update 39000. Negative ELBO : 14397.246, BCE: 413.448, KLD_latent: 15.522, KLD_decoder_params_norm: 13968.276, Time: 1309.02 |
|Train : Update 40000. Negative ELBO : 14140.043, BCE: 414.184, KLD_latent: 15.511, KLD_decoder_params_norm: 13710.348, Time: 1342.61 |
|Train : Update 41000. Negative ELBO : 13881.300, BCE: 412.557, KLD_latent: 16.028, KLD_decoder_params_norm: 13452.715, Time: 1376.19 |
|Train : Update 42000. Negative ELBO : 13625.998, BCE: 414.308, KLD_latent: 16.309, KLD_decoder_params_norm: 13195.381, Time: 1409.80 |
|Train : Update 43000. Negative ELBO : 13366.943, BCE: 412.348, KLD_latent: 16.242, KLD_decoder_params_norm: 12938.353, Time: 1443.37 |
|Train : Update 44000. Negative ELBO : 13111.655, BCE: 413.860, KLD_latent: 16.149, KLD_decoder_params_norm: 12681.646, Time: 1476.93 |
|Train : Update 45000. Negative ELBO : 12855.355, BCE: 414.208, KLD_latent: 15.882, KLD_decoder_params_norm: 12425.265, Time: 1510.53 |
|Train : Update 46000. Negative ELBO : 12597.508, BCE: 412.572, KLD_latent: 15.703, KLD_decoder_params_norm: 12169.233, Time: 1544.11 |
|Train : Update 47000. Negative ELBO : 12340.938, BCE: 411.175, KLD_latent: 16.207, KLD_decoder_params_norm: 11913.555, Time: 1577.68 |
|Train : Update 48000. Negative ELBO : 12088.616, BCE: 414.109, KLD_latent: 16.279, KLD_decoder_params_norm: 11658.229, Time: 1611.25 |
|Train : Update 49000. Negative ELBO : 11831.325, BCE: 410.816, KLD_latent: 17.219, KLD_decoder_params_norm: 11403.291, Time: 1644.82 |
|Train : Update 50000. Negative ELBO : 11577.653, BCE: 412.641, KLD_latent: 16.236, KLD_decoder_params_norm: 11148.776, Time: 1678.40 |
|Train : Update 51000. Negative ELBO : 11322.476, BCE: 412.239, KLD_latent: 15.516, KLD_decoder_params_norm: 10894.721, Time: 1711.98 |
|Train : Update 52000. Negative ELBO : 11065.725, BCE: 408.155, KLD_latent: 16.413, KLD_decoder_params_norm: 10641.156, Time: 1745.55 |
|Train : Update 53000. Negative ELBO : 10819.084, BCE: 414.517, KLD_latent: 16.423, KLD_decoder_params_norm: 10388.144, Time: 1779.11 |
|Train : Update 54000. Negative ELBO : 10561.499, BCE: 409.743, KLD_latent: 16.056, KLD_decoder_params_norm: 10135.700, Time: 1812.69 |
|Train : Update 55000. Negative ELBO : 10317.184, BCE: 417.237, KLD_latent: 16.109, KLD_decoder_params_norm: 9883.838, Time: 1846.26 |
|Train : Update 56000. Negative ELBO : 10060.815, BCE: 412.982, KLD_latent: 15.272, KLD_decoder_params_norm: 9632.562, Time: 1879.83 |
|Train : Update 57000. Negative ELBO : 9806.225, BCE: 408.274, KLD_latent: 16.057, KLD_decoder_params_norm: 9381.895, Time: 1913.42 |
|Train : Update 58000. Negative ELBO : 9564.266, BCE: 416.212, KLD_latent: 16.201, KLD_decoder_params_norm: 9131.852, Time: 1946.99 |
|Train : Update 59000. Negative ELBO : 9309.156, BCE: 409.563, KLD_latent: 17.129, KLD_decoder_params_norm: 8882.464, Time: 1980.57 |
|Train : Update 60000. Negative ELBO : 9063.898, BCE: 413.124, KLD_latent: 17.001, KLD_decoder_params_norm: 8633.773, Time: 2014.17 |
|Train : Update 61000. Negative ELBO : 8813.270, BCE: 411.237, KLD_latent: 16.365, KLD_decoder_params_norm: 8385.668, Time: 2047.75 |
|Train : Update 62000. Negative ELBO : 8569.901, BCE: 414.552, KLD_latent: 16.945, KLD_decoder_params_norm: 8138.404, Time: 2081.31 |
|Train : Update 63000. Negative ELBO : 8317.720, BCE: 409.041, KLD_latent: 16.645, KLD_decoder_params_norm: 7892.034, Time: 2114.89 |
|Train : Update 64000. Negative ELBO : 8075.352, BCE: 412.460, KLD_latent: 16.282, KLD_decoder_params_norm: 7646.609, Time: 2148.45 |
|Train : Update 65000. Negative ELBO : 7830.451, BCE: 411.225, KLD_latent: 17.052, KLD_decoder_params_norm: 7402.174, Time: 2182.01 |
|Train : Update 66000. Negative ELBO : 7589.419, BCE: 413.445, KLD_latent: 17.178, KLD_decoder_params_norm: 7158.796, Time: 2215.58 |
|Train : Update 67000. Negative ELBO : 7348.479, BCE: 415.563, KLD_latent: 16.380, KLD_decoder_params_norm: 6916.536, Time: 2249.16 |
|Train : Update 68000. Negative ELBO : 7106.791, BCE: 414.266, KLD_latent: 17.031, KLD_decoder_params_norm: 6675.494, Time: 2282.73 |
|Train : Update 69000. Negative ELBO : 6865.860, BCE: 413.417, KLD_latent: 16.639, KLD_decoder_params_norm: 6435.805, Time: 2316.32 |
|Train : Update 70000. Negative ELBO : 6627.370, BCE: 413.549, KLD_latent: 16.213, KLD_decoder_params_norm: 6197.607, Time: 2349.92 |
|Train : Update 71000. Negative ELBO : 6391.041, BCE: 413.787, KLD_latent: 16.289, KLD_decoder_params_norm: 5960.964, Time: 2383.52 |
|Train : Update 72000. Negative ELBO : 6154.791, BCE: 412.623, KLD_latent: 16.173, KLD_decoder_params_norm: 5725.995, Time: 2417.11 |
|Train : Update 73000. Negative ELBO : 5922.006, BCE: 412.431, KLD_latent: 16.728, KLD_decoder_params_norm: 5492.848, Time: 2450.70 |
|Train : Update 74000. Negative ELBO : 5695.809, BCE: 418.042, KLD_latent: 16.072, KLD_decoder_params_norm: 5261.694, Time: 2484.29 |
|Train : Update 75000. Negative ELBO : 5465.213, BCE: 415.841, KLD_latent: 16.678, KLD_decoder_params_norm: 5032.694, Time: 2517.90 |
|Train : Update 76000. Negative ELBO : 5237.206, BCE: 414.024, KLD_latent: 17.177, KLD_decoder_params_norm: 4806.004, Time: 2551.49 |
|Train : Update 77000. Negative ELBO : 5011.621, BCE: 413.654, KLD_latent: 16.097, KLD_decoder_params_norm: 4581.870, Time: 2585.07 |
|Train : Update 78000. Negative ELBO : 4792.239, BCE: 415.750, KLD_latent: 16.039, KLD_decoder_params_norm: 4360.451, Time: 2618.64 |
|Train : Update 79000. Negative ELBO : 4573.737, BCE: 415.112, KLD_latent: 16.580, KLD_decoder_params_norm: 4142.045, Time: 2652.20 |
|Train : Update 80000. Negative ELBO : 4356.345, BCE: 413.349, KLD_latent: 16.143, KLD_decoder_params_norm: 3926.853, Time: 2685.75 |
|Train : Update 81000. Negative ELBO : 4150.852, BCE: 419.326, KLD_latent: 16.381, KLD_decoder_params_norm: 3715.144, Time: 2719.33 |
|Train : Update 82000. Negative ELBO : 3940.372, BCE: 416.516, KLD_latent: 16.619, KLD_decoder_params_norm: 3507.237, Time: 2752.90 |
|Train : Update 83000. Negative ELBO : 3737.959, BCE: 418.322, KLD_latent: 16.108, KLD_decoder_params_norm: 3303.529, Time: 2786.46 |
|Train : Update 84000. Negative ELBO : 3537.605, BCE: 417.128, KLD_latent: 16.172, KLD_decoder_params_norm: 3104.306, Time: 2820.03 |
|Train : Update 85000. Negative ELBO : 3345.063, BCE: 418.890, KLD_latent: 16.234, KLD_decoder_params_norm: 2909.939, Time: 2853.60 |
|Train : Update 86000. Negative ELBO : 3156.625, BCE: 419.670, KLD_latent: 16.109, KLD_decoder_params_norm: 2720.845, Time: 2887.17 |
|Train : Update 87000. Negative ELBO : 2974.004, BCE: 420.248, KLD_latent: 16.243, KLD_decoder_params_norm: 2537.513, Time: 2920.74 |
|Train : Update 88000. Negative ELBO : 2799.300, BCE: 422.508, KLD_latent: 16.445, KLD_decoder_params_norm: 2360.347, Time: 2954.31 |
|Train : Update 89000. Negative ELBO : 2626.426, BCE: 420.428, KLD_latent: 16.055, KLD_decoder_params_norm: 2189.942, Time: 2987.88 |
|Train : Update 90000. Negative ELBO : 2464.938, BCE: 422.003, KLD_latent: 16.142, KLD_decoder_params_norm: 2026.792, Time: 3021.46 |
|Train : Update 91000. Negative ELBO : 2307.801, BCE: 420.726, KLD_latent: 15.669, KLD_decoder_params_norm: 1871.406, Time: 3055.03 |
|Train : Update 92000. Negative ELBO : 2161.190, BCE: 420.695, KLD_latent: 16.054, KLD_decoder_params_norm: 1724.441, Time: 3088.61 |
|Train : Update 93000. Negative ELBO : 2021.867, BCE: 419.618, KLD_latent: 15.715, KLD_decoder_params_norm: 1586.534, Time: 3122.18 |
|Train : Update 94000. Negative ELBO : 1897.073, BCE: 423.717, KLD_latent: 15.067, KLD_decoder_params_norm: 1458.290, Time: 3155.77 |
|Train : Update 95000. Negative ELBO : 1780.929, BCE: 425.026, KLD_latent: 15.606, KLD_decoder_params_norm: 1340.297, Time: 3189.34 |
|Train : Update 96000. Negative ELBO : 1672.066, BCE: 423.459, KLD_latent: 15.601, KLD_decoder_params_norm: 1233.006, Time: 3222.90 |
|Train : Update 97000. Negative ELBO : 1575.528, BCE: 423.336, KLD_latent: 15.308, KLD_decoder_params_norm: 1136.884, Time: 3256.46 |
|Train : Update 98000. Negative ELBO : 1495.454, BCE: 427.427, KLD_latent: 15.756, KLD_decoder_params_norm: 1052.271, Time: 3290.05 |
|Train : Update 99000. Negative ELBO : 1425.516, BCE: 431.026, KLD_latent: 15.363, KLD_decoder_params_norm: 979.127, Time: 3323.60 |
|Train : Update 100000. Negative ELBO : 1359.227, BCE: 427.292, KLD_latent: 14.825, KLD_decoder_params_norm: 917.109, Time: 3357.16 |
|Train : Update 101000. Negative ELBO : 1312.070, BCE: 431.244, KLD_latent: 15.493, KLD_decoder_params_norm: 865.332, Time: 3390.71 |
|Train : Update 102000. Negative ELBO : 1265.302, BCE: 427.602, KLD_latent: 15.389, KLD_decoder_params_norm: 822.311, Time: 3424.27 |
|Train : Update 103000. Negative ELBO : 1233.542, BCE: 432.358, KLD_latent: 15.247, KLD_decoder_params_norm: 785.937, Time: 3457.80 |
|Train : Update 104000. Negative ELBO : 1197.546, BCE: 428.652, KLD_latent: 14.653, KLD_decoder_params_norm: 754.240, Time: 3491.32 |
|Train : Update 105000. Negative ELBO : 1169.426, BCE: 428.943, KLD_latent: 14.736, KLD_decoder_params_norm: 725.746, Time: 3524.84 |
|Train : Update 106000. Negative ELBO : 1144.371, BCE: 430.052, KLD_latent: 14.787, KLD_decoder_params_norm: 699.532, Time: 3558.36 |
|Train : Update 107000. Negative ELBO : 1123.128, BCE: 432.715, KLD_latent: 15.195, KLD_decoder_params_norm: 675.218, Time: 3591.88 |
|Train : Update 108000. Negative ELBO : 1100.006, BCE: 432.287, KLD_latent: 15.235, KLD_decoder_params_norm: 652.484, Time: 3625.41 |
|Train : Update 109000. Negative ELBO : 1074.969, BCE: 429.508, KLD_latent: 14.324, KLD_decoder_params_norm: 631.136, Time: 3658.93 |
|Train : Update 110000. Negative ELBO : 1058.771, BCE: 433.055, KLD_latent: 14.706, KLD_decoder_params_norm: 611.010, Time: 3692.45 |
|Train : Update 111000. Negative ELBO : 1038.951, BCE: 432.273, KLD_latent: 14.717, KLD_decoder_params_norm: 591.961, Time: 3725.97 |
|Train : Update 112000. Negative ELBO : 1018.131, BCE: 429.797, KLD_latent: 14.439, KLD_decoder_params_norm: 573.895, Time: 3759.49 |
|Train : Update 113000. Negative ELBO : 1011.659, BCE: 440.575, KLD_latent: 14.351, KLD_decoder_params_norm: 556.734, Time: 3793.01 |
|Train : Update 114000. Negative ELBO : 986.683, BCE: 432.218, KLD_latent: 14.080, KLD_decoder_params_norm: 540.385, Time: 3826.54 |
|Train : Update 115000. Negative ELBO : 971.563, BCE: 432.816, KLD_latent: 13.953, KLD_decoder_params_norm: 524.794, Time: 3860.06 |
|Train : Update 116000. Negative ELBO : 956.171, BCE: 432.415, KLD_latent: 13.832, KLD_decoder_params_norm: 509.924, Time: 3893.57 |
|Train : Update 117000. Negative ELBO : 946.161, BCE: 435.972, KLD_latent: 14.477, KLD_decoder_params_norm: 495.712, Time: 3927.09 |
|Train : Update 118000. Negative ELBO : 927.305, BCE: 431.194, KLD_latent: 14.018, KLD_decoder_params_norm: 482.092, Time: 3960.63 |
|Train : Update 119000. Negative ELBO : 920.215, BCE: 437.480, KLD_latent: 13.703, KLD_decoder_params_norm: 469.032, Time: 3994.14 |
|Train : Update 120000. Negative ELBO : 905.448, BCE: 435.562, KLD_latent: 13.366, KLD_decoder_params_norm: 456.519, Time: 4027.70 |
|Train : Update 121000. Negative ELBO : 891.808, BCE: 433.315, KLD_latent: 13.978, KLD_decoder_params_norm: 444.515, Time: 4061.22 |
|Train : Update 122000. Negative ELBO : 889.432, BCE: 442.270, KLD_latent: 14.188, KLD_decoder_params_norm: 432.974, Time: 4094.74 |
|Train : Update 123000. Negative ELBO : 875.779, BCE: 440.273, KLD_latent: 13.630, KLD_decoder_params_norm: 421.876, Time: 4128.27 |
|Train : Update 124000. Negative ELBO : 862.723, BCE: 437.711, KLD_latent: 13.804, KLD_decoder_params_norm: 411.209, Time: 4161.79 |
|Train : Update 125000. Negative ELBO : 852.216, BCE: 437.159, KLD_latent: 14.124, KLD_decoder_params_norm: 400.932, Time: 4195.31 |
|Train : Update 126000. Negative ELBO : 845.863, BCE: 440.950, KLD_latent: 13.872, KLD_decoder_params_norm: 391.042, Time: 4228.83 |
|Train : Update 127000. Negative ELBO : 831.509, BCE: 436.263, KLD_latent: 13.748, KLD_decoder_params_norm: 381.498, Time: 4262.34 |
|Train : Update 128000. Negative ELBO : 825.602, BCE: 439.156, KLD_latent: 14.146, KLD_decoder_params_norm: 372.300, Time: 4295.85 |
|Train : Update 129000. Negative ELBO : 815.610, BCE: 439.347, KLD_latent: 12.841, KLD_decoder_params_norm: 363.422, Time: 4329.37 |
|Train : Update 130000. Negative ELBO : 805.478, BCE: 437.379, KLD_latent: 13.227, KLD_decoder_params_norm: 354.872, Time: 4362.90 |
|Train : Update 131000. Negative ELBO : 803.681, BCE: 443.670, KLD_latent: 13.423, KLD_decoder_params_norm: 346.588, Time: 4396.43 |
|Train : Update 132000. Negative ELBO : 784.694, BCE: 432.963, KLD_latent: 13.150, KLD_decoder_params_norm: 338.582, Time: 4429.95 |
|Train : Update 133000. Negative ELBO : 787.820, BCE: 443.136, KLD_latent: 13.841, KLD_decoder_params_norm: 330.844, Time: 4463.47 |
|Train : Update 134000. Negative ELBO : 772.464, BCE: 435.903, KLD_latent: 13.197, KLD_decoder_params_norm: 323.365, Time: 4496.98 |
|Train : Update 135000. Negative ELBO : 769.252, BCE: 439.782, KLD_latent: 13.333, KLD_decoder_params_norm: 316.137, Time: 4530.50 |
|Train : Update 136000. Negative ELBO : 760.796, BCE: 438.936, KLD_latent: 12.723, KLD_decoder_params_norm: 309.137, Time: 4564.02 |
|Train : Update 137000. Negative ELBO : 754.231, BCE: 439.074, KLD_latent: 12.791, KLD_decoder_params_norm: 302.365, Time: 4597.52 |
|Train : Update 138000. Negative ELBO : 752.978, BCE: 444.237, KLD_latent: 12.941, KLD_decoder_params_norm: 295.799, Time: 4631.04 |
|Train : Update 139000. Negative ELBO : 740.795, BCE: 438.471, KLD_latent: 12.875, KLD_decoder_params_norm: 289.449, Time: 4664.55 |
|Train : Update 140000. Negative ELBO : 737.948, BCE: 441.785, KLD_latent: 12.867, KLD_decoder_params_norm: 283.296, Time: 4698.06 |
|Train : Update 141000. Negative ELBO : 729.283, BCE: 439.141, KLD_latent: 12.807, KLD_decoder_params_norm: 277.335, Time: 4731.57 |
|Train : Update 142000. Negative ELBO : 723.999, BCE: 439.938, KLD_latent: 12.508, KLD_decoder_params_norm: 271.553, Time: 4765.08 |
|Train : Update 143000. Negative ELBO : 716.719, BCE: 437.985, KLD_latent: 12.777, KLD_decoder_params_norm: 265.958, Time: 4798.60 |
|Train : Update 144000. Negative ELBO : 711.564, BCE: 438.154, KLD_latent: 12.879, KLD_decoder_params_norm: 260.530, Time: 4832.11 |
|Train : Update 145000. Negative ELBO : 708.543, BCE: 440.142, KLD_latent: 13.130, KLD_decoder_params_norm: 255.271, Time: 4865.63 |
|Train : Update 146000. Negative ELBO : 704.011, BCE: 441.367, KLD_latent: 12.478, KLD_decoder_params_norm: 250.166, Time: 4899.14 |
|Train : Update 147000. Negative ELBO : 701.203, BCE: 443.963, KLD_latent: 12.010, KLD_decoder_params_norm: 245.230, Time: 4932.64 |
|Train : Update 148000. Negative ELBO : 704.555, BCE: 451.189, KLD_latent: 12.943, KLD_decoder_params_norm: 240.424, Time: 4966.16 |
|Train : Update 149000. Negative ELBO : 688.516, BCE: 440.189, KLD_latent: 12.559, KLD_decoder_params_norm: 235.768, Time: 4999.67 |
|Train : Update 150000. Negative ELBO : 685.319, BCE: 441.897, KLD_latent: 12.173, KLD_decoder_params_norm: 231.249, Time: 5033.18 |
|Train : Update 151000. Negative ELBO : 681.337, BCE: 442.372, KLD_latent: 12.096, KLD_decoder_params_norm: 226.868, Time: 5066.70 |
|Train : Update 152000. Negative ELBO : 678.205, BCE: 442.987, KLD_latent: 12.620, KLD_decoder_params_norm: 222.599, Time: 5100.22 |
|Train : Update 153000. Negative ELBO : 670.636, BCE: 440.004, KLD_latent: 12.189, KLD_decoder_params_norm: 218.443, Time: 5133.72 |
|Train : Update 154000. Negative ELBO : 670.774, BCE: 444.031, KLD_latent: 12.324, KLD_decoder_params_norm: 214.419, Time: 5167.25 |
|Train : Update 155000. Negative ELBO : 668.238, BCE: 445.458, KLD_latent: 12.273, KLD_decoder_params_norm: 210.507, Time: 5200.76 |
|Train : Update 156000. Negative ELBO : 668.824, BCE: 450.123, KLD_latent: 11.999, KLD_decoder_params_norm: 206.702, Time: 5234.29 |
|Train : Update 157000. Negative ELBO : 659.484, BCE: 444.692, KLD_latent: 11.780, KLD_decoder_params_norm: 203.012, Time: 5267.81 |
|Train : Update 158000. Negative ELBO : 653.730, BCE: 442.705, KLD_latent: 11.602, KLD_decoder_params_norm: 199.423, Time: 5301.34 |
|Train : Update 159000. Negative ELBO : 652.770, BCE: 444.761, KLD_latent: 12.080, KLD_decoder_params_norm: 195.930, Time: 5334.85 |
|Train : Update 160000. Negative ELBO : 648.467, BCE: 444.022, KLD_latent: 11.913, KLD_decoder_params_norm: 192.532, Time: 5368.38 |
|Train : Update 161000. Negative ELBO : 643.579, BCE: 442.629, KLD_latent: 11.726, KLD_decoder_params_norm: 189.224, Time: 5401.92 |
|Train : Update 162000. Negative ELBO : 639.312, BCE: 441.414, KLD_latent: 11.883, KLD_decoder_params_norm: 186.015, Time: 5435.43 |
|Train : Update 163000. Negative ELBO : 646.689, BCE: 452.287, KLD_latent: 11.522, KLD_decoder_params_norm: 182.880, Time: 5468.94 |
|Train : Update 164000. Negative ELBO : 636.274, BCE: 444.207, KLD_latent: 12.244, KLD_decoder_params_norm: 179.823, Time: 5502.47 |
|Train : Update 165000. Negative ELBO : 633.744, BCE: 444.625, KLD_latent: 12.277, KLD_decoder_params_norm: 176.842, Time: 5535.99 |
|Train : Update 166000. Negative ELBO : 633.834, BCE: 448.595, KLD_latent: 11.297, KLD_decoder_params_norm: 173.941, Time: 5569.51 |
|Train : Update 167000. Negative ELBO : 634.316, BCE: 451.342, KLD_latent: 11.848, KLD_decoder_params_norm: 171.127, Time: 5603.03 |
|Train : Update 168000. Negative ELBO : 622.304, BCE: 441.698, KLD_latent: 12.224, KLD_decoder_params_norm: 168.382, Time: 5636.55 |
|Train : Update 169000. Negative ELBO : 629.853, BCE: 452.463, KLD_latent: 11.690, KLD_decoder_params_norm: 165.699, Time: 5670.08 |
|Train : Update 170000. Negative ELBO : 628.704, BCE: 453.567, KLD_latent: 12.036, KLD_decoder_params_norm: 163.100, Time: 5703.59 |
|Train : Update 171000. Negative ELBO : 615.409, BCE: 443.353, KLD_latent: 11.497, KLD_decoder_params_norm: 160.559, Time: 5737.10 |
|Train : Update 172000. Negative ELBO : 615.284, BCE: 445.696, KLD_latent: 11.508, KLD_decoder_params_norm: 158.081, Time: 5770.62 |
|Train : Update 173000. Negative ELBO : 612.430, BCE: 444.853, KLD_latent: 11.905, KLD_decoder_params_norm: 155.672, Time: 5804.14 |
|Train : Update 174000. Negative ELBO : 612.020, BCE: 447.080, KLD_latent: 11.622, KLD_decoder_params_norm: 153.318, Time: 5837.66 |
|Train : Update 175000. Negative ELBO : 608.362, BCE: 445.767, KLD_latent: 11.568, KLD_decoder_params_norm: 151.027, Time: 5871.18 |
|Train : Update 176000. Negative ELBO : 605.347, BCE: 445.043, KLD_latent: 11.522, KLD_decoder_params_norm: 148.782, Time: 5904.69 |
|Train : Update 177000. Negative ELBO : 607.553, BCE: 449.734, KLD_latent: 11.227, KLD_decoder_params_norm: 146.592, Time: 5938.21 |
|Train : Update 178000. Negative ELBO : 599.079, BCE: 442.936, KLD_latent: 11.672, KLD_decoder_params_norm: 144.471, Time: 5971.75 |
|Train : Update 179000. Negative ELBO : 605.283, BCE: 451.426, KLD_latent: 11.460, KLD_decoder_params_norm: 142.397, Time: 6005.28 |
|Train : Update 180000. Negative ELBO : 600.022, BCE: 448.080, KLD_latent: 11.579, KLD_decoder_params_norm: 140.362, Time: 6038.79 |
|Train : Update 181000. Negative ELBO : 595.094, BCE: 445.610, KLD_latent: 11.098, KLD_decoder_params_norm: 138.386, Time: 6072.31 |
|Train : Update 182000. Negative ELBO : 594.139, BCE: 446.770, KLD_latent: 10.922, KLD_decoder_params_norm: 136.446, Time: 6105.84 |
|Train : Update 183000. Negative ELBO : 597.613, BCE: 451.428, KLD_latent: 11.629, KLD_decoder_params_norm: 134.555, Time: 6139.35 |
|Train : Update 184000. Negative ELBO : 595.471, BCE: 451.334, KLD_latent: 11.424, KLD_decoder_params_norm: 132.713, Time: 6172.87 |
|Train : Update 185000. Negative ELBO : 588.542, BCE: 446.530, KLD_latent: 11.112, KLD_decoder_params_norm: 130.899, Time: 6206.39 |
|Train : Update 186000. Negative ELBO : 590.382, BCE: 449.852, KLD_latent: 11.391, KLD_decoder_params_norm: 129.139, Time: 6239.92 |
|Train : Update 187000. Negative ELBO : 585.144, BCE: 446.702, KLD_latent: 11.023, KLD_decoder_params_norm: 127.418, Time: 6273.43 |
|Train : Update 188000. Negative ELBO : 579.504, BCE: 442.621, KLD_latent: 11.147, KLD_decoder_params_norm: 125.735, Time: 6306.94 |
|Train : Update 189000. Negative ELBO : 583.568, BCE: 447.836, KLD_latent: 11.644, KLD_decoder_params_norm: 124.088, Time: 6340.44 |
|Train : Update 190000. Negative ELBO : 579.669, BCE: 446.799, KLD_latent: 10.392, KLD_decoder_params_norm: 122.478, Time: 6373.97 |
|Train : Update 191000. Negative ELBO : 582.147, BCE: 449.950, KLD_latent: 11.296, KLD_decoder_params_norm: 120.900, Time: 6407.51 |
|Train : Update 192000. Negative ELBO : 591.089, BCE: 460.312, KLD_latent: 11.411, KLD_decoder_params_norm: 119.367, Time: 6441.03 |
|Train : Update 193000. Negative ELBO : 574.946, BCE: 445.769, KLD_latent: 11.310, KLD_decoder_params_norm: 117.867, Time: 6474.57 |
|Train : Update 194000. Negative ELBO : 576.319, BCE: 448.931, KLD_latent: 10.997, KLD_decoder_params_norm: 116.391, Time: 6508.09 |
|Train : Update 195000. Negative ELBO : 573.611, BCE: 447.516, KLD_latent: 11.143, KLD_decoder_params_norm: 114.952, Time: 6541.61 |
|Train : Update 196000. Negative ELBO : 569.119, BCE: 444.482, KLD_latent: 11.098, KLD_decoder_params_norm: 113.540, Time: 6575.12 |
|Train : Update 197000. Negative ELBO : 567.751, BCE: 444.806, KLD_latent: 10.781, KLD_decoder_params_norm: 112.164, Time: 6608.65 |
|Train : Update 198000. Negative ELBO : 573.112, BCE: 450.853, KLD_latent: 11.444, KLD_decoder_params_norm: 110.815, Time: 6642.17 |
|Train : Update 199000. Negative ELBO : 568.025, BCE: 447.287, KLD_latent: 11.240, KLD_decoder_params_norm: 109.497, Time: 6675.69 |
|Train : Update 200000. Negative ELBO : 569.005, BCE: 449.533, KLD_latent: 11.272, KLD_decoder_params_norm: 108.199, Time: 6709.20 |
|Train : Update 201000. Negative ELBO : 572.668, BCE: 454.634, KLD_latent: 11.091, KLD_decoder_params_norm: 106.944, Time: 6742.74 |
|Train : Update 202000. Negative ELBO : 562.843, BCE: 445.866, KLD_latent: 11.269, KLD_decoder_params_norm: 105.707, Time: 6776.28 |
|Train : Update 203000. Negative ELBO : 562.513, BCE: 447.216, KLD_latent: 10.792, KLD_decoder_params_norm: 104.505, Time: 6809.82 |
|Train : Update 204000. Negative ELBO : 561.380, BCE: 447.012, KLD_latent: 11.048, KLD_decoder_params_norm: 103.320, Time: 6843.35 |
|Train : Update 205000. Negative ELBO : 558.626, BCE: 445.136, KLD_latent: 11.347, KLD_decoder_params_norm: 102.143, Time: 6876.88 |
|Train : Update 206000. Negative ELBO : 560.591, BCE: 448.310, KLD_latent: 11.284, KLD_decoder_params_norm: 100.996, Time: 6910.41 |
|Train : Update 207000. Negative ELBO : 560.369, BCE: 449.679, KLD_latent: 10.814, KLD_decoder_params_norm: 99.876, Time: 6943.94 |
|Train : Update 208000. Negative ELBO : 552.155, BCE: 442.663, KLD_latent: 10.712, KLD_decoder_params_norm: 98.780, Time: 6977.49 |
|Train : Update 209000. Negative ELBO : 557.991, BCE: 449.310, KLD_latent: 10.973, KLD_decoder_params_norm: 97.708, Time: 7011.03 |
|Train : Update 210000. Negative ELBO : 553.668, BCE: 446.299, KLD_latent: 10.706, KLD_decoder_params_norm: 96.663, Time: 7044.58 |
|Train : Update 211000. Negative ELBO : 561.005, BCE: 454.480, KLD_latent: 10.894, KLD_decoder_params_norm: 95.631, Time: 7078.15 |
|Train : Update 212000. Negative ELBO : 554.151, BCE: 448.490, KLD_latent: 11.044, KLD_decoder_params_norm: 94.617, Time: 7111.71 |
|Train : Update 213000. Negative ELBO : 551.612, BCE: 446.527, KLD_latent: 11.458, KLD_decoder_params_norm: 93.627, Time: 7145.26 |
|Train : Update 214000. Negative ELBO : 556.446, BCE: 453.009, KLD_latent: 10.780, KLD_decoder_params_norm: 92.657, Time: 7178.82 |
|Train : Update 215000. Negative ELBO : 548.808, BCE: 446.161, KLD_latent: 10.950, KLD_decoder_params_norm: 91.698, Time: 7212.35 |
|Train : Update 216000. Negative ELBO : 550.607, BCE: 448.419, KLD_latent: 11.431, KLD_decoder_params_norm: 90.758, Time: 7245.47 |
|Train : Update 217000. Negative ELBO : 557.377, BCE: 457.077, KLD_latent: 10.460, KLD_decoder_params_norm: 89.840, Time: 7278.41 |
|Train : Update 218000. Negative ELBO : 540.605, BCE: 440.910, KLD_latent: 10.748, KLD_decoder_params_norm: 88.947, Time: 7311.34 |
|Train : Update 219000. Negative ELBO : 541.694, BCE: 443.152, KLD_latent: 10.488, KLD_decoder_params_norm: 88.055, Time: 7344.30 |
|Train : Update 220000. Negative ELBO : 548.980, BCE: 450.777, KLD_latent: 11.012, KLD_decoder_params_norm: 87.191, Time: 7377.23 |
|Train : Update 221000. Negative ELBO : 543.349, BCE: 446.183, KLD_latent: 10.824, KLD_decoder_params_norm: 86.342, Time: 7410.18 |
|Train : Update 222000. Negative ELBO : 545.674, BCE: 449.245, KLD_latent: 10.911, KLD_decoder_params_norm: 85.518, Time: 7443.11 |
|Train : Update 223000. Negative ELBO : 543.503, BCE: 447.952, KLD_latent: 10.853, KLD_decoder_params_norm: 84.699, Time: 7476.07 |
|Train : Update 224000. Negative ELBO : 543.224, BCE: 448.161, KLD_latent: 11.165, KLD_decoder_params_norm: 83.898, Time: 7509.01 |
|Train : Update 225000. Negative ELBO : 541.705, BCE: 447.705, KLD_latent: 10.892, KLD_decoder_params_norm: 83.108, Time: 7541.96 |
|Train : Update 226000. Negative ELBO : 539.877, BCE: 446.919, KLD_latent: 10.626, KLD_decoder_params_norm: 82.331, Time: 7574.89 |
|Train : Update 227000. Negative ELBO : 540.645, BCE: 448.213, KLD_latent: 10.871, KLD_decoder_params_norm: 81.561, Time: 7607.83 |
|Train : Update 228000. Negative ELBO : 541.637, BCE: 449.384, KLD_latent: 11.437, KLD_decoder_params_norm: 80.816, Time: 7640.77 |
|Train : Update 229000. Negative ELBO : 541.671, BCE: 450.981, KLD_latent: 10.599, KLD_decoder_params_norm: 80.091, Time: 7673.70 |
|Train : Update 230000. Negative ELBO : 544.263, BCE: 454.063, KLD_latent: 10.829, KLD_decoder_params_norm: 79.372, Time: 7706.63 |
|Train : Update 231000. Negative ELBO : 534.243, BCE: 444.989, KLD_latent: 10.580, KLD_decoder_params_norm: 78.674, Time: 7739.57 |
|Train : Update 232000. Negative ELBO : 538.568, BCE: 449.719, KLD_latent: 10.863, KLD_decoder_params_norm: 77.986, Time: 7772.50 |
|Train : Update 233000. Negative ELBO : 536.556, BCE: 448.981, KLD_latent: 10.269, KLD_decoder_params_norm: 77.306, Time: 7805.47 |
|Train : Update 234000. Negative ELBO : 538.644, BCE: 451.319, KLD_latent: 10.684, KLD_decoder_params_norm: 76.641, Time: 7838.38 |
|Train : Update 235000. Negative ELBO : 538.968, BCE: 452.295, KLD_latent: 10.689, KLD_decoder_params_norm: 75.984, Time: 7871.28 |
|Train : Update 236000. Negative ELBO : 538.070, BCE: 452.145, KLD_latent: 10.586, KLD_decoder_params_norm: 75.339, Time: 7904.19 |
|Train : Update 237000. Negative ELBO : 536.434, BCE: 450.918, KLD_latent: 10.818, KLD_decoder_params_norm: 74.697, Time: 7937.08 |
|Train : Update 238000. Negative ELBO : 534.930, BCE: 450.309, KLD_latent: 10.548, KLD_decoder_params_norm: 74.074, Time: 7969.97 |
|Train : Update 239000. Negative ELBO : 540.822, BCE: 456.443, KLD_latent: 10.909, KLD_decoder_params_norm: 73.470, Time: 8002.88 |
|Train : Update 240000. Negative ELBO : 529.742, BCE: 446.874, KLD_latent: 10.001, KLD_decoder_params_norm: 72.867, Time: 8035.77 |
|Train : Update 241000. Negative ELBO : 527.243, BCE: 443.928, KLD_latent: 11.036, KLD_decoder_params_norm: 72.279, Time: 8068.68 |
|Train : Update 242000. Negative ELBO : 534.371, BCE: 452.485, KLD_latent: 10.191, KLD_decoder_params_norm: 71.696, Time: 8101.57 |
|Train : Update 243000. Negative ELBO : 534.109, BCE: 452.269, KLD_latent: 10.716, KLD_decoder_params_norm: 71.124, Time: 8134.46 |
|Train : Update 244000. Negative ELBO : 534.011, BCE: 452.650, KLD_latent: 10.796, KLD_decoder_params_norm: 70.564, Time: 8167.35 |
|Train : Update 245000. Negative ELBO : 533.036, BCE: 451.953, KLD_latent: 11.070, KLD_decoder_params_norm: 70.013, Time: 8200.24 |
|Train : Update 246000. Negative ELBO : 533.371, BCE: 453.510, KLD_latent: 10.383, KLD_decoder_params_norm: 69.478, Time: 8233.13 |
|Train : Update 247000. Negative ELBO : 529.566, BCE: 449.506, KLD_latent: 11.118, KLD_decoder_params_norm: 68.942, Time: 8266.02 |
|Train : Update 248000. Negative ELBO : 531.479, BCE: 452.470, KLD_latent: 10.596, KLD_decoder_params_norm: 68.412, Time: 8298.91 |
|Train : Update 249000. Negative ELBO : 527.345, BCE: 449.174, KLD_latent: 10.272, KLD_decoder_params_norm: 67.899, Time: 8331.79 |
|Train : Update 250000. Negative ELBO : 525.319, BCE: 447.339, KLD_latent: 10.591, KLD_decoder_params_norm: 67.390, Time: 8364.66 |
|Train : Update 251000. Negative ELBO : 524.120, BCE: 446.718, KLD_latent: 10.522, KLD_decoder_params_norm: 66.880, Time: 8397.56 |
|Train : Update 252000. Negative ELBO : 527.851, BCE: 451.097, KLD_latent: 10.361, KLD_decoder_params_norm: 66.394, Time: 8430.43 |
|Train : Update 253000. Negative ELBO : 519.183, BCE: 441.959, KLD_latent: 11.303, KLD_decoder_params_norm: 65.920, Time: 8463.32 |
|Train : Update 254000. Negative ELBO : 523.723, BCE: 447.004, KLD_latent: 11.276, KLD_decoder_params_norm: 65.444, Time: 8496.20 |
|Train : Update 255000. Negative ELBO : 522.541, BCE: 446.617, KLD_latent: 10.949, KLD_decoder_params_norm: 64.976, Time: 8529.10 |
|Train : Update 256000. Negative ELBO : 525.275, BCE: 450.567, KLD_latent: 10.192, KLD_decoder_params_norm: 64.516, Time: 8562.00 |
|Train : Update 257000. Negative ELBO : 529.967, BCE: 455.250, KLD_latent: 10.649, KLD_decoder_params_norm: 64.069, Time: 8594.93 |
|Train : Update 258000. Negative ELBO : 520.042, BCE: 445.531, KLD_latent: 10.893, KLD_decoder_params_norm: 63.618, Time: 8627.85 |
|Train : Update 259000. Negative ELBO : 524.990, BCE: 450.983, KLD_latent: 10.828, KLD_decoder_params_norm: 63.178, Time: 8660.78 |
|Train : Update 260000. Negative ELBO : 522.417, BCE: 449.311, KLD_latent: 10.358, KLD_decoder_params_norm: 62.748, Time: 8693.70 |
|Train : Update 261000. Negative ELBO : 523.065, BCE: 450.188, KLD_latent: 10.558, KLD_decoder_params_norm: 62.319, Time: 8726.62 |
|Train : Update 262000. Negative ELBO : 521.073, BCE: 449.193, KLD_latent: 9.975, KLD_decoder_params_norm: 61.905, Time: 8759.56 |
|Train : Update 263000. Negative ELBO : 518.794, BCE: 446.783, KLD_latent: 10.513, KLD_decoder_params_norm: 61.497, Time: 8792.48 |
|Train : Update 264000. Negative ELBO : 520.071, BCE: 448.677, KLD_latent: 10.304, KLD_decoder_params_norm: 61.090, Time: 8825.41 |
|Train : Update 265000. Negative ELBO : 522.752, BCE: 451.862, KLD_latent: 10.193, KLD_decoder_params_norm: 60.696, Time: 8858.34 |
|Train : Update 266000. Negative ELBO : 515.967, BCE: 445.263, KLD_latent: 10.401, KLD_decoder_params_norm: 60.303, Time: 8891.26 |
|Train : Update 267000. Negative ELBO : 523.623, BCE: 453.341, KLD_latent: 10.365, KLD_decoder_params_norm: 59.918, Time: 8924.18 |
|Train : Update 268000. Negative ELBO : 514.491, BCE: 444.689, KLD_latent: 10.267, KLD_decoder_params_norm: 59.535, Time: 8957.11 |
|Train : Update 269000. Negative ELBO : 517.307, BCE: 447.892, KLD_latent: 10.256, KLD_decoder_params_norm: 59.159, Time: 8990.03 |
|Train : Update 270000. Negative ELBO : 519.967, BCE: 450.964, KLD_latent: 10.218, KLD_decoder_params_norm: 58.786, Time: 9022.95 |
|Train : Update 271000. Negative ELBO : 520.876, BCE: 451.441, KLD_latent: 11.012, KLD_decoder_params_norm: 58.423, Time: 9055.86 |
|Train : Update 272000. Negative ELBO : 519.783, BCE: 451.137, KLD_latent: 10.586, KLD_decoder_params_norm: 58.060, Time: 9088.76 |
|Train : Update 273000. Negative ELBO : 514.446, BCE: 446.805, KLD_latent: 9.931, KLD_decoder_params_norm: 57.709, Time: 9121.66 |
|Train : Update 274000. Negative ELBO : 513.644, BCE: 446.014, KLD_latent: 10.269, KLD_decoder_params_norm: 57.361, Time: 9154.55 |
|Train : Update 275000. Negative ELBO : 519.238, BCE: 451.731, KLD_latent: 10.490, KLD_decoder_params_norm: 57.017, Time: 9187.46 |
|Train : Update 276000. Negative ELBO : 511.630, BCE: 444.492, KLD_latent: 10.459, KLD_decoder_params_norm: 56.678, Time: 9220.36 |
|Train : Update 277000. Negative ELBO : 513.120, BCE: 446.673, KLD_latent: 10.099, KLD_decoder_params_norm: 56.348, Time: 9253.25 |
|Train : Update 278000. Negative ELBO : 511.908, BCE: 445.567, KLD_latent: 10.318, KLD_decoder_params_norm: 56.024, Time: 9286.15 |
|Train : Update 279000. Negative ELBO : 514.388, BCE: 448.266, KLD_latent: 10.421, KLD_decoder_params_norm: 55.701, Time: 9319.07 |
|Train : Update 280000. Negative ELBO : 514.529, BCE: 449.084, KLD_latent: 10.060, KLD_decoder_params_norm: 55.386, Time: 9352.30 |
|Train : Update 281000. Negative ELBO : 514.468, BCE: 448.662, KLD_latent: 10.735, KLD_decoder_params_norm: 55.071, Time: 9385.33 |
|Train : Update 282000. Negative ELBO : 522.395, BCE: 456.621, KLD_latent: 11.008, KLD_decoder_params_norm: 54.767, Time: 9418.24 |
|Train : Update 283000. Negative ELBO : 514.380, BCE: 449.354, KLD_latent: 10.564, KLD_decoder_params_norm: 54.462, Time: 9451.15 |
|Train : Update 284000. Negative ELBO : 512.889, BCE: 448.309, KLD_latent: 10.423, KLD_decoder_params_norm: 54.157, Time: 9484.07 |
|Train : Update 285000. Negative ELBO : 514.039, BCE: 449.469, KLD_latent: 10.707, KLD_decoder_params_norm: 53.862, Time: 9516.97 |
|Train : Update 286000. Negative ELBO : 514.537, BCE: 450.598, KLD_latent: 10.367, KLD_decoder_params_norm: 53.572, Time: 9549.87 |
|Train : Update 287000. Negative ELBO : 516.686, BCE: 453.019, KLD_latent: 10.388, KLD_decoder_params_norm: 53.278, Time: 9582.78 |
|Train : Update 288000. Negative ELBO : 512.298, BCE: 448.843, KLD_latent: 10.463, KLD_decoder_params_norm: 52.992, Time: 9615.72 |
|Train : Update 289000. Negative ELBO : 514.401, BCE: 451.109, KLD_latent: 10.579, KLD_decoder_params_norm: 52.712, Time: 9648.67 |
|Train : Update 290000. Negative ELBO : 512.082, BCE: 449.575, KLD_latent: 10.075, KLD_decoder_params_norm: 52.433, Time: 9681.77 |
|Train : Update 291000. Negative ELBO : 511.700, BCE: 449.811, KLD_latent: 9.730, KLD_decoder_params_norm: 52.159, Time: 9714.77 |
|Train : Update 292000. Negative ELBO : 510.696, BCE: 448.389, KLD_latent: 10.418, KLD_decoder_params_norm: 51.889, Time: 9747.78 |
|Train : Update 293000. Negative ELBO : 515.896, BCE: 454.169, KLD_latent: 10.102, KLD_decoder_params_norm: 51.625, Time: 9780.79 |
|Train : Update 294000. Negative ELBO : 510.754, BCE: 448.787, KLD_latent: 10.608, KLD_decoder_params_norm: 51.358, Time: 9814.05 |
|Train : Update 295000. Negative ELBO : 512.247, BCE: 450.457, KLD_latent: 10.702, KLD_decoder_params_norm: 51.089, Time: 9847.61 |
|Train : Update 296000. Negative ELBO : 514.175, BCE: 453.164, KLD_latent: 10.174, KLD_decoder_params_norm: 50.836, Time: 9881.12 |
|Train : Update 297000. Negative ELBO : 509.789, BCE: 449.251, KLD_latent: 9.964, KLD_decoder_params_norm: 50.574, Time: 9914.65 |
|Train : Update 298000. Negative ELBO : 510.721, BCE: 450.220, KLD_latent: 10.179, KLD_decoder_params_norm: 50.323, Time: 9948.17 |
|Train : Update 299000. Negative ELBO : 504.679, BCE: 444.492, KLD_latent: 10.110, KLD_decoder_params_norm: 50.077, Time: 9981.76 |
|Train : Update 300000. Negative ELBO : 507.727, BCE: 447.351, KLD_latent: 10.546, KLD_decoder_params_norm: 49.830, Time: 10015.27 |
|Train : Update 301000. Negative ELBO : 507.673, BCE: 448.122, KLD_latent: 9.964, KLD_decoder_params_norm: 49.587, Time: 10048.81 |
|Train : Update 302000. Negative ELBO : 509.855, BCE: 450.423, KLD_latent: 10.087, KLD_decoder_params_norm: 49.345, Time: 10082.35 |
|Train : Update 303000. Negative ELBO : 505.913, BCE: 445.896, KLD_latent: 10.913, KLD_decoder_params_norm: 49.104, Time: 10115.89 |
|Train : Update 304000. Negative ELBO : 510.921, BCE: 452.062, KLD_latent: 9.987, KLD_decoder_params_norm: 48.872, Time: 10149.40 |
|Train : Update 305000. Negative ELBO : 503.157, BCE: 444.627, KLD_latent: 9.894, KLD_decoder_params_norm: 48.636, Time: 10182.93 |
|Train : Update 306000. Negative ELBO : 503.245, BCE: 444.958, KLD_latent: 9.880, KLD_decoder_params_norm: 48.407, Time: 10216.43 |
|Train : Update 307000. Negative ELBO : 510.395, BCE: 451.871, KLD_latent: 10.347, KLD_decoder_params_norm: 48.176, Time: 10249.93 |
|Train : Update 308000. Negative ELBO : 507.709, BCE: 449.567, KLD_latent: 10.188, KLD_decoder_params_norm: 47.955, Time: 10283.42 |
|Train : Update 309000. Negative ELBO : 506.585, BCE: 448.919, KLD_latent: 9.935, KLD_decoder_params_norm: 47.731, Time: 10316.92 |
|Train : Update 310000. Negative ELBO : 504.008, BCE: 446.018, KLD_latent: 10.475, KLD_decoder_params_norm: 47.515, Time: 10350.43 |
|Train : Update 311000. Negative ELBO : 501.854, BCE: 445.363, KLD_latent: 9.192, KLD_decoder_params_norm: 47.299, Time: 10383.93 |
|Train : Update 312000. Negative ELBO : 506.371, BCE: 449.361, KLD_latent: 9.924, KLD_decoder_params_norm: 47.086, Time: 10417.43 |
|Train : Update 313000. Negative ELBO : 506.060, BCE: 448.928, KLD_latent: 10.256, KLD_decoder_params_norm: 46.875, Time: 10450.93 |
|Train : Update 314000. Negative ELBO : 501.748, BCE: 444.355, KLD_latent: 10.723, KLD_decoder_params_norm: 46.670, Time: 10484.42 |
|Train : Update 315000. Negative ELBO : 499.084, BCE: 441.993, KLD_latent: 10.632, KLD_decoder_params_norm: 46.459, Time: 10517.93 |
|Train : Update 316000. Negative ELBO : 505.194, BCE: 448.089, KLD_latent: 10.851, KLD_decoder_params_norm: 46.254, Time: 10551.46 |
|Train : Update 317000. Negative ELBO : 501.328, BCE: 444.613, KLD_latent: 10.667, KLD_decoder_params_norm: 46.048, Time: 10584.96 |
|Train : Update 318000. Negative ELBO : 513.516, BCE: 456.765, KLD_latent: 10.901, KLD_decoder_params_norm: 45.850, Time: 10618.60 |
|Train : Update 319000. Negative ELBO : 500.692, BCE: 444.700, KLD_latent: 10.338, KLD_decoder_params_norm: 45.654, Time: 10652.21 |
|Train : Update 320000. Negative ELBO : 503.983, BCE: 448.084, KLD_latent: 10.440, KLD_decoder_params_norm: 45.459, Time: 10685.82 |
|Train : Update 321000. Negative ELBO : 506.852, BCE: 451.303, KLD_latent: 10.283, KLD_decoder_params_norm: 45.266, Time: 10719.41 |
|Train : Update 322000. Negative ELBO : 505.485, BCE: 450.444, KLD_latent: 9.963, KLD_decoder_params_norm: 45.078, Time: 10753.02 |
|Train : Update 323000. Negative ELBO : 504.083, BCE: 449.446, KLD_latent: 9.752, KLD_decoder_params_norm: 44.885, Time: 10786.52 |
|Train : Update 324000. Negative ELBO : 502.847, BCE: 448.018, KLD_latent: 10.133, KLD_decoder_params_norm: 44.695, Time: 10820.01 |
|Train : Update 325000. Negative ELBO : 502.948, BCE: 448.066, KLD_latent: 10.368, KLD_decoder_params_norm: 44.515, Time: 10853.50 |
|Train : Update 326000. Negative ELBO : 503.848, BCE: 449.236, KLD_latent: 10.281, KLD_decoder_params_norm: 44.331, Time: 10886.99 |
|Train : Update 327000. Negative ELBO : 507.454, BCE: 453.275, KLD_latent: 10.027, KLD_decoder_params_norm: 44.152, Time: 10920.48 |
|Train : Update 328000. Negative ELBO : 507.727, BCE: 453.530, KLD_latent: 10.227, KLD_decoder_params_norm: 43.970, Time: 10953.97 |
|Train : Update 329000. Negative ELBO : 500.987, BCE: 446.993, KLD_latent: 10.202, KLD_decoder_params_norm: 43.792, Time: 10987.43 |
|Train : Update 330000. Negative ELBO : 499.985, BCE: 446.628, KLD_latent: 9.739, KLD_decoder_params_norm: 43.618, Time: 11020.97 |
|Train : Update 331000. Negative ELBO : 500.346, BCE: 446.933, KLD_latent: 9.972, KLD_decoder_params_norm: 43.441, Time: 11054.82 |
|Train : Update 332000. Negative ELBO : 500.803, BCE: 447.207, KLD_latent: 10.326, KLD_decoder_params_norm: 43.269, Time: 11088.78 |
|Train : Update 333000. Negative ELBO : 504.695, BCE: 451.193, KLD_latent: 10.399, KLD_decoder_params_norm: 43.102, Time: 11122.74 |
|Train : Update 334000. Negative ELBO : 506.304, BCE: 452.741, KLD_latent: 10.628, KLD_decoder_params_norm: 42.935, Time: 11156.54 |
|Train : Update 335000. Negative ELBO : 496.010, BCE: 442.886, KLD_latent: 10.353, KLD_decoder_params_norm: 42.771, Time: 11190.31 |
|Train : Update 336000. Negative ELBO : 498.360, BCE: 445.576, KLD_latent: 10.174, KLD_decoder_params_norm: 42.610, Time: 11223.97 |
|Train : Update 337000. Negative ELBO : 501.193, BCE: 448.544, KLD_latent: 10.197, KLD_decoder_params_norm: 42.452, Time: 11257.62 |
|Train : Update 338000. Negative ELBO : 502.421, BCE: 449.682, KLD_latent: 10.446, KLD_decoder_params_norm: 42.292, Time: 11291.25 |
|Train : Update 339000. Negative ELBO : 501.212, BCE: 449.130, KLD_latent: 9.948, KLD_decoder_params_norm: 42.133, Time: 11324.82 |
|Train : Update 340000. Negative ELBO : 500.918, BCE: 448.487, KLD_latent: 10.454, KLD_decoder_params_norm: 41.977, Time: 11358.27 |
|Train : Update 341000. Negative ELBO : 501.973, BCE: 450.232, KLD_latent: 9.918, KLD_decoder_params_norm: 41.824, Time: 11391.78 |
|Train : Update 342000. Negative ELBO : 502.162, BCE: 449.849, KLD_latent: 10.644, KLD_decoder_params_norm: 41.669, Time: 11425.22 |
|Train : Update 343000. Negative ELBO : 500.884, BCE: 449.448, KLD_latent: 9.917, KLD_decoder_params_norm: 41.520, Time: 11458.67 |
|Train : Update 344000. Negative ELBO : 505.520, BCE: 454.232, KLD_latent: 9.921, KLD_decoder_params_norm: 41.367, Time: 11492.12 |
|Train : Update 345000. Negative ELBO : 499.208, BCE: 447.398, KLD_latent: 10.591, KLD_decoder_params_norm: 41.219, Time: 11525.57 |
|Train : Update 346000. Negative ELBO : 500.999, BCE: 449.994, KLD_latent: 9.931, KLD_decoder_params_norm: 41.075, Time: 11559.02 |
|Train : Update 347000. Negative ELBO : 493.247, BCE: 442.486, KLD_latent: 9.835, KLD_decoder_params_norm: 40.926, Time: 11592.46 |
|Train : Update 348000. Negative ELBO : 499.256, BCE: 448.799, KLD_latent: 9.682, KLD_decoder_params_norm: 40.775, Time: 11625.91 |
|Train : Update 349000. Negative ELBO : 494.041, BCE: 443.481, KLD_latent: 9.925, KLD_decoder_params_norm: 40.636, Time: 11659.37 |
|Train : Update 350000. Negative ELBO : 506.871, BCE: 455.725, KLD_latent: 10.651, KLD_decoder_params_norm: 40.494, Time: 11692.82 |
|Train : Update 351000. Negative ELBO : 496.902, BCE: 445.977, KLD_latent: 10.568, KLD_decoder_params_norm: 40.357, Time: 11726.28 |
|Train : Update 352000. Negative ELBO : 503.163, BCE: 453.485, KLD_latent: 9.462, KLD_decoder_params_norm: 40.216, Time: 11759.73 |
|Train : Update 353000. Negative ELBO : 494.507, BCE: 444.384, KLD_latent: 10.040, KLD_decoder_params_norm: 40.083, Time: 11793.18 |
|Train : Update 354000. Negative ELBO : 516.098, BCE: 466.138, KLD_latent: 10.008, KLD_decoder_params_norm: 39.952, Time: 11826.63 |
|Train : Update 355000. Negative ELBO : 496.643, BCE: 446.600, KLD_latent: 10.221, KLD_decoder_params_norm: 39.822, Time: 11860.07 |
|Train : Update 356000. Negative ELBO : 507.892, BCE: 458.263, KLD_latent: 9.936, KLD_decoder_params_norm: 39.693, Time: 11893.57 |
|Train : Update 357000. Negative ELBO : 500.074, BCE: 450.463, KLD_latent: 10.049, KLD_decoder_params_norm: 39.562, Time: 11927.02 |
|Train : Update 358000. Negative ELBO : 500.673, BCE: 451.043, KLD_latent: 10.193, KLD_decoder_params_norm: 39.437, Time: 11960.47 |
|Train : Update 359000. Negative ELBO : 496.356, BCE: 447.085, KLD_latent: 9.962, KLD_decoder_params_norm: 39.308, Time: 11993.91 |
|Train : Update 360000. Negative ELBO : 495.638, BCE: 446.678, KLD_latent: 9.779, KLD_decoder_params_norm: 39.180, Time: 12027.36 |
|Train : Update 361000. Negative ELBO : 501.839, BCE: 452.610, KLD_latent: 10.170, KLD_decoder_params_norm: 39.058, Time: 12060.82 |
|Train : Update 362000. Negative ELBO : 494.970, BCE: 445.588, KLD_latent: 10.448, KLD_decoder_params_norm: 38.934, Time: 12094.27 |
|Train : Update 363000. Negative ELBO : 503.265, BCE: 453.893, KLD_latent: 10.561, KLD_decoder_params_norm: 38.812, Time: 12127.72 |
|Train : Update 364000. Negative ELBO : 502.503, BCE: 453.722, KLD_latent: 10.091, KLD_decoder_params_norm: 38.689, Time: 12161.16 |
|Train : Update 365000. Negative ELBO : 498.726, BCE: 449.500, KLD_latent: 10.655, KLD_decoder_params_norm: 38.571, Time: 12194.62 |
|Train : Update 366000. Negative ELBO : 494.707, BCE: 445.839, KLD_latent: 10.417, KLD_decoder_params_norm: 38.451, Time: 12228.07 |
|Train : Update 367000. Negative ELBO : 498.228, BCE: 449.707, KLD_latent: 10.189, KLD_decoder_params_norm: 38.333, Time: 12261.53 |
|Train : Update 368000. Negative ELBO : 496.360, BCE: 448.435, KLD_latent: 9.709, KLD_decoder_params_norm: 38.215, Time: 12294.98 |
|Train : Update 369000. Negative ELBO : 498.287, BCE: 450.176, KLD_latent: 10.007, KLD_decoder_params_norm: 38.104, Time: 12328.43 |
|Train : Update 370000. Negative ELBO : 498.085, BCE: 450.340, KLD_latent: 9.753, KLD_decoder_params_norm: 37.991, Time: 12361.88 |
|Train : Update 371000. Negative ELBO : 494.764, BCE: 446.792, KLD_latent: 10.092, KLD_decoder_params_norm: 37.880, Time: 12395.36 |
|Train : Update 372000. Negative ELBO : 499.242, BCE: 450.805, KLD_latent: 10.668, KLD_decoder_params_norm: 37.769, Time: 12428.83 |
|Train : Update 373000. Negative ELBO : 500.473, BCE: 452.986, KLD_latent: 9.829, KLD_decoder_params_norm: 37.657, Time: 12462.31 |
|Train : Update 374000. Negative ELBO : 494.729, BCE: 447.124, KLD_latent: 10.056, KLD_decoder_params_norm: 37.549, Time: 12495.83 |
|Train : Update 375000. Negative ELBO : 498.259, BCE: 450.098, KLD_latent: 10.726, KLD_decoder_params_norm: 37.435, Time: 12529.39 |
|Train : Update 376000. Negative ELBO : 491.163, BCE: 443.959, KLD_latent: 9.873, KLD_decoder_params_norm: 37.331, Time: 12562.97 |
|Train : Update 377000. Negative ELBO : 500.405, BCE: 452.927, KLD_latent: 10.254, KLD_decoder_params_norm: 37.225, Time: 12596.53 |
|Train : Update 378000. Negative ELBO : 497.389, BCE: 450.568, KLD_latent: 9.698, KLD_decoder_params_norm: 37.124, Time: 12630.08 |
|Train : Update 379000. Negative ELBO : 502.063, BCE: 454.930, KLD_latent: 10.108, KLD_decoder_params_norm: 37.025, Time: 12663.62 |
|Train : Update 380000. Negative ELBO : 489.454, BCE: 442.878, KLD_latent: 9.649, KLD_decoder_params_norm: 36.927, Time: 12697.18 |
|Train : Update 381000. Negative ELBO : 496.459, BCE: 449.636, KLD_latent: 9.998, KLD_decoder_params_norm: 36.825, Time: 12730.73 |
|Train : Update 382000. Negative ELBO : 502.856, BCE: 455.607, KLD_latent: 10.523, KLD_decoder_params_norm: 36.726, Time: 12764.29 |
|Train : Update 383000. Negative ELBO : 496.315, BCE: 449.829, KLD_latent: 9.857, KLD_decoder_params_norm: 36.629, Time: 12797.83 |
|Train : Update 384000. Negative ELBO : 494.930, BCE: 447.975, KLD_latent: 10.425, KLD_decoder_params_norm: 36.529, Time: 12831.40 |
|Train : Update 385000. Negative ELBO : 493.140, BCE: 446.848, KLD_latent: 9.855, KLD_decoder_params_norm: 36.436, Time: 12864.96 |
|Train : Update 386000. Negative ELBO : 494.096, BCE: 447.650, KLD_latent: 10.103, KLD_decoder_params_norm: 36.342, Time: 12898.54 |
|Train : Update 387000. Negative ELBO : 496.195, BCE: 450.161, KLD_latent: 9.785, KLD_decoder_params_norm: 36.249, Time: 12932.11 |
|Train : Update 388000. Negative ELBO : 496.519, BCE: 449.988, KLD_latent: 10.375, KLD_decoder_params_norm: 36.157, Time: 12965.65 |
|Train : Update 389000. Negative ELBO : 492.535, BCE: 446.727, KLD_latent: 9.740, KLD_decoder_params_norm: 36.067, Time: 12999.20 |
|Train : Update 390000. Negative ELBO : 493.385, BCE: 447.440, KLD_latent: 9.967, KLD_decoder_params_norm: 35.978, Time: 13032.78 |
|Train : Update 391000. Negative ELBO : 501.077, BCE: 454.149, KLD_latent: 11.034, KLD_decoder_params_norm: 35.894, Time: 13066.34 |
|Train : Update 392000. Negative ELBO : 492.242, BCE: 446.235, KLD_latent: 10.194, KLD_decoder_params_norm: 35.814, Time: 13099.93 |
|Train : Update 393000. Negative ELBO : 496.270, BCE: 450.380, KLD_latent: 10.164, KLD_decoder_params_norm: 35.726, Time: 13133.44 |
|Train : Update 394000. Negative ELBO : 491.546, BCE: 445.898, KLD_latent: 10.008, KLD_decoder_params_norm: 35.640, Time: 13166.95 |
|Train : Update 395000. Negative ELBO : 496.774, BCE: 450.874, KLD_latent: 10.347, KLD_decoder_params_norm: 35.553, Time: 13200.47 |
|Train : Update 396000. Negative ELBO : 490.520, BCE: 444.624, KLD_latent: 10.429, KLD_decoder_params_norm: 35.468, Time: 13234.00 |
|Train : Update 397000. Negative ELBO : 493.309, BCE: 447.988, KLD_latent: 9.932, KLD_decoder_params_norm: 35.389, Time: 13267.52 |
|Train : Update 398000. Negative ELBO : 499.235, BCE: 453.849, KLD_latent: 10.079, KLD_decoder_params_norm: 35.308, Time: 13301.04 |
|Train : Update 399000. Negative ELBO : 489.562, BCE: 445.150, KLD_latent: 9.186, KLD_decoder_params_norm: 35.227, Time: 13334.56 |
|Train : Update 400000. Negative ELBO : 491.270, BCE: 446.211, KLD_latent: 9.916, KLD_decoder_params_norm: 35.144, Time: 13368.10 |
