Number of sequences in alignment file:	20541
Neff:	2993.2320186718416
Alignment sequence length:	498
Number of sequences in alignment file:	20541
Neff:	2984.9130173664
Alignment sequence length:	498
|Train : Update 1000. Negative ELBO : 63343.008, BCE: 463.202, KLD_latent: 1.318, KLD_decoder_params_norm: 62878.488, Time: 53.01 |
|Train : Update 2000. Negative ELBO : 62638.043, BCE: 461.331, KLD_latent: 1.697, KLD_decoder_params_norm: 62175.012, Time: 104.25 |
|Train : Update 3000. Negative ELBO : 61931.633, BCE: 459.471, KLD_latent: 2.241, KLD_decoder_params_norm: 61469.918, Time: 155.54 |
|Train : Update 4000. Negative ELBO : 61220.594, BCE: 453.247, KLD_latent: 3.203, KLD_decoder_params_norm: 60764.145, Time: 206.74 |
|Train : Update 5000. Negative ELBO : 60513.762, BCE: 452.041, KLD_latent: 3.544, KLD_decoder_params_norm: 60058.180, Time: 257.94 |
|Train : Update 6000. Negative ELBO : 59805.320, BCE: 447.372, KLD_latent: 5.725, KLD_decoder_params_norm: 59352.223, Time: 309.13 |
|Train : Update 7000. Negative ELBO : 59097.988, BCE: 444.708, KLD_latent: 6.860, KLD_decoder_params_norm: 58646.422, Time: 360.32 |
|Train : Update 8000. Negative ELBO : 58386.953, BCE: 439.631, KLD_latent: 6.461, KLD_decoder_params_norm: 57940.863, Time: 411.48 |
|Train : Update 9000. Negative ELBO : 57681.188, BCE: 437.119, KLD_latent: 8.467, KLD_decoder_params_norm: 57235.602, Time: 462.62 |
|Train : Update 10000. Negative ELBO : 56968.695, BCE: 428.425, KLD_latent: 9.646, KLD_decoder_params_norm: 56530.625, Time: 513.80 |
|Train : Update 11000. Negative ELBO : 56265.316, BCE: 429.811, KLD_latent: 9.513, KLD_decoder_params_norm: 55825.992, Time: 565.00 |
|Train : Update 12000. Negative ELBO : 55557.352, BCE: 424.215, KLD_latent: 11.554, KLD_decoder_params_norm: 55121.582, Time: 616.15 |
|Train : Update 13000. Negative ELBO : 54852.695, BCE: 423.862, KLD_latent: 11.336, KLD_decoder_params_norm: 54417.496, Time: 667.34 |
|Train : Update 14000. Negative ELBO : 54148.684, BCE: 423.213, KLD_latent: 11.804, KLD_decoder_params_norm: 53713.668, Time: 718.45 |
|Train : Update 15000. Negative ELBO : 53439.062, BCE: 416.365, KLD_latent: 12.525, KLD_decoder_params_norm: 53010.176, Time: 769.51 |
|Train : Update 16000. Negative ELBO : 52733.105, BCE: 412.421, KLD_latent: 13.668, KLD_decoder_params_norm: 52307.016, Time: 820.58 |
|Train : Update 17000. Negative ELBO : 52025.617, BCE: 407.348, KLD_latent: 14.053, KLD_decoder_params_norm: 51604.219, Time: 871.65 |
|Train : Update 18000. Negative ELBO : 51321.605, BCE: 404.084, KLD_latent: 15.737, KLD_decoder_params_norm: 50901.785, Time: 922.71 |
|Train : Update 19000. Negative ELBO : 50623.859, BCE: 408.010, KLD_latent: 16.159, KLD_decoder_params_norm: 50199.688, Time: 973.77 |
|Train : Update 20000. Negative ELBO : 49917.449, BCE: 404.840, KLD_latent: 14.648, KLD_decoder_params_norm: 49497.961, Time: 1024.84 |
|Train : Update 21000. Negative ELBO : 49212.906, BCE: 400.170, KLD_latent: 16.062, KLD_decoder_params_norm: 48796.676, Time: 1075.88 |
|Train : Update 22000. Negative ELBO : 48512.953, BCE: 400.622, KLD_latent: 16.537, KLD_decoder_params_norm: 48095.797, Time: 1126.94 |
|Train : Update 23000. Negative ELBO : 47810.336, BCE: 398.919, KLD_latent: 16.104, KLD_decoder_params_norm: 47395.312, Time: 1177.99 |
|Train : Update 24000. Negative ELBO : 47109.688, BCE: 397.714, KLD_latent: 16.724, KLD_decoder_params_norm: 46695.250, Time: 1229.07 |
|Train : Update 25000. Negative ELBO : 46407.219, BCE: 394.328, KLD_latent: 17.237, KLD_decoder_params_norm: 45995.652, Time: 1280.16 |
|Train : Update 26000. Negative ELBO : 45708.363, BCE: 393.971, KLD_latent: 17.870, KLD_decoder_params_norm: 45296.520, Time: 1331.21 |
|Train : Update 27000. Negative ELBO : 45010.648, BCE: 395.827, KLD_latent: 16.993, KLD_decoder_params_norm: 44597.828, Time: 1382.27 |
|Train : Update 28000. Negative ELBO : 44314.703, BCE: 396.596, KLD_latent: 18.577, KLD_decoder_params_norm: 43899.527, Time: 1433.31 |
|Train : Update 29000. Negative ELBO : 43611.773, BCE: 392.636, KLD_latent: 17.460, KLD_decoder_params_norm: 43201.676, Time: 1484.35 |
|Train : Update 30000. Negative ELBO : 42916.621, BCE: 395.020, KLD_latent: 17.367, KLD_decoder_params_norm: 42504.234, Time: 1535.40 |
|Train : Update 31000. Negative ELBO : 42213.348, BCE: 387.749, KLD_latent: 18.368, KLD_decoder_params_norm: 41807.230, Time: 1586.46 |
|Train : Update 32000. Negative ELBO : 41519.453, BCE: 390.323, KLD_latent: 18.471, KLD_decoder_params_norm: 41110.660, Time: 1637.57 |
|Train : Update 33000. Negative ELBO : 40821.777, BCE: 388.018, KLD_latent: 19.223, KLD_decoder_params_norm: 40414.535, Time: 1688.59 |
|Train : Update 34000. Negative ELBO : 40127.270, BCE: 390.134, KLD_latent: 18.292, KLD_decoder_params_norm: 39718.844, Time: 1739.64 |
|Train : Update 35000. Negative ELBO : 39433.320, BCE: 390.503, KLD_latent: 19.239, KLD_decoder_params_norm: 39023.578, Time: 1790.67 |
|Train : Update 36000. Negative ELBO : 38735.312, BCE: 387.551, KLD_latent: 19.017, KLD_decoder_params_norm: 38328.746, Time: 1841.71 |
|Train : Update 37000. Negative ELBO : 38041.090, BCE: 388.950, KLD_latent: 17.785, KLD_decoder_params_norm: 37634.355, Time: 1892.71 |
|Train : Update 38000. Negative ELBO : 37347.594, BCE: 388.813, KLD_latent: 18.318, KLD_decoder_params_norm: 36940.465, Time: 1943.74 |
|Train : Update 39000. Negative ELBO : 36654.309, BCE: 387.722, KLD_latent: 19.591, KLD_decoder_params_norm: 36246.996, Time: 1994.77 |
|Train : Update 40000. Negative ELBO : 35961.594, BCE: 389.150, KLD_latent: 18.416, KLD_decoder_params_norm: 35554.027, Time: 2045.81 |
|Train : Update 41000. Negative ELBO : 35270.570, BCE: 390.076, KLD_latent: 18.960, KLD_decoder_params_norm: 34861.535, Time: 2096.87 |
|Train : Update 42000. Negative ELBO : 34574.473, BCE: 385.579, KLD_latent: 19.322, KLD_decoder_params_norm: 34169.574, Time: 2147.92 |
|Train : Update 43000. Negative ELBO : 33885.738, BCE: 388.542, KLD_latent: 19.036, KLD_decoder_params_norm: 33478.160, Time: 2199.05 |
|Train : Update 44000. Negative ELBO : 33191.984, BCE: 385.684, KLD_latent: 19.004, KLD_decoder_params_norm: 32787.297, Time: 2250.12 |
|Train : Update 45000. Negative ELBO : 32504.516, BCE: 388.499, KLD_latent: 19.031, KLD_decoder_params_norm: 32096.984, Time: 2301.19 |
|Train : Update 46000. Negative ELBO : 31814.475, BCE: 388.187, KLD_latent: 18.963, KLD_decoder_params_norm: 31407.324, Time: 2352.28 |
|Train : Update 47000. Negative ELBO : 31125.248, BCE: 387.564, KLD_latent: 19.384, KLD_decoder_params_norm: 30718.299, Time: 2403.37 |
|Train : Update 48000. Negative ELBO : 30437.934, BCE: 388.619, KLD_latent: 19.340, KLD_decoder_params_norm: 30029.975, Time: 2454.44 |
|Train : Update 49000. Negative ELBO : 29747.932, BCE: 386.828, KLD_latent: 18.714, KLD_decoder_params_norm: 29342.389, Time: 2505.51 |
|Train : Update 50000. Negative ELBO : 29064.164, BCE: 388.985, KLD_latent: 19.606, KLD_decoder_params_norm: 28655.574, Time: 2556.55 |
|Train : Update 51000. Negative ELBO : 28376.332, BCE: 386.998, KLD_latent: 19.768, KLD_decoder_params_norm: 27969.566, Time: 2607.71 |
|Train : Update 52000. Negative ELBO : 27687.957, BCE: 384.133, KLD_latent: 19.324, KLD_decoder_params_norm: 27284.500, Time: 2659.08 |
|Train : Update 53000. Negative ELBO : 27011.670, BCE: 392.589, KLD_latent: 18.579, KLD_decoder_params_norm: 26600.504, Time: 2710.20 |
|Train : Update 54000. Negative ELBO : 26324.295, BCE: 387.439, KLD_latent: 19.151, KLD_decoder_params_norm: 25917.703, Time: 2761.29 |
|Train : Update 55000. Negative ELBO : 25646.195, BCE: 390.153, KLD_latent: 19.673, KLD_decoder_params_norm: 25236.369, Time: 2812.40 |
|Train : Update 56000. Negative ELBO : 24965.719, BCE: 389.818, KLD_latent: 19.327, KLD_decoder_params_norm: 24556.574, Time: 2863.76 |
|Train : Update 57000. Negative ELBO : 24290.062, BCE: 392.130, KLD_latent: 19.776, KLD_decoder_params_norm: 23878.156, Time: 2914.89 |
|Train : Update 58000. Negative ELBO : 23608.482, BCE: 387.883, KLD_latent: 19.461, KLD_decoder_params_norm: 23201.139, Time: 2966.00 |
|Train : Update 59000. Negative ELBO : 22931.283, BCE: 386.605, KLD_latent: 19.084, KLD_decoder_params_norm: 22525.594, Time: 3017.11 |
|Train : Update 60000. Negative ELBO : 22257.559, BCE: 386.247, KLD_latent: 19.780, KLD_decoder_params_norm: 21851.533, Time: 3068.21 |
|Train : Update 61000. Negative ELBO : 21584.121, BCE: 386.688, KLD_latent: 19.011, KLD_decoder_params_norm: 21178.422, Time: 3119.29 |
|Train : Update 62000. Negative ELBO : 20914.414, BCE: 388.081, KLD_latent: 19.120, KLD_decoder_params_norm: 20507.213, Time: 3170.36 |
|Train : Update 63000. Negative ELBO : 20245.469, BCE: 388.423, KLD_latent: 18.892, KLD_decoder_params_norm: 19838.152, Time: 3221.43 |
|Train : Update 64000. Negative ELBO : 19580.795, BCE: 389.820, KLD_latent: 19.566, KLD_decoder_params_norm: 19171.408, Time: 3272.52 |
|Train : Update 65000. Negative ELBO : 18916.477, BCE: 390.668, KLD_latent: 18.767, KLD_decoder_params_norm: 18507.041, Time: 3323.58 |
|Train : Update 66000. Negative ELBO : 18258.533, BCE: 393.919, KLD_latent: 19.415, KLD_decoder_params_norm: 17845.199, Time: 3374.66 |
|Train : Update 67000. Negative ELBO : 17593.162, BCE: 388.266, KLD_latent: 18.824, KLD_decoder_params_norm: 17186.072, Time: 3425.73 |
|Train : Update 68000. Negative ELBO : 16942.570, BCE: 393.707, KLD_latent: 18.910, KLD_decoder_params_norm: 16529.953, Time: 3476.77 |
|Train : Update 69000. Negative ELBO : 16288.007, BCE: 392.545, KLD_latent: 18.327, KLD_decoder_params_norm: 15877.135, Time: 3527.85 |
|Train : Update 70000. Negative ELBO : 15640.322, BCE: 393.823, KLD_latent: 18.436, KLD_decoder_params_norm: 15228.062, Time: 3578.92 |
|Train : Update 71000. Negative ELBO : 14996.781, BCE: 394.397, KLD_latent: 19.307, KLD_decoder_params_norm: 14583.077, Time: 3629.99 |
|Train : Update 72000. Negative ELBO : 14355.688, BCE: 394.726, KLD_latent: 18.545, KLD_decoder_params_norm: 13942.417, Time: 3681.06 |
|Train : Update 73000. Negative ELBO : 13718.573, BCE: 393.623, KLD_latent: 18.565, KLD_decoder_params_norm: 13306.385, Time: 3732.12 |
|Train : Update 74000. Negative ELBO : 13091.084, BCE: 397.074, KLD_latent: 18.400, KLD_decoder_params_norm: 12675.609, Time: 3783.20 |
|Train : Update 75000. Negative ELBO : 12467.601, BCE: 398.856, KLD_latent: 18.121, KLD_decoder_params_norm: 12050.623, Time: 3834.26 |
|Train : Update 76000. Negative ELBO : 11847.573, BCE: 397.111, KLD_latent: 18.683, KLD_decoder_params_norm: 11431.779, Time: 3885.32 |
|Train : Update 77000. Negative ELBO : 11241.045, BCE: 402.958, KLD_latent: 18.335, KLD_decoder_params_norm: 10819.751, Time: 3936.37 |
|Train : Update 78000. Negative ELBO : 10635.253, BCE: 401.475, KLD_latent: 18.575, KLD_decoder_params_norm: 10215.202, Time: 3987.44 |
|Train : Update 79000. Negative ELBO : 10040.689, BCE: 403.340, KLD_latent: 18.573, KLD_decoder_params_norm: 9618.777, Time: 4038.50 |
|Train : Update 80000. Negative ELBO : 9452.771, BCE: 403.107, KLD_latent: 18.432, KLD_decoder_params_norm: 9031.231, Time: 4089.57 |
|Train : Update 81000. Negative ELBO : 8879.187, BCE: 407.405, KLD_latent: 18.302, KLD_decoder_params_norm: 8453.479, Time: 4140.64 |
|Train : Update 82000. Negative ELBO : 8310.076, BCE: 405.665, KLD_latent: 18.077, KLD_decoder_params_norm: 7886.333, Time: 4191.68 |
|Train : Update 83000. Negative ELBO : 7748.895, BCE: 400.625, KLD_latent: 17.446, KLD_decoder_params_norm: 7330.824, Time: 4242.74 |
|Train : Update 84000. Negative ELBO : 7210.742, BCE: 404.714, KLD_latent: 17.954, KLD_decoder_params_norm: 6788.074, Time: 4293.82 |
|Train : Update 85000. Negative ELBO : 6686.020, BCE: 408.854, KLD_latent: 18.015, KLD_decoder_params_norm: 6259.150, Time: 4344.90 |
|Train : Update 86000. Negative ELBO : 6170.685, BCE: 407.278, KLD_latent: 18.112, KLD_decoder_params_norm: 5745.295, Time: 4395.95 |
|Train : Update 87000. Negative ELBO : 5673.963, BCE: 408.048, KLD_latent: 17.996, KLD_decoder_params_norm: 5247.918, Time: 4447.03 |
|Train : Update 88000. Negative ELBO : 5200.054, BCE: 413.249, KLD_latent: 18.243, KLD_decoder_params_norm: 4768.562, Time: 4498.11 |
|Train : Update 89000. Negative ELBO : 4735.785, BCE: 409.882, KLD_latent: 17.120, KLD_decoder_params_norm: 4308.783, Time: 4549.16 |
|Train : Update 90000. Negative ELBO : 4299.529, BCE: 412.236, KLD_latent: 17.044, KLD_decoder_params_norm: 3870.248, Time: 4600.25 |
|Train : Update 91000. Negative ELBO : 3884.526, BCE: 413.105, KLD_latent: 16.571, KLD_decoder_params_norm: 3454.850, Time: 4651.32 |
|Train : Update 92000. Negative ELBO : 3491.879, BCE: 410.576, KLD_latent: 16.887, KLD_decoder_params_norm: 3064.416, Time: 4702.37 |
|Train : Update 93000. Negative ELBO : 3135.234, BCE: 417.708, KLD_latent: 16.558, KLD_decoder_params_norm: 2700.968, Time: 4753.43 |
|Train : Update 94000. Negative ELBO : 2800.917, BCE: 417.425, KLD_latent: 17.055, KLD_decoder_params_norm: 2366.437, Time: 4804.49 |
|Train : Update 95000. Negative ELBO : 2498.119, BCE: 418.649, KLD_latent: 16.540, KLD_decoder_params_norm: 2062.930, Time: 4855.57 |
|Train : Update 96000. Negative ELBO : 2230.398, BCE: 421.694, KLD_latent: 16.365, KLD_decoder_params_norm: 1792.339, Time: 4906.71 |
|Train : Update 97000. Negative ELBO : 1995.958, BCE: 424.081, KLD_latent: 15.530, KLD_decoder_params_norm: 1556.347, Time: 4958.01 |
|Train : Update 98000. Negative ELBO : 1790.113, BCE: 418.503, KLD_latent: 15.444, KLD_decoder_params_norm: 1356.165, Time: 5009.21 |
|Train : Update 99000. Negative ELBO : 1632.885, BCE: 424.704, KLD_latent: 15.935, KLD_decoder_params_norm: 1192.246, Time: 5060.24 |
|Train : Update 100000. Negative ELBO : 1508.282, BCE: 429.047, KLD_latent: 15.526, KLD_decoder_params_norm: 1063.709, Time: 5111.28 |
|Train : Update 101000. Negative ELBO : 1412.466, BCE: 429.553, KLD_latent: 15.355, KLD_decoder_params_norm: 967.558, Time: 5162.33 |
|Train : Update 102000. Negative ELBO : 1338.972, BCE: 426.253, KLD_latent: 14.894, KLD_decoder_params_norm: 897.824, Time: 5213.36 |
|Train : Update 103000. Negative ELBO : 1291.933, BCE: 430.954, KLD_latent: 15.009, KLD_decoder_params_norm: 845.969, Time: 5264.41 |
|Train : Update 104000. Negative ELBO : 1254.880, BCE: 436.908, KLD_latent: 14.325, KLD_decoder_params_norm: 803.646, Time: 5315.44 |
|Train : Update 105000. Negative ELBO : 1210.228, BCE: 430.265, KLD_latent: 13.845, KLD_decoder_params_norm: 766.118, Time: 5366.46 |
|Train : Update 106000. Negative ELBO : 1179.878, BCE: 434.724, KLD_latent: 13.414, KLD_decoder_params_norm: 731.739, Time: 5417.53 |
|Train : Update 107000. Negative ELBO : 1145.332, BCE: 432.578, KLD_latent: 12.905, KLD_decoder_params_norm: 699.849, Time: 5468.57 |
|Train : Update 108000. Negative ELBO : 1120.436, BCE: 437.280, KLD_latent: 13.131, KLD_decoder_params_norm: 670.025, Time: 5519.62 |
|Train : Update 109000. Negative ELBO : 1092.526, BCE: 437.805, KLD_latent: 12.672, KLD_decoder_params_norm: 642.049, Time: 5570.65 |
|Train : Update 110000. Negative ELBO : 1070.886, BCE: 441.698, KLD_latent: 13.528, KLD_decoder_params_norm: 615.660, Time: 5621.67 |
|Train : Update 111000. Negative ELBO : 1042.680, BCE: 439.907, KLD_latent: 12.077, KLD_decoder_params_norm: 590.697, Time: 5672.70 |
|Train : Update 112000. Negative ELBO : 1018.471, BCE: 439.555, KLD_latent: 11.837, KLD_decoder_params_norm: 567.079, Time: 5723.74 |
|Train : Update 113000. Negative ELBO : 997.027, BCE: 440.565, KLD_latent: 11.782, KLD_decoder_params_norm: 544.681, Time: 5774.79 |
|Train : Update 114000. Negative ELBO : 973.948, BCE: 438.487, KLD_latent: 12.001, KLD_decoder_params_norm: 523.460, Time: 5825.84 |
|Train : Update 115000. Negative ELBO : 953.294, BCE: 438.233, KLD_latent: 11.758, KLD_decoder_params_norm: 503.303, Time: 5876.89 |
|Train : Update 116000. Negative ELBO : 934.230, BCE: 438.632, KLD_latent: 11.453, KLD_decoder_params_norm: 484.144, Time: 5927.92 |
|Train : Update 117000. Negative ELBO : 922.536, BCE: 445.695, KLD_latent: 10.881, KLD_decoder_params_norm: 465.961, Time: 5978.94 |
|Train : Update 118000. Negative ELBO : 905.215, BCE: 444.604, KLD_latent: 11.934, KLD_decoder_params_norm: 448.677, Time: 6029.94 |
|Train : Update 119000. Negative ELBO : 880.077, BCE: 436.774, KLD_latent: 11.072, KLD_decoder_params_norm: 432.231, Time: 6080.96 |
|Train : Update 120000. Negative ELBO : 876.072, BCE: 448.694, KLD_latent: 10.779, KLD_decoder_params_norm: 416.599, Time: 6131.97 |
|Train : Update 121000. Negative ELBO : 852.390, BCE: 440.169, KLD_latent: 10.503, KLD_decoder_params_norm: 401.718, Time: 6182.99 |
|Train : Update 122000. Negative ELBO : 843.134, BCE: 445.160, KLD_latent: 10.441, KLD_decoder_params_norm: 387.533, Time: 6234.00 |
|Train : Update 123000. Negative ELBO : 831.906, BCE: 447.390, KLD_latent: 10.484, KLD_decoder_params_norm: 374.032, Time: 6285.04 |
|Train : Update 124000. Negative ELBO : 817.734, BCE: 446.589, KLD_latent: 9.935, KLD_decoder_params_norm: 361.210, Time: 6336.05 |
|Train : Update 125000. Negative ELBO : 802.614, BCE: 443.607, KLD_latent: 10.061, KLD_decoder_params_norm: 348.945, Time: 6387.08 |
|Train : Update 126000. Negative ELBO : 790.100, BCE: 442.582, KLD_latent: 10.278, KLD_decoder_params_norm: 337.240, Time: 6438.10 |
|Train : Update 127000. Negative ELBO : 779.927, BCE: 444.251, KLD_latent: 9.573, KLD_decoder_params_norm: 326.104, Time: 6489.12 |
|Train : Update 128000. Negative ELBO : 771.352, BCE: 445.800, KLD_latent: 10.074, KLD_decoder_params_norm: 315.478, Time: 6540.14 |
|Train : Update 129000. Negative ELBO : 762.293, BCE: 447.209, KLD_latent: 9.756, KLD_decoder_params_norm: 305.327, Time: 6591.17 |
|Train : Update 130000. Negative ELBO : 753.559, BCE: 448.496, KLD_latent: 9.410, KLD_decoder_params_norm: 295.653, Time: 6642.20 |
|Train : Update 131000. Negative ELBO : 740.880, BCE: 445.219, KLD_latent: 9.292, KLD_decoder_params_norm: 286.368, Time: 6693.24 |
|Train : Update 132000. Negative ELBO : 741.740, BCE: 454.788, KLD_latent: 9.445, KLD_decoder_params_norm: 277.507, Time: 6744.29 |
|Train : Update 133000. Negative ELBO : 728.484, BCE: 450.193, KLD_latent: 9.230, KLD_decoder_params_norm: 269.061, Time: 6795.31 |
|Train : Update 134000. Negative ELBO : 720.978, BCE: 450.729, KLD_latent: 9.278, KLD_decoder_params_norm: 260.972, Time: 6846.37 |
|Train : Update 135000. Negative ELBO : 710.597, BCE: 447.679, KLD_latent: 9.648, KLD_decoder_params_norm: 253.270, Time: 6897.41 |
|Train : Update 136000. Negative ELBO : 709.151, BCE: 453.873, KLD_latent: 9.408, KLD_decoder_params_norm: 245.869, Time: 6948.47 |
|Train : Update 137000. Negative ELBO : 705.098, BCE: 457.494, KLD_latent: 8.796, KLD_decoder_params_norm: 238.808, Time: 6999.52 |
|Train : Update 138000. Negative ELBO : 687.270, BCE: 446.542, KLD_latent: 8.674, KLD_decoder_params_norm: 232.054, Time: 7050.57 |
|Train : Update 139000. Negative ELBO : 693.826, BCE: 458.450, KLD_latent: 9.798, KLD_decoder_params_norm: 225.578, Time: 7101.60 |
|Train : Update 140000. Negative ELBO : 678.397, BCE: 449.850, KLD_latent: 9.147, KLD_decoder_params_norm: 219.400, Time: 7152.65 |
|Train : Update 141000. Negative ELBO : 669.635, BCE: 447.866, KLD_latent: 8.317, KLD_decoder_params_norm: 213.452, Time: 7203.70 |
|Train : Update 142000. Negative ELBO : 668.328, BCE: 451.155, KLD_latent: 9.398, KLD_decoder_params_norm: 207.775, Time: 7254.74 |
|Train : Update 143000. Negative ELBO : 657.769, BCE: 446.672, KLD_latent: 8.762, KLD_decoder_params_norm: 202.335, Time: 7305.77 |
|Train : Update 144000. Negative ELBO : 664.943, BCE: 459.073, KLD_latent: 8.764, KLD_decoder_params_norm: 197.106, Time: 7356.80 |
|Train : Update 145000. Negative ELBO : 645.729, BCE: 444.702, KLD_latent: 8.937, KLD_decoder_params_norm: 192.090, Time: 7407.83 |
|Train : Update 146000. Negative ELBO : 649.440, BCE: 452.982, KLD_latent: 9.160, KLD_decoder_params_norm: 187.298, Time: 7458.86 |
|Train : Update 147000. Negative ELBO : 641.464, BCE: 449.879, KLD_latent: 8.879, KLD_decoder_params_norm: 182.707, Time: 7509.92 |
|Train : Update 148000. Negative ELBO : 634.550, BCE: 448.197, KLD_latent: 8.060, KLD_decoder_params_norm: 178.293, Time: 7561.00 |
|Train : Update 149000. Negative ELBO : 636.292, BCE: 453.448, KLD_latent: 8.801, KLD_decoder_params_norm: 174.043, Time: 7612.04 |
|Train : Update 150000. Negative ELBO : 629.732, BCE: 451.256, KLD_latent: 8.488, KLD_decoder_params_norm: 169.988, Time: 7663.10 |
|Train : Update 151000. Negative ELBO : 624.415, BCE: 449.461, KLD_latent: 8.882, KLD_decoder_params_norm: 166.072, Time: 7714.12 |
|Train : Update 152000. Negative ELBO : 623.811, BCE: 453.275, KLD_latent: 8.218, KLD_decoder_params_norm: 162.318, Time: 7765.15 |
|Train : Update 153000. Negative ELBO : 620.250, BCE: 453.489, KLD_latent: 8.054, KLD_decoder_params_norm: 158.707, Time: 7816.21 |
|Train : Update 154000. Negative ELBO : 614.163, BCE: 450.488, KLD_latent: 8.457, KLD_decoder_params_norm: 155.218, Time: 7867.28 |
|Train : Update 155000. Negative ELBO : 614.693, BCE: 454.013, KLD_latent: 8.815, KLD_decoder_params_norm: 151.865, Time: 7918.31 |
|Train : Update 156000. Negative ELBO : 608.925, BCE: 451.970, KLD_latent: 8.307, KLD_decoder_params_norm: 148.649, Time: 7969.34 |
|Train : Update 157000. Negative ELBO : 610.739, BCE: 456.628, KLD_latent: 8.581, KLD_decoder_params_norm: 145.531, Time: 8020.37 |
|Train : Update 158000. Negative ELBO : 603.146, BCE: 451.880, KLD_latent: 8.710, KLD_decoder_params_norm: 142.556, Time: 8071.43 |
|Train : Update 159000. Negative ELBO : 599.960, BCE: 451.434, KLD_latent: 8.827, KLD_decoder_params_norm: 139.699, Time: 8122.47 |
|Train : Update 160000. Negative ELBO : 589.491, BCE: 444.253, KLD_latent: 8.320, KLD_decoder_params_norm: 136.918, Time: 8173.52 |
|Train : Update 161000. Negative ELBO : 592.953, BCE: 450.560, KLD_latent: 8.149, KLD_decoder_params_norm: 134.244, Time: 8224.59 |
|Train : Update 162000. Negative ELBO : 586.243, BCE: 447.139, KLD_latent: 7.422, KLD_decoder_params_norm: 131.682, Time: 8275.62 |
|Train : Update 163000. Negative ELBO : 589.135, BCE: 451.360, KLD_latent: 8.565, KLD_decoder_params_norm: 129.210, Time: 8326.67 |
|Train : Update 164000. Negative ELBO : 583.327, BCE: 447.972, KLD_latent: 8.552, KLD_decoder_params_norm: 126.802, Time: 8377.69 |
|Train : Update 165000. Negative ELBO : 580.722, BCE: 448.521, KLD_latent: 7.702, KLD_decoder_params_norm: 124.499, Time: 8428.73 |
|Train : Update 166000. Negative ELBO : 586.713, BCE: 455.993, KLD_latent: 8.445, KLD_decoder_params_norm: 122.275, Time: 8479.75 |
|Train : Update 167000. Negative ELBO : 576.151, BCE: 448.114, KLD_latent: 7.902, KLD_decoder_params_norm: 120.135, Time: 8530.80 |
|Train : Update 168000. Negative ELBO : 580.712, BCE: 454.339, KLD_latent: 8.309, KLD_decoder_params_norm: 118.064, Time: 8581.98 |
|Train : Update 169000. Negative ELBO : 577.102, BCE: 453.031, KLD_latent: 7.992, KLD_decoder_params_norm: 116.079, Time: 8633.27 |
|Train : Update 170000. Negative ELBO : 573.929, BCE: 451.878, KLD_latent: 7.897, KLD_decoder_params_norm: 114.154, Time: 8684.52 |
|Train : Update 171000. Negative ELBO : 575.198, BCE: 454.875, KLD_latent: 8.014, KLD_decoder_params_norm: 112.309, Time: 8735.78 |
|Train : Update 172000. Negative ELBO : 572.545, BCE: 453.706, KLD_latent: 8.308, KLD_decoder_params_norm: 110.531, Time: 8786.87 |
|Train : Update 173000. Negative ELBO : 574.257, BCE: 456.877, KLD_latent: 8.586, KLD_decoder_params_norm: 108.795, Time: 8837.95 |
|Train : Update 174000. Negative ELBO : 565.014, BCE: 450.445, KLD_latent: 7.441, KLD_decoder_params_norm: 107.128, Time: 8889.06 |
|Train : Update 175000. Negative ELBO : 567.828, BCE: 454.279, KLD_latent: 8.033, KLD_decoder_params_norm: 105.516, Time: 8940.14 |
|Train : Update 176000. Negative ELBO : 578.122, BCE: 466.281, KLD_latent: 7.911, KLD_decoder_params_norm: 103.930, Time: 8991.22 |
|Train : Update 177000. Negative ELBO : 569.077, BCE: 458.566, KLD_latent: 8.099, KLD_decoder_params_norm: 102.412, Time: 9042.28 |
|Train : Update 178000. Negative ELBO : 560.016, BCE: 451.065, KLD_latent: 8.022, KLD_decoder_params_norm: 100.929, Time: 9093.33 |
|Train : Update 179000. Negative ELBO : 556.426, BCE: 449.449, KLD_latent: 7.464, KLD_decoder_params_norm: 99.513, Time: 9144.40 |
|Train : Update 180000. Negative ELBO : 553.294, BCE: 447.184, KLD_latent: 7.982, KLD_decoder_params_norm: 98.128, Time: 9195.48 |
|Train : Update 181000. Negative ELBO : 553.651, BCE: 449.459, KLD_latent: 7.412, KLD_decoder_params_norm: 96.780, Time: 9246.54 |
|Train : Update 182000. Negative ELBO : 555.800, BCE: 452.584, KLD_latent: 7.721, KLD_decoder_params_norm: 95.495, Time: 9297.57 |
|Train : Update 183000. Negative ELBO : 561.092, BCE: 459.250, KLD_latent: 7.612, KLD_decoder_params_norm: 94.231, Time: 9348.61 |
|Train : Update 184000. Negative ELBO : 556.243, BCE: 455.418, KLD_latent: 7.813, KLD_decoder_params_norm: 93.011, Time: 9399.65 |
|Train : Update 185000. Negative ELBO : 547.466, BCE: 447.328, KLD_latent: 8.308, KLD_decoder_params_norm: 91.831, Time: 9450.71 |
|Train : Update 186000. Negative ELBO : 550.417, BCE: 451.600, KLD_latent: 8.136, KLD_decoder_params_norm: 90.682, Time: 9501.80 |
|Train : Update 187000. Negative ELBO : 554.240, BCE: 456.931, KLD_latent: 7.733, KLD_decoder_params_norm: 89.575, Time: 9552.85 |
|Train : Update 188000. Negative ELBO : 555.586, BCE: 458.443, KLD_latent: 8.646, KLD_decoder_params_norm: 88.498, Time: 9603.96 |
|Train : Update 189000. Negative ELBO : 555.077, BCE: 460.073, KLD_latent: 7.556, KLD_decoder_params_norm: 87.448, Time: 9654.99 |
|Train : Update 190000. Negative ELBO : 539.125, BCE: 444.972, KLD_latent: 7.719, KLD_decoder_params_norm: 86.433, Time: 9706.02 |
|Train : Update 191000. Negative ELBO : 553.973, BCE: 460.590, KLD_latent: 7.945, KLD_decoder_params_norm: 85.437, Time: 9757.07 |
|Train : Update 192000. Negative ELBO : 548.193, BCE: 455.535, KLD_latent: 8.166, KLD_decoder_params_norm: 84.492, Time: 9808.27 |
|Train : Update 193000. Negative ELBO : 542.295, BCE: 450.531, KLD_latent: 8.184, KLD_decoder_params_norm: 83.581, Time: 9859.49 |
|Train : Update 194000. Negative ELBO : 545.285, BCE: 454.562, KLD_latent: 8.030, KLD_decoder_params_norm: 82.693, Time: 9910.57 |
|Train : Update 195000. Negative ELBO : 538.952, BCE: 449.272, KLD_latent: 7.884, KLD_decoder_params_norm: 81.795, Time: 9961.70 |
|Train : Update 196000. Negative ELBO : 538.239, BCE: 449.691, KLD_latent: 7.615, KLD_decoder_params_norm: 80.933, Time: 10012.82 |
|Train : Update 197000. Negative ELBO : 536.175, BCE: 448.346, KLD_latent: 7.723, KLD_decoder_params_norm: 80.105, Time: 10063.91 |
|Train : Update 198000. Negative ELBO : 540.547, BCE: 453.557, KLD_latent: 7.699, KLD_decoder_params_norm: 79.291, Time: 10115.01 |
|Train : Update 199000. Negative ELBO : 538.100, BCE: 451.790, KLD_latent: 7.801, KLD_decoder_params_norm: 78.508, Time: 10166.13 |
|Train : Update 200000. Negative ELBO : 537.171, BCE: 452.078, KLD_latent: 7.352, KLD_decoder_params_norm: 77.740, Time: 10217.22 |
|Train : Update 201000. Negative ELBO : 534.217, BCE: 449.711, KLD_latent: 7.520, KLD_decoder_params_norm: 76.986, Time: 10268.32 |
|Train : Update 202000. Negative ELBO : 538.978, BCE: 455.285, KLD_latent: 7.447, KLD_decoder_params_norm: 76.246, Time: 10319.44 |
|Train : Update 203000. Negative ELBO : 539.362, BCE: 455.936, KLD_latent: 7.882, KLD_decoder_params_norm: 75.545, Time: 10370.51 |
|Train : Update 204000. Negative ELBO : 532.161, BCE: 449.821, KLD_latent: 7.477, KLD_decoder_params_norm: 74.863, Time: 10421.57 |
|Train : Update 205000. Negative ELBO : 530.673, BCE: 448.740, KLD_latent: 7.734, KLD_decoder_params_norm: 74.200, Time: 10472.69 |
|Train : Update 206000. Negative ELBO : 526.314, BCE: 445.076, KLD_latent: 7.692, KLD_decoder_params_norm: 73.546, Time: 10523.69 |
|Train : Update 207000. Negative ELBO : 528.256, BCE: 446.727, KLD_latent: 8.624, KLD_decoder_params_norm: 72.904, Time: 10574.80 |
|Train : Update 208000. Negative ELBO : 529.091, BCE: 448.525, KLD_latent: 8.278, KLD_decoder_params_norm: 72.289, Time: 10625.85 |
|Train : Update 209000. Negative ELBO : 531.238, BCE: 452.347, KLD_latent: 7.198, KLD_decoder_params_norm: 71.693, Time: 10676.89 |
|Train : Update 210000. Negative ELBO : 528.665, BCE: 449.985, KLD_latent: 7.577, KLD_decoder_params_norm: 71.102, Time: 10727.98 |
|Train : Update 211000. Negative ELBO : 535.974, BCE: 457.605, KLD_latent: 7.848, KLD_decoder_params_norm: 70.521, Time: 10779.13 |
|Train : Update 212000. Negative ELBO : 533.447, BCE: 455.313, KLD_latent: 8.171, KLD_decoder_params_norm: 69.962, Time: 10830.14 |
|Train : Update 213000. Negative ELBO : 541.782, BCE: 463.762, KLD_latent: 8.609, KLD_decoder_params_norm: 69.411, Time: 10881.21 |
|Train : Update 214000. Negative ELBO : 530.487, BCE: 454.026, KLD_latent: 7.589, KLD_decoder_params_norm: 68.872, Time: 10932.27 |
|Train : Update 215000. Negative ELBO : 529.720, BCE: 454.024, KLD_latent: 7.354, KLD_decoder_params_norm: 68.342, Time: 10983.26 |
|Train : Update 216000. Negative ELBO : 528.981, BCE: 453.125, KLD_latent: 8.011, KLD_decoder_params_norm: 67.845, Time: 11034.34 |
|Train : Update 217000. Negative ELBO : 528.635, BCE: 453.083, KLD_latent: 8.207, KLD_decoder_params_norm: 67.345, Time: 11085.43 |
|Train : Update 218000. Negative ELBO : 529.058, BCE: 454.962, KLD_latent: 7.243, KLD_decoder_params_norm: 66.853, Time: 11136.53 |
|Train : Update 219000. Negative ELBO : 530.099, BCE: 455.702, KLD_latent: 8.010, KLD_decoder_params_norm: 66.387, Time: 11187.67 |
|Train : Update 220000. Negative ELBO : 517.718, BCE: 443.962, KLD_latent: 7.830, KLD_decoder_params_norm: 65.926, Time: 11238.67 |
|Train : Update 221000. Negative ELBO : 525.207, BCE: 452.742, KLD_latent: 6.992, KLD_decoder_params_norm: 65.472, Time: 11289.65 |
|Train : Update 222000. Negative ELBO : 527.031, BCE: 454.763, KLD_latent: 7.246, KLD_decoder_params_norm: 65.022, Time: 11340.65 |
|Train : Update 223000. Negative ELBO : 526.201, BCE: 454.050, KLD_latent: 7.574, KLD_decoder_params_norm: 64.577, Time: 11391.75 |
|Train : Update 224000. Negative ELBO : 533.877, BCE: 462.460, KLD_latent: 7.271, KLD_decoder_params_norm: 64.146, Time: 11442.75 |
|Train : Update 225000. Negative ELBO : 528.626, BCE: 457.495, KLD_latent: 7.405, KLD_decoder_params_norm: 63.727, Time: 11493.71 |
|Train : Update 226000. Negative ELBO : 524.098, BCE: 453.322, KLD_latent: 7.463, KLD_decoder_params_norm: 63.312, Time: 11544.73 |
|Train : Update 227000. Negative ELBO : 530.592, BCE: 459.936, KLD_latent: 7.756, KLD_decoder_params_norm: 62.901, Time: 11595.78 |
|Train : Update 228000. Negative ELBO : 521.035, BCE: 450.339, KLD_latent: 8.195, KLD_decoder_params_norm: 62.501, Time: 11646.77 |
|Train : Update 229000. Negative ELBO : 514.493, BCE: 444.979, KLD_latent: 7.413, KLD_decoder_params_norm: 62.101, Time: 11697.76 |
|Train : Update 230000. Negative ELBO : 518.561, BCE: 449.395, KLD_latent: 7.447, KLD_decoder_params_norm: 61.719, Time: 11748.76 |
|Train : Update 231000. Negative ELBO : 518.304, BCE: 449.056, KLD_latent: 7.892, KLD_decoder_params_norm: 61.357, Time: 11799.79 |
|Train : Update 232000. Negative ELBO : 528.318, BCE: 460.123, KLD_latent: 7.197, KLD_decoder_params_norm: 60.997, Time: 11850.84 |
|Train : Update 233000. Negative ELBO : 527.644, BCE: 459.303, KLD_latent: 7.701, KLD_decoder_params_norm: 60.641, Time: 11901.90 |
|Train : Update 234000. Negative ELBO : 519.746, BCE: 451.947, KLD_latent: 7.517, KLD_decoder_params_norm: 60.282, Time: 11952.97 |
|Train : Update 235000. Negative ELBO : 517.372, BCE: 449.787, KLD_latent: 7.647, KLD_decoder_params_norm: 59.937, Time: 12004.04 |
|Train : Update 236000. Negative ELBO : 522.613, BCE: 454.990, KLD_latent: 8.028, KLD_decoder_params_norm: 59.595, Time: 12055.10 |
|Train : Update 237000. Negative ELBO : 520.961, BCE: 454.121, KLD_latent: 7.592, KLD_decoder_params_norm: 59.249, Time: 12106.06 |
|Train : Update 238000. Negative ELBO : 526.299, BCE: 460.436, KLD_latent: 6.949, KLD_decoder_params_norm: 58.914, Time: 12156.99 |
|Train : Update 239000. Negative ELBO : 519.599, BCE: 453.951, KLD_latent: 7.059, KLD_decoder_params_norm: 58.589, Time: 12207.96 |
|Train : Update 240000. Negative ELBO : 512.220, BCE: 446.470, KLD_latent: 7.478, KLD_decoder_params_norm: 58.271, Time: 12258.99 |
|Train : Update 241000. Negative ELBO : 524.819, BCE: 459.207, KLD_latent: 7.659, KLD_decoder_params_norm: 57.953, Time: 12310.12 |
|Train : Update 242000. Negative ELBO : 520.226, BCE: 455.064, KLD_latent: 7.519, KLD_decoder_params_norm: 57.642, Time: 12361.17 |
|Train : Update 243000. Negative ELBO : 524.477, BCE: 459.214, KLD_latent: 7.934, KLD_decoder_params_norm: 57.329, Time: 12412.14 |
|Train : Update 244000. Negative ELBO : 514.417, BCE: 449.272, KLD_latent: 8.124, KLD_decoder_params_norm: 57.021, Time: 12463.12 |
|Train : Update 245000. Negative ELBO : 516.110, BCE: 451.357, KLD_latent: 8.022, KLD_decoder_params_norm: 56.731, Time: 12514.15 |
|Train : Update 246000. Negative ELBO : 522.990, BCE: 458.597, KLD_latent: 7.953, KLD_decoder_params_norm: 56.439, Time: 12565.19 |
|Train : Update 247000. Negative ELBO : 521.251, BCE: 458.021, KLD_latent: 7.077, KLD_decoder_params_norm: 56.152, Time: 12616.23 |
|Train : Update 248000. Negative ELBO : 514.260, BCE: 450.138, KLD_latent: 8.244, KLD_decoder_params_norm: 55.878, Time: 12667.27 |
|Train : Update 249000. Negative ELBO : 516.075, BCE: 452.754, KLD_latent: 7.730, KLD_decoder_params_norm: 55.591, Time: 12718.30 |
|Train : Update 250000. Negative ELBO : 513.320, BCE: 451.061, KLD_latent: 6.934, KLD_decoder_params_norm: 55.326, Time: 12769.32 |
|Train : Update 251000. Negative ELBO : 511.986, BCE: 448.886, KLD_latent: 8.034, KLD_decoder_params_norm: 55.066, Time: 12820.35 |
|Train : Update 252000. Negative ELBO : 513.788, BCE: 452.035, KLD_latent: 6.953, KLD_decoder_params_norm: 54.800, Time: 12871.41 |
|Train : Update 253000. Negative ELBO : 511.809, BCE: 449.839, KLD_latent: 7.420, KLD_decoder_params_norm: 54.550, Time: 12922.45 |
|Train : Update 254000. Negative ELBO : 513.991, BCE: 452.451, KLD_latent: 7.249, KLD_decoder_params_norm: 54.291, Time: 12973.49 |
|Train : Update 255000. Negative ELBO : 513.054, BCE: 451.891, KLD_latent: 7.127, KLD_decoder_params_norm: 54.036, Time: 13024.63 |
|Train : Update 256000. Negative ELBO : 506.236, BCE: 445.364, KLD_latent: 7.083, KLD_decoder_params_norm: 53.789, Time: 13075.62 |
|Train : Update 257000. Negative ELBO : 509.325, BCE: 448.172, KLD_latent: 7.604, KLD_decoder_params_norm: 53.549, Time: 13126.65 |
|Train : Update 258000. Negative ELBO : 513.172, BCE: 452.326, KLD_latent: 7.533, KLD_decoder_params_norm: 53.313, Time: 13177.69 |
|Train : Update 259000. Negative ELBO : 515.431, BCE: 455.478, KLD_latent: 6.886, KLD_decoder_params_norm: 53.067, Time: 13228.70 |
|Train : Update 260000. Negative ELBO : 509.328, BCE: 449.225, KLD_latent: 7.264, KLD_decoder_params_norm: 52.839, Time: 13279.73 |
|Train : Update 261000. Negative ELBO : 511.577, BCE: 451.715, KLD_latent: 7.258, KLD_decoder_params_norm: 52.604, Time: 13330.77 |
|Train : Update 262000. Negative ELBO : 508.920, BCE: 449.072, KLD_latent: 7.468, KLD_decoder_params_norm: 52.380, Time: 13381.85 |
|Train : Update 263000. Negative ELBO : 508.627, BCE: 449.593, KLD_latent: 6.879, KLD_decoder_params_norm: 52.156, Time: 13432.92 |
|Train : Update 264000. Negative ELBO : 516.307, BCE: 456.519, KLD_latent: 7.864, KLD_decoder_params_norm: 51.924, Time: 13483.98 |
|Train : Update 265000. Negative ELBO : 508.695, BCE: 449.379, KLD_latent: 7.618, KLD_decoder_params_norm: 51.698, Time: 13535.08 |
|Train : Update 266000. Negative ELBO : 509.281, BCE: 450.269, KLD_latent: 7.535, KLD_decoder_params_norm: 51.476, Time: 13586.13 |
|Train : Update 267000. Negative ELBO : 509.412, BCE: 450.525, KLD_latent: 7.613, KLD_decoder_params_norm: 51.273, Time: 13637.21 |
|Train : Update 268000. Negative ELBO : 503.058, BCE: 444.651, KLD_latent: 7.341, KLD_decoder_params_norm: 51.065, Time: 13688.33 |
|Train : Update 269000. Negative ELBO : 505.052, BCE: 446.894, KLD_latent: 7.289, KLD_decoder_params_norm: 50.869, Time: 13739.42 |
|Train : Update 270000. Negative ELBO : 513.591, BCE: 455.969, KLD_latent: 6.962, KLD_decoder_params_norm: 50.660, Time: 13790.53 |
|Train : Update 271000. Negative ELBO : 502.229, BCE: 444.364, KLD_latent: 7.408, KLD_decoder_params_norm: 50.458, Time: 13841.64 |
|Train : Update 272000. Negative ELBO : 508.079, BCE: 451.209, KLD_latent: 6.602, KLD_decoder_params_norm: 50.268, Time: 13892.73 |
|Train : Update 273000. Negative ELBO : 508.460, BCE: 450.564, KLD_latent: 7.837, KLD_decoder_params_norm: 50.059, Time: 13943.79 |
|Train : Update 274000. Negative ELBO : 513.080, BCE: 456.070, KLD_latent: 7.129, KLD_decoder_params_norm: 49.881, Time: 13994.88 |
|Train : Update 275000. Negative ELBO : 504.481, BCE: 447.177, KLD_latent: 7.608, KLD_decoder_params_norm: 49.696, Time: 14045.97 |
|Train : Update 276000. Negative ELBO : 508.951, BCE: 452.732, KLD_latent: 6.716, KLD_decoder_params_norm: 49.504, Time: 14097.00 |
|Train : Update 277000. Negative ELBO : 512.288, BCE: 455.361, KLD_latent: 7.610, KLD_decoder_params_norm: 49.317, Time: 14148.06 |
|Train : Update 278000. Negative ELBO : 511.332, BCE: 454.938, KLD_latent: 7.268, KLD_decoder_params_norm: 49.126, Time: 14199.11 |
|Train : Update 279000. Negative ELBO : 504.202, BCE: 447.725, KLD_latent: 7.532, KLD_decoder_params_norm: 48.945, Time: 14250.18 |
|Train : Update 280000. Negative ELBO : 509.233, BCE: 453.558, KLD_latent: 6.916, KLD_decoder_params_norm: 48.758, Time: 14301.26 |
|Train : Update 281000. Negative ELBO : 514.863, BCE: 458.398, KLD_latent: 7.867, KLD_decoder_params_norm: 48.598, Time: 14352.37 |
|Train : Update 282000. Negative ELBO : 507.007, BCE: 451.404, KLD_latent: 7.177, KLD_decoder_params_norm: 48.426, Time: 14403.49 |
|Train : Update 283000. Negative ELBO : 502.314, BCE: 447.198, KLD_latent: 6.857, KLD_decoder_params_norm: 48.259, Time: 14454.61 |
|Train : Update 284000. Negative ELBO : 509.183, BCE: 453.368, KLD_latent: 7.735, KLD_decoder_params_norm: 48.079, Time: 14505.74 |
|Train : Update 285000. Negative ELBO : 509.850, BCE: 454.665, KLD_latent: 7.268, KLD_decoder_params_norm: 47.917, Time: 14556.84 |
|Train : Update 286000. Negative ELBO : 501.251, BCE: 446.455, KLD_latent: 7.042, KLD_decoder_params_norm: 47.754, Time: 14607.87 |
|Train : Update 287000. Negative ELBO : 514.550, BCE: 459.922, KLD_latent: 7.050, KLD_decoder_params_norm: 47.578, Time: 14658.90 |
|Train : Update 288000. Negative ELBO : 503.424, BCE: 448.929, KLD_latent: 7.082, KLD_decoder_params_norm: 47.412, Time: 14709.94 |
|Train : Update 289000. Negative ELBO : 506.510, BCE: 453.132, KLD_latent: 6.127, KLD_decoder_params_norm: 47.250, Time: 14761.00 |
|Train : Update 290000. Negative ELBO : 510.605, BCE: 456.535, KLD_latent: 6.988, KLD_decoder_params_norm: 47.081, Time: 14812.07 |
|Train : Update 291000. Negative ELBO : 503.159, BCE: 448.875, KLD_latent: 7.358, KLD_decoder_params_norm: 46.925, Time: 14863.13 |
|Train : Update 292000. Negative ELBO : 502.033, BCE: 447.582, KLD_latent: 7.680, KLD_decoder_params_norm: 46.770, Time: 14914.18 |
|Train : Update 293000. Negative ELBO : 509.813, BCE: 455.998, KLD_latent: 7.194, KLD_decoder_params_norm: 46.621, Time: 14965.25 |
|Train : Update 294000. Negative ELBO : 507.682, BCE: 454.216, KLD_latent: 6.987, KLD_decoder_params_norm: 46.479, Time: 15016.32 |
|Train : Update 295000. Negative ELBO : 507.365, BCE: 453.426, KLD_latent: 7.604, KLD_decoder_params_norm: 46.334, Time: 15067.41 |
|Train : Update 296000. Negative ELBO : 506.479, BCE: 453.613, KLD_latent: 6.680, KLD_decoder_params_norm: 46.186, Time: 15118.49 |
|Train : Update 297000. Negative ELBO : 510.933, BCE: 457.962, KLD_latent: 6.934, KLD_decoder_params_norm: 46.036, Time: 15169.57 |
|Train : Update 298000. Negative ELBO : 515.101, BCE: 462.221, KLD_latent: 6.984, KLD_decoder_params_norm: 45.896, Time: 15220.65 |
|Train : Update 299000. Negative ELBO : 506.533, BCE: 453.748, KLD_latent: 7.033, KLD_decoder_params_norm: 45.753, Time: 15271.72 |
|Train : Update 300000. Negative ELBO : 512.964, BCE: 460.179, KLD_latent: 7.174, KLD_decoder_params_norm: 45.610, Time: 15322.83 |
|Train : Update 301000. Negative ELBO : 504.795, BCE: 451.859, KLD_latent: 7.462, KLD_decoder_params_norm: 45.474, Time: 15373.90 |
|Train : Update 302000. Negative ELBO : 500.444, BCE: 447.970, KLD_latent: 7.136, KLD_decoder_params_norm: 45.338, Time: 15424.98 |
|Train : Update 303000. Negative ELBO : 510.344, BCE: 458.114, KLD_latent: 7.029, KLD_decoder_params_norm: 45.201, Time: 15476.04 |
|Train : Update 304000. Negative ELBO : 510.657, BCE: 457.553, KLD_latent: 8.033, KLD_decoder_params_norm: 45.071, Time: 15527.10 |
|Train : Update 305000. Negative ELBO : 499.209, BCE: 446.506, KLD_latent: 7.750, KLD_decoder_params_norm: 44.953, Time: 15578.31 |
|Train : Update 306000. Negative ELBO : 497.078, BCE: 444.960, KLD_latent: 7.304, KLD_decoder_params_norm: 44.815, Time: 15629.70 |
|Train : Update 307000. Negative ELBO : 506.360, BCE: 453.885, KLD_latent: 7.783, KLD_decoder_params_norm: 44.692, Time: 15681.03 |
|Train : Update 308000. Negative ELBO : 499.255, BCE: 447.209, KLD_latent: 7.489, KLD_decoder_params_norm: 44.557, Time: 15732.33 |
|Train : Update 309000. Negative ELBO : 505.566, BCE: 454.503, KLD_latent: 6.630, KLD_decoder_params_norm: 44.433, Time: 15783.66 |
|Train : Update 310000. Negative ELBO : 508.893, BCE: 457.955, KLD_latent: 6.635, KLD_decoder_params_norm: 44.303, Time: 15834.96 |
|Train : Update 311000. Negative ELBO : 501.359, BCE: 449.879, KLD_latent: 7.299, KLD_decoder_params_norm: 44.181, Time: 15886.22 |
|Train : Update 312000. Negative ELBO : 501.225, BCE: 449.863, KLD_latent: 7.302, KLD_decoder_params_norm: 44.060, Time: 15937.60 |
|Train : Update 313000. Negative ELBO : 496.921, BCE: 446.077, KLD_latent: 6.912, KLD_decoder_params_norm: 43.933, Time: 15988.86 |
|Train : Update 314000. Negative ELBO : 499.551, BCE: 448.188, KLD_latent: 7.548, KLD_decoder_params_norm: 43.815, Time: 16040.00 |
|Train : Update 315000. Negative ELBO : 498.419, BCE: 448.416, KLD_latent: 6.309, KLD_decoder_params_norm: 43.693, Time: 16091.13 |
|Train : Update 316000. Negative ELBO : 499.895, BCE: 449.530, KLD_latent: 6.787, KLD_decoder_params_norm: 43.579, Time: 16142.34 |
|Train : Update 317000. Negative ELBO : 506.642, BCE: 456.513, KLD_latent: 6.663, KLD_decoder_params_norm: 43.467, Time: 16193.70 |
|Train : Update 318000. Negative ELBO : 499.252, BCE: 448.764, KLD_latent: 7.133, KLD_decoder_params_norm: 43.355, Time: 16244.92 |
|Train : Update 319000. Negative ELBO : 494.916, BCE: 445.016, KLD_latent: 6.656, KLD_decoder_params_norm: 43.243, Time: 16296.11 |
|Train : Update 320000. Negative ELBO : 503.619, BCE: 453.222, KLD_latent: 7.261, KLD_decoder_params_norm: 43.136, Time: 16347.38 |
|Train : Update 321000. Negative ELBO : 500.798, BCE: 450.601, KLD_latent: 7.179, KLD_decoder_params_norm: 43.018, Time: 16398.70 |
|Train : Update 322000. Negative ELBO : 498.217, BCE: 448.891, KLD_latent: 6.414, KLD_decoder_params_norm: 42.913, Time: 16449.85 |
|Train : Update 323000. Negative ELBO : 499.625, BCE: 449.676, KLD_latent: 7.141, KLD_decoder_params_norm: 42.808, Time: 16501.02 |
|Train : Update 324000. Negative ELBO : 502.574, BCE: 453.409, KLD_latent: 6.464, KLD_decoder_params_norm: 42.702, Time: 16552.24 |
|Train : Update 325000. Negative ELBO : 502.305, BCE: 452.698, KLD_latent: 7.008, KLD_decoder_params_norm: 42.599, Time: 16603.42 |
|Train : Update 326000. Negative ELBO : 503.594, BCE: 454.168, KLD_latent: 6.936, KLD_decoder_params_norm: 42.490, Time: 16654.67 |
|Train : Update 327000. Negative ELBO : 506.511, BCE: 456.550, KLD_latent: 7.573, KLD_decoder_params_norm: 42.388, Time: 16705.88 |
|Train : Update 328000. Negative ELBO : 498.245, BCE: 448.433, KLD_latent: 7.529, KLD_decoder_params_norm: 42.282, Time: 16757.09 |
|Train : Update 329000. Negative ELBO : 491.220, BCE: 442.041, KLD_latent: 6.999, KLD_decoder_params_norm: 42.180, Time: 16808.31 |
|Train : Update 330000. Negative ELBO : 500.520, BCE: 451.425, KLD_latent: 7.015, KLD_decoder_params_norm: 42.080, Time: 16859.56 |
|Train : Update 331000. Negative ELBO : 497.017, BCE: 447.764, KLD_latent: 7.270, KLD_decoder_params_norm: 41.983, Time: 16910.83 |
|Train : Update 332000. Negative ELBO : 500.712, BCE: 452.447, KLD_latent: 6.372, KLD_decoder_params_norm: 41.893, Time: 16962.10 |
|Train : Update 333000. Negative ELBO : 500.205, BCE: 451.508, KLD_latent: 6.891, KLD_decoder_params_norm: 41.806, Time: 17013.27 |
|Train : Update 334000. Negative ELBO : 496.943, BCE: 447.971, KLD_latent: 7.258, KLD_decoder_params_norm: 41.713, Time: 17064.51 |
|Train : Update 335000. Negative ELBO : 498.714, BCE: 450.338, KLD_latent: 6.760, KLD_decoder_params_norm: 41.616, Time: 17115.75 |
|Train : Update 336000. Negative ELBO : 496.035, BCE: 447.797, KLD_latent: 6.722, KLD_decoder_params_norm: 41.516, Time: 17166.93 |
|Train : Update 337000. Negative ELBO : 503.635, BCE: 455.127, KLD_latent: 7.077, KLD_decoder_params_norm: 41.432, Time: 17218.15 |
|Train : Update 338000. Negative ELBO : 499.316, BCE: 451.533, KLD_latent: 6.444, KLD_decoder_params_norm: 41.339, Time: 17269.35 |
|Train : Update 339000. Negative ELBO : 496.541, BCE: 448.436, KLD_latent: 6.851, KLD_decoder_params_norm: 41.254, Time: 17320.55 |
|Train : Update 340000. Negative ELBO : 496.879, BCE: 449.148, KLD_latent: 6.565, KLD_decoder_params_norm: 41.166, Time: 17371.76 |
|Train : Update 341000. Negative ELBO : 501.220, BCE: 452.133, KLD_latent: 8.008, KLD_decoder_params_norm: 41.078, Time: 17422.98 |
|Train : Update 342000. Negative ELBO : 498.385, BCE: 449.906, KLD_latent: 7.492, KLD_decoder_params_norm: 40.987, Time: 17474.22 |
|Train : Update 343000. Negative ELBO : 492.540, BCE: 444.939, KLD_latent: 6.703, KLD_decoder_params_norm: 40.899, Time: 17525.42 |
|Train : Update 344000. Negative ELBO : 491.622, BCE: 443.825, KLD_latent: 6.981, KLD_decoder_params_norm: 40.815, Time: 17576.61 |
|Train : Update 345000. Negative ELBO : 492.769, BCE: 445.092, KLD_latent: 6.948, KLD_decoder_params_norm: 40.728, Time: 17627.82 |
|Train : Update 346000. Negative ELBO : 500.839, BCE: 453.394, KLD_latent: 6.792, KLD_decoder_params_norm: 40.654, Time: 17679.04 |
|Train : Update 347000. Negative ELBO : 497.117, BCE: 449.393, KLD_latent: 7.153, KLD_decoder_params_norm: 40.572, Time: 17730.21 |
|Train : Update 348000. Negative ELBO : 493.740, BCE: 446.663, KLD_latent: 6.593, KLD_decoder_params_norm: 40.485, Time: 17781.47 |
|Train : Update 349000. Negative ELBO : 495.878, BCE: 448.428, KLD_latent: 7.042, KLD_decoder_params_norm: 40.408, Time: 17832.69 |
|Train : Update 350000. Negative ELBO : 496.880, BCE: 449.868, KLD_latent: 6.691, KLD_decoder_params_norm: 40.321, Time: 17883.92 |
|Train : Update 351000. Negative ELBO : 500.059, BCE: 453.002, KLD_latent: 6.814, KLD_decoder_params_norm: 40.242, Time: 17935.14 |
|Train : Update 352000. Negative ELBO : 494.405, BCE: 447.154, KLD_latent: 7.090, KLD_decoder_params_norm: 40.161, Time: 17986.37 |
|Train : Update 353000. Negative ELBO : 502.286, BCE: 455.041, KLD_latent: 7.168, KLD_decoder_params_norm: 40.077, Time: 18037.59 |
|Train : Update 354000. Negative ELBO : 500.118, BCE: 452.812, KLD_latent: 7.300, KLD_decoder_params_norm: 40.006, Time: 18088.81 |
|Train : Update 355000. Negative ELBO : 500.283, BCE: 453.648, KLD_latent: 6.705, KLD_decoder_params_norm: 39.929, Time: 18140.03 |
|Train : Update 356000. Negative ELBO : 492.257, BCE: 445.201, KLD_latent: 7.211, KLD_decoder_params_norm: 39.844, Time: 18191.27 |
|Train : Update 357000. Negative ELBO : 496.298, BCE: 449.365, KLD_latent: 7.160, KLD_decoder_params_norm: 39.773, Time: 18242.49 |
|Train : Update 358000. Negative ELBO : 505.223, BCE: 459.124, KLD_latent: 6.407, KLD_decoder_params_norm: 39.691, Time: 18293.70 |
|Train : Update 359000. Negative ELBO : 495.749, BCE: 449.215, KLD_latent: 6.921, KLD_decoder_params_norm: 39.613, Time: 18344.95 |
|Train : Update 360000. Negative ELBO : 504.846, BCE: 458.065, KLD_latent: 7.235, KLD_decoder_params_norm: 39.546, Time: 18396.17 |
|Train : Update 361000. Negative ELBO : 495.917, BCE: 449.961, KLD_latent: 6.484, KLD_decoder_params_norm: 39.472, Time: 18447.40 |
|Train : Update 362000. Negative ELBO : 505.829, BCE: 458.783, KLD_latent: 7.651, KLD_decoder_params_norm: 39.394, Time: 18498.63 |
|Train : Update 363000. Negative ELBO : 497.031, BCE: 450.753, KLD_latent: 6.959, KLD_decoder_params_norm: 39.320, Time: 18549.87 |
|Train : Update 364000. Negative ELBO : 495.468, BCE: 449.164, KLD_latent: 7.054, KLD_decoder_params_norm: 39.250, Time: 18601.11 |
|Train : Update 365000. Negative ELBO : 495.065, BCE: 449.000, KLD_latent: 6.889, KLD_decoder_params_norm: 39.176, Time: 18652.33 |
|Train : Update 366000. Negative ELBO : 490.902, BCE: 444.500, KLD_latent: 7.295, KLD_decoder_params_norm: 39.107, Time: 18703.55 |
|Train : Update 367000. Negative ELBO : 496.181, BCE: 450.149, KLD_latent: 6.997, KLD_decoder_params_norm: 39.035, Time: 18754.77 |
|Train : Update 368000. Negative ELBO : 498.694, BCE: 452.376, KLD_latent: 7.354, KLD_decoder_params_norm: 38.965, Time: 18805.96 |
|Train : Update 369000. Negative ELBO : 493.524, BCE: 448.045, KLD_latent: 6.591, KLD_decoder_params_norm: 38.889, Time: 18857.14 |
|Train : Update 370000. Negative ELBO : 500.157, BCE: 453.949, KLD_latent: 7.387, KLD_decoder_params_norm: 38.821, Time: 18908.44 |
|Train : Update 371000. Negative ELBO : 500.452, BCE: 454.578, KLD_latent: 7.117, KLD_decoder_params_norm: 38.756, Time: 18959.68 |
|Train : Update 372000. Negative ELBO : 502.015, BCE: 455.446, KLD_latent: 7.882, KLD_decoder_params_norm: 38.686, Time: 19010.91 |
|Train : Update 373000. Negative ELBO : 494.603, BCE: 448.657, KLD_latent: 7.323, KLD_decoder_params_norm: 38.623, Time: 19062.09 |
|Train : Update 374000. Negative ELBO : 492.368, BCE: 446.016, KLD_latent: 7.800, KLD_decoder_params_norm: 38.552, Time: 19113.30 |
|Train : Update 375000. Negative ELBO : 497.719, BCE: 452.142, KLD_latent: 7.089, KLD_decoder_params_norm: 38.488, Time: 19164.52 |
|Train : Update 376000. Negative ELBO : 498.909, BCE: 453.105, KLD_latent: 7.375, KLD_decoder_params_norm: 38.428, Time: 19215.74 |
|Train : Update 377000. Negative ELBO : 495.453, BCE: 450.071, KLD_latent: 7.023, KLD_decoder_params_norm: 38.358, Time: 19266.95 |
|Train : Update 378000. Negative ELBO : 492.630, BCE: 447.050, KLD_latent: 7.285, KLD_decoder_params_norm: 38.295, Time: 19318.16 |
|Train : Update 379000. Negative ELBO : 491.697, BCE: 446.817, KLD_latent: 6.652, KLD_decoder_params_norm: 38.228, Time: 19369.38 |
|Train : Update 380000. Negative ELBO : 488.291, BCE: 443.427, KLD_latent: 6.700, KLD_decoder_params_norm: 38.164, Time: 19420.56 |
|Train : Update 381000. Negative ELBO : 498.445, BCE: 453.740, KLD_latent: 6.605, KLD_decoder_params_norm: 38.100, Time: 19471.76 |
|Train : Update 382000. Negative ELBO : 498.837, BCE: 454.092, KLD_latent: 6.707, KLD_decoder_params_norm: 38.038, Time: 19522.98 |
|Train : Update 383000. Negative ELBO : 495.513, BCE: 450.984, KLD_latent: 6.552, KLD_decoder_params_norm: 37.978, Time: 19574.20 |
|Train : Update 384000. Negative ELBO : 486.525, BCE: 441.307, KLD_latent: 7.304, KLD_decoder_params_norm: 37.914, Time: 19625.44 |
|Train : Update 385000. Negative ELBO : 495.037, BCE: 450.425, KLD_latent: 6.760, KLD_decoder_params_norm: 37.852, Time: 19676.65 |
|Train : Update 386000. Negative ELBO : 497.164, BCE: 452.291, KLD_latent: 7.081, KLD_decoder_params_norm: 37.792, Time: 19727.89 |
|Train : Update 387000. Negative ELBO : 499.838, BCE: 454.797, KLD_latent: 7.311, KLD_decoder_params_norm: 37.730, Time: 19779.10 |
|Train : Update 388000. Negative ELBO : 502.431, BCE: 457.076, KLD_latent: 7.692, KLD_decoder_params_norm: 37.663, Time: 19830.30 |
|Train : Update 389000. Negative ELBO : 493.432, BCE: 449.018, KLD_latent: 6.820, KLD_decoder_params_norm: 37.595, Time: 19881.51 |
|Train : Update 390000. Negative ELBO : 507.601, BCE: 463.325, KLD_latent: 6.738, KLD_decoder_params_norm: 37.538, Time: 19932.72 |
|Train : Update 391000. Negative ELBO : 497.732, BCE: 453.338, KLD_latent: 6.912, KLD_decoder_params_norm: 37.482, Time: 19983.93 |
|Train : Update 392000. Negative ELBO : 493.885, BCE: 448.875, KLD_latent: 7.593, KLD_decoder_params_norm: 37.416, Time: 20035.14 |
|Train : Update 393000. Negative ELBO : 495.160, BCE: 450.330, KLD_latent: 7.464, KLD_decoder_params_norm: 37.366, Time: 20086.42 |
|Train : Update 394000. Negative ELBO : 494.289, BCE: 449.590, KLD_latent: 7.383, KLD_decoder_params_norm: 37.316, Time: 20137.67 |
|Train : Update 395000. Negative ELBO : 494.511, BCE: 450.565, KLD_latent: 6.683, KLD_decoder_params_norm: 37.264, Time: 20188.89 |
|Train : Update 396000. Negative ELBO : 499.463, BCE: 455.845, KLD_latent: 6.421, KLD_decoder_params_norm: 37.198, Time: 20240.13 |
|Train : Update 397000. Negative ELBO : 499.878, BCE: 455.396, KLD_latent: 7.352, KLD_decoder_params_norm: 37.130, Time: 20291.34 |
|Train : Update 398000. Negative ELBO : 494.280, BCE: 450.285, KLD_latent: 6.925, KLD_decoder_params_norm: 37.070, Time: 20342.59 |
|Train : Update 399000. Negative ELBO : 495.310, BCE: 451.804, KLD_latent: 6.495, KLD_decoder_params_norm: 37.010, Time: 20393.84 |
|Train : Update 400000. Negative ELBO : 498.011, BCE: 452.959, KLD_latent: 8.093, KLD_decoder_params_norm: 36.959, Time: 20445.11 |
