Number of sequences in alignment file:	20870
Neff:	2993.2320186718416
Alignment sequence length:	496
|Train : Update 1000. Negative ELBO : 62936.461, BCE: 469.866, KLD_latent: 1.416, KLD_decoder_params_norm: 62465.176, Time: 61.83 |
|Train : Update 2000. Negative ELBO : 62229.152, BCE: 460.619, KLD_latent: 2.385, KLD_decoder_params_norm: 61766.148, Time: 120.95 |
|Train : Update 3000. Negative ELBO : 61527.695, BCE: 460.019, KLD_latent: 2.054, KLD_decoder_params_norm: 61065.621, Time: 179.99 |
|Train : Update 4000. Negative ELBO : 60820.766, BCE: 453.833, KLD_latent: 2.499, KLD_decoder_params_norm: 60364.434, Time: 239.01 |
|Train : Update 5000. Negative ELBO : 60119.430, BCE: 452.795, KLD_latent: 3.604, KLD_decoder_params_norm: 59663.031, Time: 298.01 |
|Train : Update 6000. Negative ELBO : 59411.289, BCE: 445.668, KLD_latent: 3.977, KLD_decoder_params_norm: 58961.645, Time: 357.18 |
|Train : Update 7000. Negative ELBO : 58707.555, BCE: 442.282, KLD_latent: 4.864, KLD_decoder_params_norm: 58260.410, Time: 416.24 |
|Train : Update 8000. Negative ELBO : 58006.164, BCE: 440.895, KLD_latent: 5.820, KLD_decoder_params_norm: 57559.449, Time: 475.30 |
|Train : Update 9000. Negative ELBO : 57302.254, BCE: 435.849, KLD_latent: 7.577, KLD_decoder_params_norm: 56858.828, Time: 534.28 |
|Train : Update 10000. Negative ELBO : 56596.672, BCE: 429.220, KLD_latent: 8.873, KLD_decoder_params_norm: 56158.582, Time: 593.53 |
|Train : Update 11000. Negative ELBO : 55898.844, BCE: 430.023, KLD_latent: 10.105, KLD_decoder_params_norm: 55458.715, Time: 652.58 |
|Train : Update 12000. Negative ELBO : 55195.199, BCE: 426.526, KLD_latent: 9.492, KLD_decoder_params_norm: 54759.180, Time: 711.66 |
|Train : Update 13000. Negative ELBO : 54496.129, BCE: 426.079, KLD_latent: 10.142, KLD_decoder_params_norm: 54059.910, Time: 770.82 |
|Train : Update 14000. Negative ELBO : 53792.559, BCE: 421.566, KLD_latent: 10.028, KLD_decoder_params_norm: 53360.965, Time: 829.95 |
|Train : Update 15000. Negative ELBO : 53089.941, BCE: 417.086, KLD_latent: 10.545, KLD_decoder_params_norm: 52662.309, Time: 889.02 |
|Train : Update 16000. Negative ELBO : 52393.105, BCE: 417.468, KLD_latent: 11.650, KLD_decoder_params_norm: 51963.988, Time: 948.03 |
|Train : Update 17000. Negative ELBO : 51690.199, BCE: 412.029, KLD_latent: 12.261, KLD_decoder_params_norm: 51265.910, Time: 1007.05 |
|Train : Update 18000. Negative ELBO : 50986.828, BCE: 405.149, KLD_latent: 13.537, KLD_decoder_params_norm: 50568.145, Time: 1066.07 |
|Train : Update 19000. Negative ELBO : 50291.719, BCE: 408.152, KLD_latent: 12.878, KLD_decoder_params_norm: 49870.688, Time: 1125.15 |
|Train : Update 20000. Negative ELBO : 49595.133, BCE: 408.298, KLD_latent: 13.249, KLD_decoder_params_norm: 49173.586, Time: 1184.20 |
|Train : Update 21000. Negative ELBO : 48896.918, BCE: 405.856, KLD_latent: 14.156, KLD_decoder_params_norm: 48476.906, Time: 1243.25 |
|Train : Update 22000. Negative ELBO : 48198.934, BCE: 403.937, KLD_latent: 14.426, KLD_decoder_params_norm: 47780.570, Time: 1302.28 |
|Train : Update 23000. Negative ELBO : 47503.859, BCE: 404.521, KLD_latent: 14.709, KLD_decoder_params_norm: 47084.629, Time: 1361.30 |
|Train : Update 24000. Negative ELBO : 46806.930, BCE: 403.570, KLD_latent: 14.261, KLD_decoder_params_norm: 46389.098, Time: 1420.34 |
|Train : Update 25000. Negative ELBO : 46107.215, BCE: 398.104, KLD_latent: 15.161, KLD_decoder_params_norm: 45693.949, Time: 1479.36 |
|Train : Update 26000. Negative ELBO : 45415.648, BCE: 401.709, KLD_latent: 14.782, KLD_decoder_params_norm: 44999.160, Time: 1538.39 |
|Train : Update 27000. Negative ELBO : 44722.020, BCE: 401.838, KLD_latent: 15.395, KLD_decoder_params_norm: 44304.785, Time: 1597.41 |
|Train : Update 28000. Negative ELBO : 44028.738, BCE: 402.364, KLD_latent: 15.566, KLD_decoder_params_norm: 43610.809, Time: 1656.44 |
|Train : Update 29000. Negative ELBO : 43330.992, BCE: 398.031, KLD_latent: 15.750, KLD_decoder_params_norm: 42917.211, Time: 1715.47 |
|Train : Update 30000. Negative ELBO : 42636.438, BCE: 396.701, KLD_latent: 15.696, KLD_decoder_params_norm: 42224.043, Time: 1774.53 |
|Train : Update 31000. Negative ELBO : 41944.312, BCE: 397.079, KLD_latent: 15.944, KLD_decoder_params_norm: 41531.289, Time: 1833.56 |
|Train : Update 32000. Negative ELBO : 41252.375, BCE: 396.415, KLD_latent: 17.060, KLD_decoder_params_norm: 40838.902, Time: 1892.59 |
|Train : Update 33000. Negative ELBO : 40560.062, BCE: 396.276, KLD_latent: 16.872, KLD_decoder_params_norm: 40146.914, Time: 1951.61 |
|Train : Update 34000. Negative ELBO : 39865.988, BCE: 394.735, KLD_latent: 15.938, KLD_decoder_params_norm: 39455.316, Time: 2010.65 |
|Train : Update 35000. Negative ELBO : 39176.090, BCE: 395.421, KLD_latent: 16.491, KLD_decoder_params_norm: 38764.176, Time: 2069.67 |
|Train : Update 36000. Negative ELBO : 38483.148, BCE: 392.440, KLD_latent: 17.257, KLD_decoder_params_norm: 38073.449, Time: 2128.73 |
|Train : Update 37000. Negative ELBO : 37789.816, BCE: 390.206, KLD_latent: 16.454, KLD_decoder_params_norm: 37383.156, Time: 2187.76 |
|Train : Update 38000. Negative ELBO : 37101.855, BCE: 391.921, KLD_latent: 16.648, KLD_decoder_params_norm: 36693.285, Time: 2246.78 |
|Train : Update 39000. Negative ELBO : 36410.352, BCE: 390.044, KLD_latent: 16.430, KLD_decoder_params_norm: 36003.879, Time: 2305.81 |
|Train : Update 40000. Negative ELBO : 35724.027, BCE: 392.380, KLD_latent: 16.717, KLD_decoder_params_norm: 35314.930, Time: 2364.84 |
|Train : Update 41000. Negative ELBO : 35035.879, BCE: 392.868, KLD_latent: 16.564, KLD_decoder_params_norm: 34626.449, Time: 2423.87 |
|Train : Update 42000. Negative ELBO : 34345.426, BCE: 389.434, KLD_latent: 17.510, KLD_decoder_params_norm: 33938.480, Time: 2482.90 |
|Train : Update 43000. Negative ELBO : 33662.258, BCE: 394.216, KLD_latent: 17.013, KLD_decoder_params_norm: 33251.031, Time: 2541.92 |
|Train : Update 44000. Negative ELBO : 32970.211, BCE: 389.266, KLD_latent: 16.830, KLD_decoder_params_norm: 32564.117, Time: 2600.97 |
|Train : Update 45000. Negative ELBO : 32287.420, BCE: 391.814, KLD_latent: 17.812, KLD_decoder_params_norm: 31877.793, Time: 2659.99 |
|Train : Update 46000. Negative ELBO : 31600.100, BCE: 390.922, KLD_latent: 17.146, KLD_decoder_params_norm: 31192.031, Time: 2719.04 |
|Train : Update 47000. Negative ELBO : 30921.758, BCE: 397.735, KLD_latent: 17.099, KLD_decoder_params_norm: 30506.924, Time: 2778.07 |
|Train : Update 48000. Negative ELBO : 30228.980, BCE: 389.255, KLD_latent: 17.238, KLD_decoder_params_norm: 29822.488, Time: 2837.09 |
|Train : Update 49000. Negative ELBO : 29546.506, BCE: 391.048, KLD_latent: 16.685, KLD_decoder_params_norm: 29138.773, Time: 2896.12 |
|Train : Update 50000. Negative ELBO : 28864.381, BCE: 391.436, KLD_latent: 17.137, KLD_decoder_params_norm: 28455.809, Time: 2955.15 |
|Train : Update 51000. Negative ELBO : 28181.521, BCE: 390.686, KLD_latent: 17.167, KLD_decoder_params_norm: 27773.668, Time: 3014.17 |
|Train : Update 52000. Negative ELBO : 27500.328, BCE: 390.450, KLD_latent: 17.444, KLD_decoder_params_norm: 27092.436, Time: 3073.21 |
|Train : Update 53000. Negative ELBO : 26822.570, BCE: 392.909, KLD_latent: 17.477, KLD_decoder_params_norm: 26412.186, Time: 3132.24 |
|Train : Update 54000. Negative ELBO : 26146.566, BCE: 396.611, KLD_latent: 16.837, KLD_decoder_params_norm: 25733.117, Time: 3191.27 |
|Train : Update 55000. Negative ELBO : 25465.152, BCE: 392.150, KLD_latent: 17.497, KLD_decoder_params_norm: 25055.506, Time: 3250.30 |
|Train : Update 56000. Negative ELBO : 24789.002, BCE: 392.625, KLD_latent: 16.968, KLD_decoder_params_norm: 24379.408, Time: 3309.33 |
|Train : Update 57000. Negative ELBO : 24115.850, BCE: 393.883, KLD_latent: 17.250, KLD_decoder_params_norm: 23704.717, Time: 3368.36 |
|Train : Update 58000. Negative ELBO : 23442.354, BCE: 393.551, KLD_latent: 17.374, KLD_decoder_params_norm: 23031.428, Time: 3427.40 |
|Train : Update 59000. Negative ELBO : 22768.385, BCE: 391.367, KLD_latent: 17.419, KLD_decoder_params_norm: 22359.598, Time: 3486.42 |
|Train : Update 60000. Negative ELBO : 22101.016, BCE: 394.595, KLD_latent: 17.221, KLD_decoder_params_norm: 21689.199, Time: 3545.45 |
|Train : Update 61000. Negative ELBO : 21432.693, BCE: 395.407, KLD_latent: 17.562, KLD_decoder_params_norm: 21019.723, Time: 3604.47 |
|Train : Update 62000. Negative ELBO : 20762.551, BCE: 392.677, KLD_latent: 17.781, KLD_decoder_params_norm: 20352.092, Time: 3663.51 |
|Train : Update 63000. Negative ELBO : 20099.973, BCE: 396.119, KLD_latent: 17.270, KLD_decoder_params_norm: 19686.584, Time: 3722.54 |
|Train : Update 64000. Negative ELBO : 19434.795, BCE: 394.612, KLD_latent: 16.811, KLD_decoder_params_norm: 19023.373, Time: 3781.56 |
|Train : Update 65000. Negative ELBO : 18775.316, BCE: 395.901, KLD_latent: 16.922, KLD_decoder_params_norm: 18362.494, Time: 3840.57 |
|Train : Update 66000. Negative ELBO : 18116.998, BCE: 396.087, KLD_latent: 16.808, KLD_decoder_params_norm: 17704.104, Time: 3899.60 |
|Train : Update 67000. Negative ELBO : 17461.375, BCE: 396.055, KLD_latent: 16.931, KLD_decoder_params_norm: 17048.389, Time: 3958.64 |
|Train : Update 68000. Negative ELBO : 16808.521, BCE: 395.357, KLD_latent: 17.530, KLD_decoder_params_norm: 16395.635, Time: 4017.68 |
|Train : Update 69000. Negative ELBO : 16163.663, BCE: 400.258, KLD_latent: 17.269, KLD_decoder_params_norm: 15746.135, Time: 4076.71 |
|Train : Update 70000. Negative ELBO : 15520.018, BCE: 402.034, KLD_latent: 17.653, KLD_decoder_params_norm: 15100.330, Time: 4135.74 |
|Train : Update 71000. Negative ELBO : 14872.425, BCE: 396.660, KLD_latent: 17.129, KLD_decoder_params_norm: 14458.636, Time: 4194.77 |
|Train : Update 72000. Negative ELBO : 14237.536, BCE: 398.826, KLD_latent: 17.496, KLD_decoder_params_norm: 13821.215, Time: 4253.80 |
|Train : Update 73000. Negative ELBO : 13607.929, BCE: 402.500, KLD_latent: 17.023, KLD_decoder_params_norm: 13188.405, Time: 4312.84 |
|Train : Update 74000. Negative ELBO : 12979.800, BCE: 401.949, KLD_latent: 17.109, KLD_decoder_params_norm: 12560.741, Time: 4371.89 |
|Train : Update 75000. Negative ELBO : 12357.060, BCE: 401.245, KLD_latent: 16.991, KLD_decoder_params_norm: 11938.823, Time: 4430.92 |
|Train : Update 76000. Negative ELBO : 11742.958, BCE: 403.235, KLD_latent: 16.737, KLD_decoder_params_norm: 11322.986, Time: 4489.95 |
|Train : Update 77000. Negative ELBO : 11134.204, BCE: 404.063, KLD_latent: 16.209, KLD_decoder_params_norm: 10713.932, Time: 4548.97 |
|Train : Update 78000. Negative ELBO : 10532.619, BCE: 403.855, KLD_latent: 16.512, KLD_decoder_params_norm: 10112.252, Time: 4608.01 |
|Train : Update 79000. Negative ELBO : 9939.618, BCE: 404.653, KLD_latent: 16.358, KLD_decoder_params_norm: 9518.607, Time: 4667.04 |
|Train : Update 80000. Negative ELBO : 9356.548, BCE: 406.052, KLD_latent: 16.674, KLD_decoder_params_norm: 8933.821, Time: 4726.08 |
|Train : Update 81000. Negative ELBO : 8781.989, BCE: 406.541, KLD_latent: 16.740, KLD_decoder_params_norm: 8358.709, Time: 4785.10 |
|Train : Update 82000. Negative ELBO : 8216.114, BCE: 405.532, KLD_latent: 16.414, KLD_decoder_params_norm: 7794.169, Time: 4844.13 |
|Train : Update 83000. Negative ELBO : 7662.824, BCE: 405.490, KLD_latent: 16.202, KLD_decoder_params_norm: 7241.132, Time: 4903.16 |
|Train : Update 84000. Negative ELBO : 7125.018, BCE: 408.466, KLD_latent: 15.793, KLD_decoder_params_norm: 6700.759, Time: 4962.19 |
|Train : Update 85000. Negative ELBO : 6601.355, BCE: 411.520, KLD_latent: 15.761, KLD_decoder_params_norm: 6174.075, Time: 5021.21 |
|Train : Update 86000. Negative ELBO : 6089.905, BCE: 411.702, KLD_latent: 15.667, KLD_decoder_params_norm: 5662.537, Time: 5080.25 |
|Train : Update 87000. Negative ELBO : 5595.871, BCE: 412.709, KLD_latent: 15.736, KLD_decoder_params_norm: 5167.425, Time: 5139.26 |
|Train : Update 88000. Negative ELBO : 5116.984, BCE: 410.474, KLD_latent: 16.395, KLD_decoder_params_norm: 4690.115, Time: 5198.29 |
|Train : Update 89000. Negative ELBO : 4656.530, BCE: 408.966, KLD_latent: 15.197, KLD_decoder_params_norm: 4232.368, Time: 5257.33 |
|Train : Update 90000. Negative ELBO : 4224.993, BCE: 413.794, KLD_latent: 15.398, KLD_decoder_params_norm: 3795.801, Time: 5316.39 |
|Train : Update 91000. Negative ELBO : 3816.264, BCE: 418.694, KLD_latent: 15.346, KLD_decoder_params_norm: 3382.224, Time: 5375.42 |
|Train : Update 92000. Negative ELBO : 3423.927, BCE: 415.439, KLD_latent: 15.005, KLD_decoder_params_norm: 2993.483, Time: 5434.46 |
|Train : Update 93000. Negative ELBO : 3073.799, BCE: 426.721, KLD_latent: 15.450, KLD_decoder_params_norm: 2631.629, Time: 5493.48 |
|Train : Update 94000. Negative ELBO : 2735.025, BCE: 421.460, KLD_latent: 14.855, KLD_decoder_params_norm: 2298.709, Time: 5552.51 |
|Train : Update 95000. Negative ELBO : 2437.733, BCE: 426.836, KLD_latent: 14.263, KLD_decoder_params_norm: 1996.634, Time: 5611.53 |
|Train : Update 96000. Negative ELBO : 2165.907, BCE: 423.868, KLD_latent: 14.483, KLD_decoder_params_norm: 1727.556, Time: 5670.57 |
|Train : Update 97000. Negative ELBO : 1933.965, BCE: 426.999, KLD_latent: 13.940, KLD_decoder_params_norm: 1493.027, Time: 5729.60 |
|Train : Update 98000. Negative ELBO : 1732.164, BCE: 424.055, KLD_latent: 13.893, KLD_decoder_params_norm: 1294.217, Time: 5788.62 |
|Train : Update 99000. Negative ELBO : 1573.424, BCE: 427.549, KLD_latent: 14.140, KLD_decoder_params_norm: 1131.735, Time: 5847.65 |
|Train : Update 100000. Negative ELBO : 1450.281, BCE: 432.314, KLD_latent: 13.270, KLD_decoder_params_norm: 1004.697, Time: 5906.67 |
|Train : Update 101000. Negative ELBO : 1352.173, BCE: 429.265, KLD_latent: 12.842, KLD_decoder_params_norm: 910.066, Time: 5965.70 |
|Train : Update 102000. Negative ELBO : 1285.036, BCE: 429.709, KLD_latent: 13.361, KLD_decoder_params_norm: 841.966, Time: 6024.73 |
|Train : Update 103000. Negative ELBO : 1243.371, BCE: 437.928, KLD_latent: 13.690, KLD_decoder_params_norm: 791.753, Time: 6083.76 |
|Train : Update 104000. Negative ELBO : 1200.680, BCE: 437.173, KLD_latent: 12.499, KLD_decoder_params_norm: 751.009, Time: 6142.78 |
|Train : Update 105000. Negative ELBO : 1165.800, BCE: 438.769, KLD_latent: 11.968, KLD_decoder_params_norm: 715.064, Time: 6201.80 |
|Train : Update 106000. Negative ELBO : 1127.031, BCE: 433.036, KLD_latent: 11.749, KLD_decoder_params_norm: 682.246, Time: 6260.83 |
|Train : Update 107000. Negative ELBO : 1104.860, BCE: 440.984, KLD_latent: 12.023, KLD_decoder_params_norm: 651.854, Time: 6319.85 |
|Train : Update 108000. Negative ELBO : 1072.052, BCE: 437.014, KLD_latent: 11.496, KLD_decoder_params_norm: 623.541, Time: 6378.87 |
|Train : Update 109000. Negative ELBO : 1041.777, BCE: 434.068, KLD_latent: 10.682, KLD_decoder_params_norm: 597.026, Time: 6437.92 |
|Train : Update 110000. Negative ELBO : 1045.002, BCE: 460.547, KLD_latent: 12.385, KLD_decoder_params_norm: 572.071, Time: 6496.96 |
|Train : Update 111000. Negative ELBO : 996.585, BCE: 437.213, KLD_latent: 10.781, KLD_decoder_params_norm: 548.591, Time: 6555.98 |
|Train : Update 112000. Negative ELBO : 975.377, BCE: 438.304, KLD_latent: 10.668, KLD_decoder_params_norm: 526.406, Time: 6615.01 |
|Train : Update 113000. Negative ELBO : 951.252, BCE: 435.570, KLD_latent: 10.273, KLD_decoder_params_norm: 505.409, Time: 6674.04 |
|Train : Update 114000. Negative ELBO : 937.297, BCE: 440.981, KLD_latent: 10.771, KLD_decoder_params_norm: 485.546, Time: 6733.06 |
|Train : Update 115000. Negative ELBO : 921.617, BCE: 444.856, KLD_latent: 10.036, KLD_decoder_params_norm: 466.725, Time: 6792.08 |
|Train : Update 116000. Negative ELBO : 896.455, BCE: 437.714, KLD_latent: 9.860, KLD_decoder_params_norm: 448.881, Time: 6851.12 |
|Train : Update 117000. Negative ELBO : 890.662, BCE: 448.530, KLD_latent: 10.169, KLD_decoder_params_norm: 431.963, Time: 6910.15 |
|Train : Update 118000. Negative ELBO : 868.670, BCE: 442.041, KLD_latent: 10.719, KLD_decoder_params_norm: 415.910, Time: 6969.19 |
|Train : Update 119000. Negative ELBO : 852.393, BCE: 441.603, KLD_latent: 10.128, KLD_decoder_params_norm: 400.661, Time: 7028.22 |
|Train : Update 120000. Negative ELBO : 836.189, BCE: 440.676, KLD_latent: 9.341, KLD_decoder_params_norm: 386.172, Time: 7087.26 |
|Train : Update 121000. Negative ELBO : 824.149, BCE: 441.564, KLD_latent: 10.165, KLD_decoder_params_norm: 372.419, Time: 7146.30 |
|Train : Update 122000. Negative ELBO : 810.838, BCE: 442.278, KLD_latent: 9.247, KLD_decoder_params_norm: 359.313, Time: 7205.33 |
|Train : Update 123000. Negative ELBO : 806.139, BCE: 449.185, KLD_latent: 10.102, KLD_decoder_params_norm: 346.853, Time: 7264.36 |
|Train : Update 124000. Negative ELBO : 791.938, BCE: 447.952, KLD_latent: 8.981, KLD_decoder_params_norm: 335.005, Time: 7323.39 |
|Train : Update 125000. Negative ELBO : 772.903, BCE: 440.267, KLD_latent: 8.924, KLD_decoder_params_norm: 323.711, Time: 7382.41 |
|Train : Update 126000. Negative ELBO : 765.658, BCE: 443.571, KLD_latent: 9.128, KLD_decoder_params_norm: 312.960, Time: 7441.43 |
|Train : Update 127000. Negative ELBO : 754.276, BCE: 442.666, KLD_latent: 8.883, KLD_decoder_params_norm: 302.728, Time: 7500.47 |
|Train : Update 128000. Negative ELBO : 745.343, BCE: 443.369, KLD_latent: 9.005, KLD_decoder_params_norm: 292.968, Time: 7559.50 |
|Train : Update 129000. Negative ELBO : 738.632, BCE: 446.063, KLD_latent: 8.884, KLD_decoder_params_norm: 283.686, Time: 7618.52 |
|Train : Update 130000. Negative ELBO : 728.182, BCE: 444.964, KLD_latent: 8.421, KLD_decoder_params_norm: 274.797, Time: 7677.54 |
|Train : Update 131000. Negative ELBO : 721.463, BCE: 446.480, KLD_latent: 8.674, KLD_decoder_params_norm: 266.309, Time: 7736.56 |
|Train : Update 132000. Negative ELBO : 708.625, BCE: 442.599, KLD_latent: 7.845, KLD_decoder_params_norm: 258.182, Time: 7795.58 |
|Train : Update 133000. Negative ELBO : 702.109, BCE: 442.799, KLD_latent: 8.880, KLD_decoder_params_norm: 250.430, Time: 7854.61 |
|Train : Update 134000. Negative ELBO : 697.218, BCE: 446.125, KLD_latent: 8.055, KLD_decoder_params_norm: 243.038, Time: 7913.64 |
|Train : Update 135000. Negative ELBO : 690.801, BCE: 446.076, KLD_latent: 8.764, KLD_decoder_params_norm: 235.961, Time: 7972.66 |
|Train : Update 136000. Negative ELBO : 684.506, BCE: 446.530, KLD_latent: 8.769, KLD_decoder_params_norm: 229.207, Time: 8031.69 |
|Train : Update 137000. Negative ELBO : 676.347, BCE: 445.442, KLD_latent: 8.190, KLD_decoder_params_norm: 222.715, Time: 8090.72 |
|Train : Update 138000. Negative ELBO : 673.248, BCE: 448.524, KLD_latent: 8.202, KLD_decoder_params_norm: 216.522, Time: 8149.76 |
|Train : Update 139000. Negative ELBO : 668.192, BCE: 448.843, KLD_latent: 8.755, KLD_decoder_params_norm: 210.593, Time: 8208.82 |
|Train : Update 140000. Negative ELBO : 664.938, BCE: 451.846, KLD_latent: 8.188, KLD_decoder_params_norm: 204.904, Time: 8267.84 |
|Train : Update 141000. Negative ELBO : 655.561, BCE: 448.073, KLD_latent: 8.032, KLD_decoder_params_norm: 199.456, Time: 8326.86 |
|Train : Update 142000. Negative ELBO : 646.721, BCE: 443.964, KLD_latent: 8.522, KLD_decoder_params_norm: 194.234, Time: 8385.89 |
|Train : Update 143000. Negative ELBO : 651.659, BCE: 455.460, KLD_latent: 6.970, KLD_decoder_params_norm: 189.230, Time: 8444.90 |
|Train : Update 144000. Negative ELBO : 642.976, BCE: 450.604, KLD_latent: 7.982, KLD_decoder_params_norm: 184.390, Time: 8503.93 |
|Train : Update 145000. Negative ELBO : 634.198, BCE: 446.581, KLD_latent: 7.864, KLD_decoder_params_norm: 179.753, Time: 8562.95 |
|Train : Update 146000. Negative ELBO : 629.530, BCE: 446.034, KLD_latent: 8.180, KLD_decoder_params_norm: 175.316, Time: 8621.99 |
|Train : Update 147000. Negative ELBO : 635.098, BCE: 455.618, KLD_latent: 8.424, KLD_decoder_params_norm: 171.056, Time: 8681.02 |
|Train : Update 148000. Negative ELBO : 629.871, BCE: 455.168, KLD_latent: 7.766, KLD_decoder_params_norm: 166.937, Time: 8740.07 |
|Train : Update 149000. Negative ELBO : 621.762, BCE: 451.380, KLD_latent: 7.399, KLD_decoder_params_norm: 162.983, Time: 8799.09 |
|Train : Update 150000. Negative ELBO : 620.161, BCE: 452.806, KLD_latent: 8.179, KLD_decoder_params_norm: 159.176, Time: 8858.11 |
|Train : Update 151000. Negative ELBO : 614.996, BCE: 450.988, KLD_latent: 8.478, KLD_decoder_params_norm: 155.530, Time: 8917.13 |
|Train : Update 152000. Negative ELBO : 609.202, BCE: 449.940, KLD_latent: 7.252, KLD_decoder_params_norm: 152.011, Time: 8976.17 |
|Train : Update 153000. Negative ELBO : 602.619, BCE: 446.432, KLD_latent: 7.560, KLD_decoder_params_norm: 148.628, Time: 9035.23 |
|Train : Update 154000. Negative ELBO : 604.178, BCE: 450.972, KLD_latent: 7.834, KLD_decoder_params_norm: 145.372, Time: 9094.26 |
|Train : Update 155000. Negative ELBO : 593.858, BCE: 443.546, KLD_latent: 8.065, KLD_decoder_params_norm: 142.247, Time: 9153.29 |
|Train : Update 156000. Negative ELBO : 592.698, BCE: 445.876, KLD_latent: 7.586, KLD_decoder_params_norm: 139.236, Time: 9212.31 |
|Train : Update 157000. Negative ELBO : 598.850, BCE: 454.946, KLD_latent: 7.565, KLD_decoder_params_norm: 136.339, Time: 9271.36 |
|Train : Update 158000. Negative ELBO : 591.323, BCE: 450.434, KLD_latent: 7.343, KLD_decoder_params_norm: 133.546, Time: 9330.39 |
|Train : Update 159000. Negative ELBO : 585.367, BCE: 446.824, KLD_latent: 7.670, KLD_decoder_params_norm: 130.873, Time: 9389.41 |
|Train : Update 160000. Negative ELBO : 583.409, BCE: 447.644, KLD_latent: 7.488, KLD_decoder_params_norm: 128.278, Time: 9448.43 |
|Train : Update 161000. Negative ELBO : 587.414, BCE: 453.718, KLD_latent: 7.907, KLD_decoder_params_norm: 125.789, Time: 9507.46 |
|Train : Update 162000. Negative ELBO : 582.340, BCE: 451.698, KLD_latent: 7.251, KLD_decoder_params_norm: 123.391, Time: 9566.49 |
|Train : Update 163000. Negative ELBO : 577.521, BCE: 449.272, KLD_latent: 7.154, KLD_decoder_params_norm: 121.095, Time: 9625.52 |
|Train : Update 164000. Negative ELBO : 578.930, BCE: 451.942, KLD_latent: 8.107, KLD_decoder_params_norm: 118.881, Time: 9684.55 |
|Train : Update 165000. Negative ELBO : 578.696, BCE: 454.688, KLD_latent: 7.284, KLD_decoder_params_norm: 116.724, Time: 9743.58 |
|Train : Update 166000. Negative ELBO : 574.696, BCE: 452.464, KLD_latent: 7.556, KLD_decoder_params_norm: 114.676, Time: 9802.61 |
|Train : Update 167000. Negative ELBO : 571.042, BCE: 450.322, KLD_latent: 8.049, KLD_decoder_params_norm: 112.671, Time: 9861.63 |
|Train : Update 168000. Negative ELBO : 571.590, BCE: 453.627, KLD_latent: 7.235, KLD_decoder_params_norm: 110.729, Time: 9920.69 |
|Train : Update 169000. Negative ELBO : 562.822, BCE: 446.287, KLD_latent: 7.676, KLD_decoder_params_norm: 108.859, Time: 9979.72 |
|Train : Update 170000. Negative ELBO : 560.500, BCE: 446.243, KLD_latent: 7.207, KLD_decoder_params_norm: 107.051, Time: 10038.77 |
|Train : Update 171000. Negative ELBO : 560.802, BCE: 448.055, KLD_latent: 7.431, KLD_decoder_params_norm: 105.316, Time: 10097.80 |
|Train : Update 172000. Negative ELBO : 564.352, BCE: 452.617, KLD_latent: 8.094, KLD_decoder_params_norm: 103.641, Time: 10156.87 |
|Train : Update 173000. Negative ELBO : 559.590, BCE: 449.934, KLD_latent: 7.633, KLD_decoder_params_norm: 102.023, Time: 10215.94 |
|Train : Update 174000. Negative ELBO : 555.607, BCE: 447.681, KLD_latent: 7.457, KLD_decoder_params_norm: 100.469, Time: 10275.00 |
|Train : Update 175000. Negative ELBO : 560.601, BCE: 454.617, KLD_latent: 7.020, KLD_decoder_params_norm: 98.964, Time: 10334.08 |
|Train : Update 176000. Negative ELBO : 561.553, BCE: 456.548, KLD_latent: 7.509, KLD_decoder_params_norm: 97.496, Time: 10393.15 |
|Train : Update 177000. Negative ELBO : 554.525, BCE: 450.936, KLD_latent: 7.549, KLD_decoder_params_norm: 96.039, Time: 10452.22 |
|Train : Update 178000. Negative ELBO : 555.819, BCE: 453.871, KLD_latent: 7.298, KLD_decoder_params_norm: 94.650, Time: 10511.28 |
|Train : Update 179000. Negative ELBO : 553.149, BCE: 452.629, KLD_latent: 7.198, KLD_decoder_params_norm: 93.323, Time: 10570.34 |
|Train : Update 180000. Negative ELBO : 546.271, BCE: 447.130, KLD_latent: 7.111, KLD_decoder_params_norm: 92.030, Time: 10629.41 |
|Train : Update 181000. Negative ELBO : 548.870, BCE: 450.501, KLD_latent: 7.599, KLD_decoder_params_norm: 90.770, Time: 10688.48 |
|Train : Update 182000. Negative ELBO : 543.309, BCE: 446.863, KLD_latent: 6.890, KLD_decoder_params_norm: 89.556, Time: 10747.54 |
|Train : Update 183000. Negative ELBO : 549.296, BCE: 454.150, KLD_latent: 6.770, KLD_decoder_params_norm: 88.376, Time: 10806.62 |
|Train : Update 184000. Negative ELBO : 547.773, BCE: 453.148, KLD_latent: 7.398, KLD_decoder_params_norm: 87.227, Time: 10865.68 |
|Train : Update 185000. Negative ELBO : 552.136, BCE: 458.108, KLD_latent: 7.901, KLD_decoder_params_norm: 86.126, Time: 10924.73 |
|Train : Update 186000. Negative ELBO : 541.131, BCE: 448.831, KLD_latent: 7.261, KLD_decoder_params_norm: 85.039, Time: 10983.83 |
|Train : Update 187000. Negative ELBO : 544.123, BCE: 453.072, KLD_latent: 7.069, KLD_decoder_params_norm: 83.982, Time: 11042.95 |
|Train : Update 188000. Negative ELBO : 535.310, BCE: 445.382, KLD_latent: 6.959, KLD_decoder_params_norm: 82.968, Time: 11102.07 |
|Train : Update 189000. Negative ELBO : 549.329, BCE: 461.061, KLD_latent: 6.308, KLD_decoder_params_norm: 81.960, Time: 11161.19 |
|Train : Update 190000. Negative ELBO : 540.207, BCE: 452.086, KLD_latent: 7.122, KLD_decoder_params_norm: 80.999, Time: 11220.32 |
|Train : Update 191000. Negative ELBO : 539.628, BCE: 451.890, KLD_latent: 7.677, KLD_decoder_params_norm: 80.061, Time: 11279.46 |
|Train : Update 192000. Negative ELBO : 535.937, BCE: 449.727, KLD_latent: 7.054, KLD_decoder_params_norm: 79.156, Time: 11338.61 |
|Train : Update 193000. Negative ELBO : 534.223, BCE: 448.802, KLD_latent: 7.129, KLD_decoder_params_norm: 78.293, Time: 11397.76 |
|Train : Update 194000. Negative ELBO : 530.000, BCE: 445.061, KLD_latent: 7.502, KLD_decoder_params_norm: 77.437, Time: 11456.91 |
|Train : Update 195000. Negative ELBO : 536.571, BCE: 452.723, KLD_latent: 7.247, KLD_decoder_params_norm: 76.601, Time: 11516.03 |
|Train : Update 196000. Negative ELBO : 534.886, BCE: 451.889, KLD_latent: 7.201, KLD_decoder_params_norm: 75.796, Time: 11575.16 |
|Train : Update 197000. Negative ELBO : 525.794, BCE: 443.730, KLD_latent: 7.058, KLD_decoder_params_norm: 75.006, Time: 11634.26 |
|Train : Update 198000. Negative ELBO : 527.960, BCE: 446.336, KLD_latent: 7.394, KLD_decoder_params_norm: 74.231, Time: 11693.41 |
|Train : Update 199000. Negative ELBO : 539.260, BCE: 458.258, KLD_latent: 7.528, KLD_decoder_params_norm: 73.473, Time: 11752.54 |
|Train : Update 200000. Negative ELBO : 528.051, BCE: 448.546, KLD_latent: 6.765, KLD_decoder_params_norm: 72.740, Time: 11811.68 |
|Train : Update 201000. Negative ELBO : 530.698, BCE: 451.563, KLD_latent: 7.103, KLD_decoder_params_norm: 72.032, Time: 11870.82 |
|Train : Update 202000. Negative ELBO : 534.341, BCE: 456.132, KLD_latent: 6.888, KLD_decoder_params_norm: 71.321, Time: 11929.97 |
|Train : Update 203000. Negative ELBO : 524.522, BCE: 446.778, KLD_latent: 7.099, KLD_decoder_params_norm: 70.645, Time: 11989.07 |
|Train : Update 204000. Negative ELBO : 529.441, BCE: 452.298, KLD_latent: 7.142, KLD_decoder_params_norm: 70.001, Time: 12048.19 |
|Train : Update 205000. Negative ELBO : 526.602, BCE: 450.197, KLD_latent: 7.050, KLD_decoder_params_norm: 69.355, Time: 12107.33 |
|Train : Update 206000. Negative ELBO : 524.215, BCE: 448.724, KLD_latent: 6.779, KLD_decoder_params_norm: 68.711, Time: 12166.49 |
|Train : Update 207000. Negative ELBO : 522.666, BCE: 447.182, KLD_latent: 7.395, KLD_decoder_params_norm: 68.089, Time: 12225.62 |
|Train : Update 208000. Negative ELBO : 524.599, BCE: 450.427, KLD_latent: 6.682, KLD_decoder_params_norm: 67.491, Time: 12284.74 |
|Train : Update 209000. Negative ELBO : 525.482, BCE: 451.686, KLD_latent: 6.869, KLD_decoder_params_norm: 66.927, Time: 12343.86 |
|Train : Update 210000. Negative ELBO : 524.517, BCE: 451.142, KLD_latent: 7.020, KLD_decoder_params_norm: 66.356, Time: 12403.00 |
|Train : Update 211000. Negative ELBO : 521.608, BCE: 449.503, KLD_latent: 6.319, KLD_decoder_params_norm: 65.787, Time: 12462.12 |
|Train : Update 212000. Negative ELBO : 531.289, BCE: 458.456, KLD_latent: 7.585, KLD_decoder_params_norm: 65.248, Time: 12521.27 |
|Train : Update 213000. Negative ELBO : 521.467, BCE: 449.465, KLD_latent: 7.280, KLD_decoder_params_norm: 64.723, Time: 12580.34 |
|Train : Update 214000. Negative ELBO : 527.626, BCE: 456.746, KLD_latent: 6.668, KLD_decoder_params_norm: 64.212, Time: 12639.42 |
|Train : Update 215000. Negative ELBO : 525.771, BCE: 455.169, KLD_latent: 6.876, KLD_decoder_params_norm: 63.726, Time: 12698.49 |
|Train : Update 216000. Negative ELBO : 528.778, BCE: 457.947, KLD_latent: 7.588, KLD_decoder_params_norm: 63.243, Time: 12757.55 |
|Train : Update 217000. Negative ELBO : 517.929, BCE: 447.677, KLD_latent: 7.486, KLD_decoder_params_norm: 62.766, Time: 12816.66 |
|Train : Update 218000. Negative ELBO : 513.474, BCE: 444.638, KLD_latent: 6.522, KLD_decoder_params_norm: 62.314, Time: 12875.77 |
|Train : Update 219000. Negative ELBO : 519.913, BCE: 450.973, KLD_latent: 7.094, KLD_decoder_params_norm: 61.847, Time: 12934.88 |
|Train : Update 220000. Negative ELBO : 514.871, BCE: 446.251, KLD_latent: 7.219, KLD_decoder_params_norm: 61.400, Time: 12994.00 |
|Train : Update 221000. Negative ELBO : 522.657, BCE: 454.342, KLD_latent: 7.333, KLD_decoder_params_norm: 60.982, Time: 13053.12 |
|Train : Update 222000. Negative ELBO : 519.713, BCE: 452.221, KLD_latent: 6.932, KLD_decoder_params_norm: 60.560, Time: 13112.23 |
|Train : Update 223000. Negative ELBO : 519.139, BCE: 452.298, KLD_latent: 6.704, KLD_decoder_params_norm: 60.137, Time: 13171.36 |
|Train : Update 224000. Negative ELBO : 524.288, BCE: 457.677, KLD_latent: 6.884, KLD_decoder_params_norm: 59.727, Time: 13230.48 |
|Train : Update 225000. Negative ELBO : 516.673, BCE: 450.741, KLD_latent: 6.604, KLD_decoder_params_norm: 59.328, Time: 13289.62 |
|Train : Update 226000. Negative ELBO : 521.294, BCE: 455.433, KLD_latent: 6.916, KLD_decoder_params_norm: 58.944, Time: 13348.74 |
|Train : Update 227000. Negative ELBO : 522.080, BCE: 456.666, KLD_latent: 6.852, KLD_decoder_params_norm: 58.562, Time: 13407.86 |
|Train : Update 228000. Negative ELBO : 522.207, BCE: 456.231, KLD_latent: 7.795, KLD_decoder_params_norm: 58.180, Time: 13466.97 |
|Train : Update 229000. Negative ELBO : 514.184, BCE: 450.060, KLD_latent: 6.325, KLD_decoder_params_norm: 57.799, Time: 13526.44 |
|Train : Update 230000. Negative ELBO : 517.744, BCE: 453.453, KLD_latent: 6.849, KLD_decoder_params_norm: 57.442, Time: 13585.87 |
|Train : Update 231000. Negative ELBO : 516.972, BCE: 452.544, KLD_latent: 7.327, KLD_decoder_params_norm: 57.101, Time: 13644.95 |
|Train : Update 232000. Negative ELBO : 513.532, BCE: 450.217, KLD_latent: 6.557, KLD_decoder_params_norm: 56.758, Time: 13704.03 |
|Train : Update 233000. Negative ELBO : 517.183, BCE: 454.438, KLD_latent: 6.326, KLD_decoder_params_norm: 56.419, Time: 13763.12 |
|Train : Update 234000. Negative ELBO : 508.980, BCE: 446.081, KLD_latent: 6.818, KLD_decoder_params_norm: 56.081, Time: 13822.21 |
|Train : Update 235000. Negative ELBO : 508.629, BCE: 446.217, KLD_latent: 6.657, KLD_decoder_params_norm: 55.755, Time: 13881.30 |
|Train : Update 236000. Negative ELBO : 511.506, BCE: 449.358, KLD_latent: 6.718, KLD_decoder_params_norm: 55.430, Time: 13940.38 |
|Train : Update 237000. Negative ELBO : 508.609, BCE: 446.450, KLD_latent: 7.048, KLD_decoder_params_norm: 55.111, Time: 13999.47 |
|Train : Update 238000. Negative ELBO : 515.376, BCE: 454.546, KLD_latent: 6.028, KLD_decoder_params_norm: 54.802, Time: 14058.55 |
|Train : Update 239000. Negative ELBO : 517.200, BCE: 456.218, KLD_latent: 6.477, KLD_decoder_params_norm: 54.505, Time: 14117.63 |
|Train : Update 240000. Negative ELBO : 506.234, BCE: 444.819, KLD_latent: 7.217, KLD_decoder_params_norm: 54.198, Time: 14176.72 |
|Train : Update 241000. Negative ELBO : 514.118, BCE: 452.969, KLD_latent: 7.254, KLD_decoder_params_norm: 53.895, Time: 14235.82 |
|Train : Update 242000. Negative ELBO : 512.354, BCE: 452.030, KLD_latent: 6.722, KLD_decoder_params_norm: 53.603, Time: 14294.94 |
|Train : Update 243000. Negative ELBO : 512.770, BCE: 452.590, KLD_latent: 6.871, KLD_decoder_params_norm: 53.310, Time: 14354.09 |
|Train : Update 244000. Negative ELBO : 510.628, BCE: 450.888, KLD_latent: 6.704, KLD_decoder_params_norm: 53.036, Time: 14413.19 |
|Train : Update 245000. Negative ELBO : 508.535, BCE: 448.571, KLD_latent: 7.201, KLD_decoder_params_norm: 52.763, Time: 14472.28 |
|Train : Update 246000. Negative ELBO : 506.241, BCE: 446.751, KLD_latent: 6.991, KLD_decoder_params_norm: 52.498, Time: 14531.35 |
|Train : Update 247000. Negative ELBO : 515.627, BCE: 456.636, KLD_latent: 6.766, KLD_decoder_params_norm: 52.225, Time: 14590.42 |
|Train : Update 248000. Negative ELBO : 502.703, BCE: 443.189, KLD_latent: 7.540, KLD_decoder_params_norm: 51.973, Time: 14649.46 |
|Train : Update 249000. Negative ELBO : 511.235, BCE: 452.492, KLD_latent: 7.026, KLD_decoder_params_norm: 51.717, Time: 14708.47 |
|Train : Update 250000. Negative ELBO : 505.546, BCE: 447.509, KLD_latent: 6.564, KLD_decoder_params_norm: 51.473, Time: 14767.48 |
|Train : Update 251000. Negative ELBO : 507.115, BCE: 448.733, KLD_latent: 7.157, KLD_decoder_params_norm: 51.224, Time: 14826.53 |
|Train : Update 252000. Negative ELBO : 506.706, BCE: 449.035, KLD_latent: 6.696, KLD_decoder_params_norm: 50.976, Time: 14885.58 |
|Train : Update 253000. Negative ELBO : 509.595, BCE: 452.173, KLD_latent: 6.678, KLD_decoder_params_norm: 50.744, Time: 14944.63 |
|Train : Update 254000. Negative ELBO : 503.490, BCE: 446.353, KLD_latent: 6.635, KLD_decoder_params_norm: 50.502, Time: 15003.78 |
|Train : Update 255000. Negative ELBO : 511.300, BCE: 454.360, KLD_latent: 6.675, KLD_decoder_params_norm: 50.265, Time: 15062.94 |
|Train : Update 256000. Negative ELBO : 510.662, BCE: 454.122, KLD_latent: 6.498, KLD_decoder_params_norm: 50.042, Time: 15122.09 |
|Train : Update 257000. Negative ELBO : 503.179, BCE: 446.462, KLD_latent: 6.909, KLD_decoder_params_norm: 49.808, Time: 15181.20 |
|Train : Update 258000. Negative ELBO : 500.078, BCE: 443.450, KLD_latent: 7.040, KLD_decoder_params_norm: 49.588, Time: 15240.29 |
|Train : Update 259000. Negative ELBO : 501.831, BCE: 445.999, KLD_latent: 6.461, KLD_decoder_params_norm: 49.371, Time: 15299.43 |
|Train : Update 260000. Negative ELBO : 502.889, BCE: 446.958, KLD_latent: 6.779, KLD_decoder_params_norm: 49.152, Time: 15358.55 |
|Train : Update 261000. Negative ELBO : 510.615, BCE: 454.862, KLD_latent: 6.811, KLD_decoder_params_norm: 48.942, Time: 15417.68 |
|Train : Update 262000. Negative ELBO : 503.677, BCE: 447.514, KLD_latent: 7.432, KLD_decoder_params_norm: 48.731, Time: 15476.80 |
|Train : Update 263000. Negative ELBO : 504.192, BCE: 449.027, KLD_latent: 6.629, KLD_decoder_params_norm: 48.537, Time: 15535.90 |
|Train : Update 264000. Negative ELBO : 505.491, BCE: 450.389, KLD_latent: 6.766, KLD_decoder_params_norm: 48.336, Time: 15595.02 |
|Train : Update 265000. Negative ELBO : 509.390, BCE: 454.525, KLD_latent: 6.725, KLD_decoder_params_norm: 48.140, Time: 15654.20 |
|Train : Update 266000. Negative ELBO : 510.126, BCE: 455.434, KLD_latent: 6.744, KLD_decoder_params_norm: 47.948, Time: 15713.37 |
|Train : Update 267000. Negative ELBO : 503.823, BCE: 449.026, KLD_latent: 7.042, KLD_decoder_params_norm: 47.755, Time: 15772.51 |
|Train : Update 268000. Negative ELBO : 505.115, BCE: 451.108, KLD_latent: 6.441, KLD_decoder_params_norm: 47.566, Time: 15831.63 |
|Train : Update 269000. Negative ELBO : 500.518, BCE: 446.624, KLD_latent: 6.503, KLD_decoder_params_norm: 47.391, Time: 15890.75 |
|Train : Update 270000. Negative ELBO : 508.800, BCE: 454.929, KLD_latent: 6.666, KLD_decoder_params_norm: 47.205, Time: 15949.90 |
|Train : Update 271000. Negative ELBO : 503.530, BCE: 449.429, KLD_latent: 7.079, KLD_decoder_params_norm: 47.022, Time: 16009.02 |
|Train : Update 272000. Negative ELBO : 504.604, BCE: 451.179, KLD_latent: 6.576, KLD_decoder_params_norm: 46.849, Time: 16068.15 |
|Train : Update 273000. Negative ELBO : 496.501, BCE: 443.289, KLD_latent: 6.532, KLD_decoder_params_norm: 46.680, Time: 16127.28 |
|Train : Update 274000. Negative ELBO : 498.006, BCE: 444.964, KLD_latent: 6.548, KLD_decoder_params_norm: 46.494, Time: 16186.41 |
|Train : Update 275000. Negative ELBO : 500.932, BCE: 447.850, KLD_latent: 6.760, KLD_decoder_params_norm: 46.322, Time: 16245.55 |
|Train : Update 276000. Negative ELBO : 497.902, BCE: 444.999, KLD_latent: 6.754, KLD_decoder_params_norm: 46.149, Time: 16304.66 |
|Train : Update 277000. Negative ELBO : 498.469, BCE: 445.605, KLD_latent: 6.887, KLD_decoder_params_norm: 45.977, Time: 16363.77 |
|Train : Update 278000. Negative ELBO : 505.433, BCE: 452.556, KLD_latent: 7.062, KLD_decoder_params_norm: 45.814, Time: 16422.91 |
|Train : Update 279000. Negative ELBO : 496.044, BCE: 443.425, KLD_latent: 6.968, KLD_decoder_params_norm: 45.652, Time: 16482.08 |
|Train : Update 280000. Negative ELBO : 506.310, BCE: 454.689, KLD_latent: 6.129, KLD_decoder_params_norm: 45.493, Time: 16541.26 |
|Train : Update 281000. Negative ELBO : 501.076, BCE: 448.548, KLD_latent: 7.187, KLD_decoder_params_norm: 45.341, Time: 16600.40 |
|Train : Update 282000. Negative ELBO : 500.984, BCE: 448.969, KLD_latent: 6.824, KLD_decoder_params_norm: 45.191, Time: 16659.52 |
|Train : Update 283000. Negative ELBO : 501.738, BCE: 450.161, KLD_latent: 6.545, KLD_decoder_params_norm: 45.032, Time: 16718.64 |
|Train : Update 284000. Negative ELBO : 499.257, BCE: 447.659, KLD_latent: 6.723, KLD_decoder_params_norm: 44.874, Time: 16777.77 |
|Train : Update 285000. Negative ELBO : 499.736, BCE: 449.015, KLD_latent: 5.988, KLD_decoder_params_norm: 44.733, Time: 16836.90 |
|Train : Update 286000. Negative ELBO : 500.937, BCE: 449.800, KLD_latent: 6.550, KLD_decoder_params_norm: 44.588, Time: 16896.03 |
|Train : Update 287000. Negative ELBO : 496.683, BCE: 445.505, KLD_latent: 6.737, KLD_decoder_params_norm: 44.442, Time: 16955.16 |
|Train : Update 288000. Negative ELBO : 497.432, BCE: 446.604, KLD_latent: 6.530, KLD_decoder_params_norm: 44.298, Time: 17014.29 |
|Train : Update 289000. Negative ELBO : 496.964, BCE: 446.741, KLD_latent: 6.065, KLD_decoder_params_norm: 44.158, Time: 17073.42 |
|Train : Update 290000. Negative ELBO : 504.100, BCE: 453.489, KLD_latent: 6.599, KLD_decoder_params_norm: 44.012, Time: 17132.53 |
|Train : Update 291000. Negative ELBO : 496.825, BCE: 445.987, KLD_latent: 6.972, KLD_decoder_params_norm: 43.866, Time: 17191.62 |
|Train : Update 292000. Negative ELBO : 495.597, BCE: 444.715, KLD_latent: 7.146, KLD_decoder_params_norm: 43.736, Time: 17250.77 |
|Train : Update 293000. Negative ELBO : 495.970, BCE: 445.767, KLD_latent: 6.600, KLD_decoder_params_norm: 43.603, Time: 17309.91 |
|Train : Update 294000. Negative ELBO : 496.926, BCE: 447.224, KLD_latent: 6.234, KLD_decoder_params_norm: 43.467, Time: 17369.04 |
|Train : Update 295000. Negative ELBO : 504.502, BCE: 454.395, KLD_latent: 6.766, KLD_decoder_params_norm: 43.341, Time: 17428.19 |
|Train : Update 296000. Negative ELBO : 503.160, BCE: 453.140, KLD_latent: 6.809, KLD_decoder_params_norm: 43.211, Time: 17487.35 |
|Train : Update 297000. Negative ELBO : 500.452, BCE: 450.764, KLD_latent: 6.609, KLD_decoder_params_norm: 43.079, Time: 17546.50 |
|Train : Update 298000. Negative ELBO : 498.311, BCE: 448.445, KLD_latent: 6.922, KLD_decoder_params_norm: 42.945, Time: 17605.61 |
|Train : Update 299000. Negative ELBO : 496.237, BCE: 447.301, KLD_latent: 6.109, KLD_decoder_params_norm: 42.828, Time: 17664.72 |
|Train : Update 300000. Negative ELBO : 501.686, BCE: 452.457, KLD_latent: 6.526, KLD_decoder_params_norm: 42.703, Time: 17723.86 |
|Train : Update 301000. Negative ELBO : 491.252, BCE: 441.500, KLD_latent: 7.162, KLD_decoder_params_norm: 42.589, Time: 17782.99 |
|Train : Update 302000. Negative ELBO : 494.876, BCE: 445.074, KLD_latent: 7.339, KLD_decoder_params_norm: 42.463, Time: 17842.16 |
|Train : Update 303000. Negative ELBO : 498.585, BCE: 449.439, KLD_latent: 6.812, KLD_decoder_params_norm: 42.335, Time: 17901.28 |
|Train : Update 304000. Negative ELBO : 501.752, BCE: 452.161, KLD_latent: 7.373, KLD_decoder_params_norm: 42.218, Time: 17960.42 |
|Train : Update 305000. Negative ELBO : 498.213, BCE: 449.502, KLD_latent: 6.611, KLD_decoder_params_norm: 42.100, Time: 18019.57 |
|Train : Update 306000. Negative ELBO : 496.108, BCE: 447.282, KLD_latent: 6.846, KLD_decoder_params_norm: 41.980, Time: 18078.78 |
|Train : Update 307000. Negative ELBO : 497.774, BCE: 448.322, KLD_latent: 7.578, KLD_decoder_params_norm: 41.874, Time: 18138.00 |
|Train : Update 308000. Negative ELBO : 498.638, BCE: 450.368, KLD_latent: 6.506, KLD_decoder_params_norm: 41.764, Time: 18197.17 |
|Train : Update 309000. Negative ELBO : 494.463, BCE: 446.732, KLD_latent: 6.079, KLD_decoder_params_norm: 41.653, Time: 18256.32 |
|Train : Update 310000. Negative ELBO : 498.347, BCE: 450.347, KLD_latent: 6.456, KLD_decoder_params_norm: 41.544, Time: 18315.47 |
|Train : Update 311000. Negative ELBO : 499.923, BCE: 451.411, KLD_latent: 7.075, KLD_decoder_params_norm: 41.438, Time: 18374.64 |
|Train : Update 312000. Negative ELBO : 496.503, BCE: 448.219, KLD_latent: 6.951, KLD_decoder_params_norm: 41.333, Time: 18433.83 |
|Train : Update 313000. Negative ELBO : 494.310, BCE: 446.601, KLD_latent: 6.483, KLD_decoder_params_norm: 41.225, Time: 18492.99 |
|Train : Update 314000. Negative ELBO : 504.284, BCE: 456.126, KLD_latent: 7.025, KLD_decoder_params_norm: 41.132, Time: 18552.13 |
|Train : Update 315000. Negative ELBO : 498.108, BCE: 451.035, KLD_latent: 6.048, KLD_decoder_params_norm: 41.024, Time: 18611.27 |
|Train : Update 316000. Negative ELBO : 494.729, BCE: 447.039, KLD_latent: 6.763, KLD_decoder_params_norm: 40.927, Time: 18670.40 |
|Train : Update 317000. Negative ELBO : 492.615, BCE: 445.808, KLD_latent: 5.976, KLD_decoder_params_norm: 40.831, Time: 18729.51 |
|Train : Update 318000. Negative ELBO : 500.008, BCE: 452.238, KLD_latent: 7.033, KLD_decoder_params_norm: 40.736, Time: 18788.62 |
|Train : Update 319000. Negative ELBO : 492.245, BCE: 444.817, KLD_latent: 6.785, KLD_decoder_params_norm: 40.643, Time: 18847.71 |
|Train : Update 320000. Negative ELBO : 496.309, BCE: 448.794, KLD_latent: 6.970, KLD_decoder_params_norm: 40.545, Time: 18906.79 |
|Train : Update 321000. Negative ELBO : 501.481, BCE: 454.197, KLD_latent: 6.829, KLD_decoder_params_norm: 40.454, Time: 18965.87 |
|Train : Update 322000. Negative ELBO : 491.916, BCE: 445.307, KLD_latent: 6.240, KLD_decoder_params_norm: 40.368, Time: 19025.00 |
|Train : Update 323000. Negative ELBO : 499.994, BCE: 452.850, KLD_latent: 6.856, KLD_decoder_params_norm: 40.288, Time: 19084.12 |
|Train : Update 324000. Negative ELBO : 498.012, BCE: 451.601, KLD_latent: 6.199, KLD_decoder_params_norm: 40.211, Time: 19143.24 |
|Train : Update 325000. Negative ELBO : 492.830, BCE: 446.388, KLD_latent: 6.317, KLD_decoder_params_norm: 40.125, Time: 19202.33 |
|Train : Update 326000. Negative ELBO : 498.877, BCE: 452.143, KLD_latent: 6.695, KLD_decoder_params_norm: 40.040, Time: 19261.42 |
|Train : Update 327000. Negative ELBO : 492.406, BCE: 445.607, KLD_latent: 6.840, KLD_decoder_params_norm: 39.958, Time: 19320.52 |
|Train : Update 328000. Negative ELBO : 492.124, BCE: 445.252, KLD_latent: 6.993, KLD_decoder_params_norm: 39.879, Time: 19379.59 |
|Train : Update 329000. Negative ELBO : 485.116, BCE: 438.622, KLD_latent: 6.689, KLD_decoder_params_norm: 39.805, Time: 19438.68 |
|Train : Update 330000. Negative ELBO : 499.580, BCE: 452.536, KLD_latent: 7.318, KLD_decoder_params_norm: 39.726, Time: 19497.76 |
|Train : Update 331000. Negative ELBO : 495.266, BCE: 449.180, KLD_latent: 6.433, KLD_decoder_params_norm: 39.653, Time: 19556.85 |
|Train : Update 332000. Negative ELBO : 498.875, BCE: 452.882, KLD_latent: 6.419, KLD_decoder_params_norm: 39.574, Time: 19615.95 |
|Train : Update 333000. Negative ELBO : 497.209, BCE: 450.367, KLD_latent: 7.344, KLD_decoder_params_norm: 39.498, Time: 19675.03 |
|Train : Update 334000. Negative ELBO : 497.024, BCE: 451.208, KLD_latent: 6.402, KLD_decoder_params_norm: 39.415, Time: 19734.11 |
|Train : Update 335000. Negative ELBO : 491.577, BCE: 446.052, KLD_latent: 6.174, KLD_decoder_params_norm: 39.350, Time: 19793.19 |
|Train : Update 336000. Negative ELBO : 493.035, BCE: 447.382, KLD_latent: 6.379, KLD_decoder_params_norm: 39.274, Time: 19852.27 |
|Train : Update 337000. Negative ELBO : 491.396, BCE: 445.395, KLD_latent: 6.800, KLD_decoder_params_norm: 39.201, Time: 19911.34 |
|Train : Update 338000. Negative ELBO : 491.278, BCE: 445.487, KLD_latent: 6.664, KLD_decoder_params_norm: 39.127, Time: 19970.44 |
|Train : Update 339000. Negative ELBO : 492.983, BCE: 447.023, KLD_latent: 6.896, KLD_decoder_params_norm: 39.065, Time: 20029.52 |
|Train : Update 340000. Negative ELBO : 492.968, BCE: 447.527, KLD_latent: 6.439, KLD_decoder_params_norm: 39.002, Time: 20088.64 |
|Train : Update 341000. Negative ELBO : 493.131, BCE: 447.235, KLD_latent: 6.964, KLD_decoder_params_norm: 38.932, Time: 20147.71 |
|Train : Update 342000. Negative ELBO : 489.092, BCE: 443.385, KLD_latent: 6.848, KLD_decoder_params_norm: 38.859, Time: 20206.79 |
|Train : Update 343000. Negative ELBO : 491.383, BCE: 446.271, KLD_latent: 6.318, KLD_decoder_params_norm: 38.793, Time: 20265.86 |
|Train : Update 344000. Negative ELBO : 488.641, BCE: 443.290, KLD_latent: 6.622, KLD_decoder_params_norm: 38.729, Time: 20324.94 |
|Train : Update 345000. Negative ELBO : 489.168, BCE: 443.723, KLD_latent: 6.778, KLD_decoder_params_norm: 38.668, Time: 20384.00 |
|Train : Update 346000. Negative ELBO : 500.888, BCE: 455.428, KLD_latent: 6.856, KLD_decoder_params_norm: 38.604, Time: 20443.08 |
|Train : Update 347000. Negative ELBO : 491.903, BCE: 446.285, KLD_latent: 7.080, KLD_decoder_params_norm: 38.538, Time: 20502.15 |
|Train : Update 348000. Negative ELBO : 493.190, BCE: 447.737, KLD_latent: 6.982, KLD_decoder_params_norm: 38.471, Time: 20561.23 |
|Train : Update 349000. Negative ELBO : 492.340, BCE: 447.907, KLD_latent: 6.025, KLD_decoder_params_norm: 38.407, Time: 20620.30 |
|Train : Update 350000. Negative ELBO : 490.663, BCE: 445.766, KLD_latent: 6.548, KLD_decoder_params_norm: 38.349, Time: 20679.40 |
|Train : Update 351000. Negative ELBO : 486.748, BCE: 441.498, KLD_latent: 6.956, KLD_decoder_params_norm: 38.294, Time: 20738.48 |
|Train : Update 352000. Negative ELBO : 492.824, BCE: 447.739, KLD_latent: 6.849, KLD_decoder_params_norm: 38.236, Time: 20797.56 |
|Train : Update 353000. Negative ELBO : 506.330, BCE: 461.069, KLD_latent: 7.079, KLD_decoder_params_norm: 38.182, Time: 20856.64 |
|Train : Update 354000. Negative ELBO : 488.472, BCE: 443.531, KLD_latent: 6.815, KLD_decoder_params_norm: 38.125, Time: 20915.74 |
|Train : Update 355000. Negative ELBO : 488.651, BCE: 444.014, KLD_latent: 6.574, KLD_decoder_params_norm: 38.063, Time: 20974.82 |
|Train : Update 356000. Negative ELBO : 496.950, BCE: 452.276, KLD_latent: 6.667, KLD_decoder_params_norm: 38.006, Time: 21033.91 |
|Train : Update 357000. Negative ELBO : 495.795, BCE: 451.392, KLD_latent: 6.451, KLD_decoder_params_norm: 37.953, Time: 21092.99 |
|Train : Update 358000. Negative ELBO : 484.038, BCE: 439.612, KLD_latent: 6.529, KLD_decoder_params_norm: 37.896, Time: 21152.06 |
|Train : Update 359000. Negative ELBO : 489.497, BCE: 444.722, KLD_latent: 6.935, KLD_decoder_params_norm: 37.840, Time: 21211.13 |
|Train : Update 360000. Negative ELBO : 485.643, BCE: 440.964, KLD_latent: 6.888, KLD_decoder_params_norm: 37.790, Time: 21270.20 |
|Train : Update 361000. Negative ELBO : 487.903, BCE: 443.797, KLD_latent: 6.373, KLD_decoder_params_norm: 37.733, Time: 21329.27 |
|Train : Update 362000. Negative ELBO : 493.182, BCE: 448.947, KLD_latent: 6.552, KLD_decoder_params_norm: 37.683, Time: 21388.34 |
|Train : Update 363000. Negative ELBO : 490.307, BCE: 445.797, KLD_latent: 6.886, KLD_decoder_params_norm: 37.625, Time: 21447.41 |
|Train : Update 364000. Negative ELBO : 495.953, BCE: 451.525, KLD_latent: 6.849, KLD_decoder_params_norm: 37.579, Time: 21506.48 |
|Train : Update 365000. Negative ELBO : 496.536, BCE: 452.065, KLD_latent: 6.954, KLD_decoder_params_norm: 37.518, Time: 21565.55 |
|Train : Update 366000. Negative ELBO : 488.099, BCE: 444.586, KLD_latent: 6.044, KLD_decoder_params_norm: 37.469, Time: 21624.64 |
|Train : Update 367000. Negative ELBO : 493.219, BCE: 449.069, KLD_latent: 6.724, KLD_decoder_params_norm: 37.426, Time: 21683.72 |
|Train : Update 368000. Negative ELBO : 489.360, BCE: 445.262, KLD_latent: 6.727, KLD_decoder_params_norm: 37.372, Time: 21742.79 |
|Train : Update 369000. Negative ELBO : 493.778, BCE: 449.587, KLD_latent: 6.879, KLD_decoder_params_norm: 37.312, Time: 21801.87 |
|Train : Update 370000. Negative ELBO : 487.778, BCE: 443.415, KLD_latent: 7.104, KLD_decoder_params_norm: 37.259, Time: 21860.95 |
|Train : Update 371000. Negative ELBO : 502.504, BCE: 458.411, KLD_latent: 6.888, KLD_decoder_params_norm: 37.204, Time: 21920.02 |
|Train : Update 372000. Negative ELBO : 493.873, BCE: 449.812, KLD_latent: 6.912, KLD_decoder_params_norm: 37.149, Time: 21979.11 |
|Train : Update 373000. Negative ELBO : 487.008, BCE: 443.425, KLD_latent: 6.485, KLD_decoder_params_norm: 37.098, Time: 22038.19 |
|Train : Update 374000. Negative ELBO : 491.638, BCE: 447.450, KLD_latent: 7.146, KLD_decoder_params_norm: 37.042, Time: 22097.31 |
|Train : Update 375000. Negative ELBO : 488.402, BCE: 444.498, KLD_latent: 6.910, KLD_decoder_params_norm: 36.994, Time: 22156.45 |
|Train : Update 376000. Negative ELBO : 483.796, BCE: 440.132, KLD_latent: 6.718, KLD_decoder_params_norm: 36.945, Time: 22215.59 |
|Train : Update 377000. Negative ELBO : 486.721, BCE: 442.658, KLD_latent: 7.164, KLD_decoder_params_norm: 36.898, Time: 22274.68 |
|Train : Update 378000. Negative ELBO : 496.323, BCE: 452.401, KLD_latent: 7.074, KLD_decoder_params_norm: 36.848, Time: 22333.78 |
|Train : Update 379000. Negative ELBO : 486.452, BCE: 442.967, KLD_latent: 6.686, KLD_decoder_params_norm: 36.799, Time: 22392.89 |
|Train : Update 380000. Negative ELBO : 495.957, BCE: 452.330, KLD_latent: 6.883, KLD_decoder_params_norm: 36.745, Time: 22451.99 |
|Train : Update 381000. Negative ELBO : 489.324, BCE: 445.995, KLD_latent: 6.627, KLD_decoder_params_norm: 36.702, Time: 22511.08 |
|Train : Update 382000. Negative ELBO : 490.087, BCE: 447.148, KLD_latent: 6.283, KLD_decoder_params_norm: 36.656, Time: 22570.16 |
|Train : Update 383000. Negative ELBO : 487.302, BCE: 444.594, KLD_latent: 6.101, KLD_decoder_params_norm: 36.606, Time: 22629.24 |
|Train : Update 384000. Negative ELBO : 487.088, BCE: 443.582, KLD_latent: 6.941, KLD_decoder_params_norm: 36.564, Time: 22688.33 |
|Train : Update 385000. Negative ELBO : 489.926, BCE: 446.625, KLD_latent: 6.779, KLD_decoder_params_norm: 36.521, Time: 22747.41 |
|Train : Update 386000. Negative ELBO : 491.603, BCE: 448.549, KLD_latent: 6.577, KLD_decoder_params_norm: 36.477, Time: 22806.48 |
|Train : Update 387000. Negative ELBO : 491.274, BCE: 448.548, KLD_latent: 6.294, KLD_decoder_params_norm: 36.432, Time: 22865.57 |
|Train : Update 388000. Negative ELBO : 491.847, BCE: 448.349, KLD_latent: 7.112, KLD_decoder_params_norm: 36.386, Time: 22924.70 |
|Train : Update 389000. Negative ELBO : 493.671, BCE: 450.734, KLD_latent: 6.597, KLD_decoder_params_norm: 36.340, Time: 22983.80 |
|Train : Update 390000. Negative ELBO : 489.542, BCE: 446.794, KLD_latent: 6.447, KLD_decoder_params_norm: 36.301, Time: 23042.91 |
|Train : Update 391000. Negative ELBO : 486.678, BCE: 443.511, KLD_latent: 6.909, KLD_decoder_params_norm: 36.258, Time: 23102.01 |
|Train : Update 392000. Negative ELBO : 493.506, BCE: 450.423, KLD_latent: 6.873, KLD_decoder_params_norm: 36.209, Time: 23161.11 |
|Train : Update 393000. Negative ELBO : 486.781, BCE: 443.568, KLD_latent: 7.038, KLD_decoder_params_norm: 36.176, Time: 23220.23 |
|Train : Update 394000. Negative ELBO : 483.477, BCE: 440.751, KLD_latent: 6.592, KLD_decoder_params_norm: 36.134, Time: 23279.40 |
|Train : Update 395000. Negative ELBO : 492.770, BCE: 449.433, KLD_latent: 7.241, KLD_decoder_params_norm: 36.096, Time: 23338.57 |
|Train : Update 396000. Negative ELBO : 485.399, BCE: 442.835, KLD_latent: 6.513, KLD_decoder_params_norm: 36.051, Time: 23397.70 |
|Train : Update 397000. Negative ELBO : 484.689, BCE: 441.701, KLD_latent: 6.976, KLD_decoder_params_norm: 36.012, Time: 23456.81 |
|Train : Update 398000. Negative ELBO : 486.844, BCE: 444.001, KLD_latent: 6.875, KLD_decoder_params_norm: 35.968, Time: 23515.93 |
|Train : Update 399000. Negative ELBO : 488.631, BCE: 446.132, KLD_latent: 6.577, KLD_decoder_params_norm: 35.922, Time: 23575.05 |
|Train : Update 400000. Negative ELBO : 491.026, BCE: 447.791, KLD_latent: 7.349, KLD_decoder_params_norm: 35.886, Time: 23634.17 |
