Number of sequences in alignment file:	1179
Neff:	131.5475617794571
Alignment sequence length:	387
|Train : Update 1000. Negative ELBO : 1126632.875, BCE: 559.727, KLD_latent: 26.595, KLD_decoder_params_norm: 1126046.500, Time: 50.17 |
|Train : Update 2000. Negative ELBO : 1113773.500, BCE: 341.883, KLD_latent: 46.985, KLD_decoder_params_norm: 1113384.625, Time: 97.67 |
|Train : Update 3000. Negative ELBO : 1101064.250, BCE: 301.188, KLD_latent: 42.513, KLD_decoder_params_norm: 1100720.500, Time: 145.29 |
|Train : Update 4000. Negative ELBO : 1088388.750, BCE: 293.622, KLD_latent: 40.696, KLD_decoder_params_norm: 1088054.375, Time: 192.81 |
|Train : Update 5000. Negative ELBO : 1075717.125, BCE: 288.359, KLD_latent: 40.629, KLD_decoder_params_norm: 1075388.125, Time: 240.30 |
|Train : Update 6000. Negative ELBO : 1063044.125, BCE: 286.587, KLD_latent: 36.151, KLD_decoder_params_norm: 1062721.375, Time: 287.71 |
|Train : Update 7000. Negative ELBO : 1050378.375, BCE: 287.134, KLD_latent: 35.982, KLD_decoder_params_norm: 1050055.250, Time: 335.10 |
|Train : Update 8000. Negative ELBO : 1037704.125, BCE: 281.009, KLD_latent: 34.413, KLD_decoder_params_norm: 1037388.688, Time: 382.47 |
|Train : Update 9000. Negative ELBO : 1025039.375, BCE: 282.984, KLD_latent: 33.867, KLD_decoder_params_norm: 1024722.500, Time: 429.87 |
|Train : Update 10000. Negative ELBO : 1012368.562, BCE: 279.974, KLD_latent: 31.640, KLD_decoder_params_norm: 1012056.938, Time: 477.25 |
|Train : Update 11000. Negative ELBO : 999709.500, BCE: 287.182, KLD_latent: 31.164, KLD_decoder_params_norm: 999391.125, Time: 524.61 |
|Train : Update 12000. Negative ELBO : 987037.000, BCE: 278.027, KLD_latent: 33.302, KLD_decoder_params_norm: 986725.688, Time: 571.96 |
|Train : Update 13000. Negative ELBO : 974372.562, BCE: 281.027, KLD_latent: 30.537, KLD_decoder_params_norm: 974061.000, Time: 619.33 |
|Train : Update 14000. Negative ELBO : 961707.500, BCE: 280.908, KLD_latent: 30.053, KLD_decoder_params_norm: 961396.500, Time: 666.76 |
|Train : Update 15000. Negative ELBO : 949038.125, BCE: 275.747, KLD_latent: 30.503, KLD_decoder_params_norm: 948731.875, Time: 714.16 |
|Train : Update 16000. Negative ELBO : 936377.000, BCE: 277.225, KLD_latent: 31.471, KLD_decoder_params_norm: 936068.250, Time: 761.60 |
|Train : Update 17000. Negative ELBO : 923712.125, BCE: 276.882, KLD_latent: 30.587, KLD_decoder_params_norm: 923404.688, Time: 809.04 |
|Train : Update 18000. Negative ELBO : 911046.875, BCE: 276.088, KLD_latent: 28.655, KLD_decoder_params_norm: 910742.188, Time: 856.48 |
|Train : Update 19000. Negative ELBO : 898384.812, BCE: 275.594, KLD_latent: 29.283, KLD_decoder_params_norm: 898079.875, Time: 903.90 |
|Train : Update 20000. Negative ELBO : 885726.812, BCE: 281.581, KLD_latent: 27.264, KLD_decoder_params_norm: 885418.000, Time: 951.34 |
|Train : Update 21000. Negative ELBO : 873064.625, BCE: 277.644, KLD_latent: 28.029, KLD_decoder_params_norm: 872759.000, Time: 998.82 |
|Train : Update 22000. Negative ELBO : 860405.062, BCE: 275.887, KLD_latent: 28.193, KLD_decoder_params_norm: 860101.000, Time: 1046.26 |
|Train : Update 23000. Negative ELBO : 847748.812, BCE: 278.676, KLD_latent: 26.501, KLD_decoder_params_norm: 847443.625, Time: 1093.73 |
|Train : Update 24000. Negative ELBO : 835094.625, BCE: 279.297, KLD_latent: 27.870, KLD_decoder_params_norm: 834787.438, Time: 1141.16 |
|Train : Update 25000. Negative ELBO : 822435.750, BCE: 275.976, KLD_latent: 28.106, KLD_decoder_params_norm: 822131.625, Time: 1188.60 |
|Train : Update 26000. Negative ELBO : 809778.062, BCE: 273.470, KLD_latent: 27.114, KLD_decoder_params_norm: 809477.438, Time: 1236.06 |
|Train : Update 27000. Negative ELBO : 797126.188, BCE: 274.310, KLD_latent: 27.464, KLD_decoder_params_norm: 796824.438, Time: 1283.49 |
|Train : Update 28000. Negative ELBO : 784474.875, BCE: 276.642, KLD_latent: 25.700, KLD_decoder_params_norm: 784172.562, Time: 1330.99 |
|Train : Update 29000. Negative ELBO : 771827.250, BCE: 279.063, KLD_latent: 26.127, KLD_decoder_params_norm: 771522.062, Time: 1378.42 |
|Train : Update 30000. Negative ELBO : 759175.875, BCE: 275.891, KLD_latent: 26.463, KLD_decoder_params_norm: 758873.562, Time: 1425.87 |
|Train : Update 31000. Negative ELBO : 746527.375, BCE: 274.525, KLD_latent: 26.317, KLD_decoder_params_norm: 746226.562, Time: 1473.29 |
|Train : Update 32000. Negative ELBO : 733884.812, BCE: 276.763, KLD_latent: 26.673, KLD_decoder_params_norm: 733581.375, Time: 1520.73 |
|Train : Update 33000. Negative ELBO : 721240.812, BCE: 276.265, KLD_latent: 26.130, KLD_decoder_params_norm: 720938.438, Time: 1568.18 |
|Train : Update 34000. Negative ELBO : 708600.562, BCE: 276.440, KLD_latent: 26.327, KLD_decoder_params_norm: 708297.812, Time: 1615.64 |
|Train : Update 35000. Negative ELBO : 695966.125, BCE: 279.104, KLD_latent: 27.296, KLD_decoder_params_norm: 695659.688, Time: 1663.08 |
|Train : Update 36000. Negative ELBO : 683328.375, BCE: 278.843, KLD_latent: 25.034, KLD_decoder_params_norm: 683024.500, Time: 1710.54 |
|Train : Update 37000. Negative ELBO : 670696.312, BCE: 276.584, KLD_latent: 27.293, KLD_decoder_params_norm: 670392.438, Time: 1757.99 |
|Train : Update 38000. Negative ELBO : 658068.688, BCE: 279.225, KLD_latent: 25.793, KLD_decoder_params_norm: 657763.625, Time: 1805.45 |
|Train : Update 39000. Negative ELBO : 645447.188, BCE: 283.426, KLD_latent: 25.326, KLD_decoder_params_norm: 645138.438, Time: 1852.92 |
|Train : Update 40000. Negative ELBO : 632821.125, BCE: 278.041, KLD_latent: 25.782, KLD_decoder_params_norm: 632517.250, Time: 1900.33 |
|Train : Update 41000. Negative ELBO : 620204.000, BCE: 277.363, KLD_latent: 26.119, KLD_decoder_params_norm: 619900.500, Time: 1947.71 |
|Train : Update 42000. Negative ELBO : 607595.250, BCE: 279.282, KLD_latent: 27.293, KLD_decoder_params_norm: 607288.625, Time: 1995.13 |
|Train : Update 43000. Negative ELBO : 594990.000, BCE: 281.475, KLD_latent: 26.573, KLD_decoder_params_norm: 594681.938, Time: 2042.59 |
|Train : Update 44000. Negative ELBO : 582390.125, BCE: 281.683, KLD_latent: 27.193, KLD_decoder_params_norm: 582081.250, Time: 2089.95 |
|Train : Update 45000. Negative ELBO : 569794.125, BCE: 279.059, KLD_latent: 28.113, KLD_decoder_params_norm: 569486.938, Time: 2137.46 |
|Train : Update 46000. Negative ELBO : 557210.562, BCE: 283.923, KLD_latent: 26.901, KLD_decoder_params_norm: 556899.750, Time: 2184.95 |
|Train : Update 47000. Negative ELBO : 544630.875, BCE: 283.122, KLD_latent: 27.469, KLD_decoder_params_norm: 544320.250, Time: 2232.39 |
|Train : Update 48000. Negative ELBO : 532058.625, BCE: 282.186, KLD_latent: 27.386, KLD_decoder_params_norm: 531749.062, Time: 2279.82 |
|Train : Update 49000. Negative ELBO : 519500.219, BCE: 284.686, KLD_latent: 28.545, KLD_decoder_params_norm: 519187.000, Time: 2327.34 |
|Train : Update 50000. Negative ELBO : 506948.062, BCE: 284.272, KLD_latent: 28.169, KLD_decoder_params_norm: 506635.625, Time: 2374.90 |
|Train : Update 51000. Negative ELBO : 494414.156, BCE: 288.572, KLD_latent: 29.616, KLD_decoder_params_norm: 494095.969, Time: 2422.41 |
|Train : Update 52000. Negative ELBO : 481882.875, BCE: 284.587, KLD_latent: 28.947, KLD_decoder_params_norm: 481569.344, Time: 2469.89 |
|Train : Update 53000. Negative ELBO : 469376.438, BCE: 290.459, KLD_latent: 29.111, KLD_decoder_params_norm: 469056.844, Time: 2517.35 |
|Train : Update 54000. Negative ELBO : 456882.062, BCE: 291.055, KLD_latent: 30.350, KLD_decoder_params_norm: 456560.656, Time: 2564.81 |
|Train : Update 55000. Negative ELBO : 444404.094, BCE: 289.470, KLD_latent: 30.245, KLD_decoder_params_norm: 444084.375, Time: 2612.28 |
|Train : Update 56000. Negative ELBO : 431965.156, BCE: 303.010, KLD_latent: 30.162, KLD_decoder_params_norm: 431632.000, Time: 2659.75 |
|Train : Update 57000. Negative ELBO : 419529.594, BCE: 295.115, KLD_latent: 30.516, KLD_decoder_params_norm: 419203.938, Time: 2707.25 |
|Train : Update 58000. Negative ELBO : 407135.625, BCE: 305.684, KLD_latent: 30.495, KLD_decoder_params_norm: 406799.438, Time: 2754.75 |
|Train : Update 59000. Negative ELBO : 394749.094, BCE: 297.472, KLD_latent: 32.450, KLD_decoder_params_norm: 394419.188, Time: 2802.24 |
|Train : Update 60000. Negative ELBO : 382405.250, BCE: 307.641, KLD_latent: 33.943, KLD_decoder_params_norm: 382063.656, Time: 2849.73 |
|Train : Update 61000. Negative ELBO : 370062.375, BCE: 303.802, KLD_latent: 33.928, KLD_decoder_params_norm: 369724.625, Time: 2897.23 |
|Train : Update 62000. Negative ELBO : 357759.219, BCE: 309.616, KLD_latent: 33.102, KLD_decoder_params_norm: 357416.500, Time: 2944.74 |
|Train : Update 63000. Negative ELBO : 345490.688, BCE: 311.829, KLD_latent: 35.378, KLD_decoder_params_norm: 345143.469, Time: 2992.23 |
|Train : Update 64000. Negative ELBO : 333264.531, BCE: 318.596, KLD_latent: 35.916, KLD_decoder_params_norm: 332910.031, Time: 3039.74 |
|Train : Update 65000. Negative ELBO : 321073.750, BCE: 321.403, KLD_latent: 34.929, KLD_decoder_params_norm: 320717.406, Time: 3087.26 |
|Train : Update 66000. Negative ELBO : 308926.875, BCE: 320.433, KLD_latent: 37.679, KLD_decoder_params_norm: 308568.750, Time: 3134.76 |
|Train : Update 67000. Negative ELBO : 296836.031, BCE: 330.981, KLD_latent: 37.369, KLD_decoder_params_norm: 296467.688, Time: 3182.26 |
|Train : Update 68000. Negative ELBO : 284783.281, BCE: 324.078, KLD_latent: 40.359, KLD_decoder_params_norm: 284418.875, Time: 3229.77 |
|Train : Update 69000. Negative ELBO : 272793.719, BCE: 327.856, KLD_latent: 37.864, KLD_decoder_params_norm: 272428.000, Time: 3277.27 |
|Train : Update 70000. Negative ELBO : 260876.922, BCE: 334.728, KLD_latent: 40.232, KLD_decoder_params_norm: 260501.953, Time: 3324.76 |
|Train : Update 71000. Negative ELBO : 249039.125, BCE: 350.929, KLD_latent: 39.313, KLD_decoder_params_norm: 248648.891, Time: 3372.26 |
|Train : Update 72000. Negative ELBO : 237259.875, BCE: 344.293, KLD_latent: 41.977, KLD_decoder_params_norm: 236873.594, Time: 3419.76 |
|Train : Update 73000. Negative ELBO : 225579.406, BCE: 355.274, KLD_latent: 41.516, KLD_decoder_params_norm: 225182.609, Time: 3467.36 |
|Train : Update 74000. Negative ELBO : 213985.656, BCE: 356.828, KLD_latent: 43.463, KLD_decoder_params_norm: 213585.359, Time: 3514.92 |
|Train : Update 75000. Negative ELBO : 202494.609, BCE: 356.263, KLD_latent: 45.113, KLD_decoder_params_norm: 202093.234, Time: 3562.49 |
|Train : Update 76000. Negative ELBO : 191148.766, BCE: 390.954, KLD_latent: 43.963, KLD_decoder_params_norm: 190713.844, Time: 3610.04 |
|Train : Update 77000. Negative ELBO : 179889.969, BCE: 382.451, KLD_latent: 47.920, KLD_decoder_params_norm: 179459.594, Time: 3657.56 |
|Train : Update 78000. Negative ELBO : 168786.453, BCE: 394.650, KLD_latent: 49.025, KLD_decoder_params_norm: 168342.766, Time: 3705.08 |
|Train : Update 79000. Negative ELBO : 157824.281, BCE: 395.573, KLD_latent: 51.912, KLD_decoder_params_norm: 157376.797, Time: 3752.61 |
|Train : Update 80000. Negative ELBO : 147028.000, BCE: 399.330, KLD_latent: 51.698, KLD_decoder_params_norm: 146576.969, Time: 3800.13 |
|Train : Update 81000. Negative ELBO : 136442.234, BCE: 431.771, KLD_latent: 51.676, KLD_decoder_params_norm: 135958.797, Time: 3847.65 |
|Train : Update 82000. Negative ELBO : 126036.852, BCE: 440.561, KLD_latent: 55.542, KLD_decoder_params_norm: 125540.750, Time: 3895.16 |
|Train : Update 83000. Negative ELBO : 115843.508, BCE: 445.183, KLD_latent: 55.987, KLD_decoder_params_norm: 115342.344, Time: 3942.69 |
|Train : Update 84000. Negative ELBO : 105903.562, BCE: 464.906, KLD_latent: 53.882, KLD_decoder_params_norm: 105384.773, Time: 3990.20 |
|Train : Update 85000. Negative ELBO : 96218.719, BCE: 471.909, KLD_latent: 55.719, KLD_decoder_params_norm: 95691.094, Time: 4037.73 |
|Train : Update 86000. Negative ELBO : 86828.109, BCE: 482.870, KLD_latent: 58.538, KLD_decoder_params_norm: 86286.703, Time: 4085.26 |
|Train : Update 87000. Negative ELBO : 77754.578, BCE: 495.331, KLD_latent: 60.469, KLD_decoder_params_norm: 77198.781, Time: 4132.79 |
|Train : Update 88000. Negative ELBO : 69040.672, BCE: 523.678, KLD_latent: 60.488, KLD_decoder_params_norm: 68456.500, Time: 4180.33 |
|Train : Update 89000. Negative ELBO : 60696.109, BCE: 543.228, KLD_latent: 61.433, KLD_decoder_params_norm: 60091.449, Time: 4227.84 |
|Train : Update 90000. Negative ELBO : 52756.363, BCE: 555.169, KLD_latent: 63.235, KLD_decoder_params_norm: 52137.961, Time: 4275.34 |
|Train : Update 91000. Negative ELBO : 45276.887, BCE: 581.187, KLD_latent: 64.061, KLD_decoder_params_norm: 44631.637, Time: 4322.82 |
|Train : Update 92000. Negative ELBO : 38279.535, BCE: 604.895, KLD_latent: 63.653, KLD_decoder_params_norm: 37610.988, Time: 4370.33 |
|Train : Update 93000. Negative ELBO : 31817.428, BCE: 639.195, KLD_latent: 63.279, KLD_decoder_params_norm: 31114.953, Time: 4417.87 |
|Train : Update 94000. Negative ELBO : 25913.588, BCE: 663.959, KLD_latent: 64.174, KLD_decoder_params_norm: 25185.455, Time: 4465.37 |
|Train : Update 95000. Negative ELBO : 20618.266, BCE: 691.533, KLD_latent: 63.626, KLD_decoder_params_norm: 19863.105, Time: 4512.88 |
|Train : Update 96000. Negative ELBO : 15970.938, BCE: 722.685, KLD_latent: 60.874, KLD_decoder_params_norm: 15187.379, Time: 4560.37 |
|Train : Update 97000. Negative ELBO : 11997.172, BCE: 741.106, KLD_latent: 60.113, KLD_decoder_params_norm: 11195.952, Time: 4607.87 |
|Train : Update 98000. Negative ELBO : 8742.749, BCE: 768.713, KLD_latent: 56.572, KLD_decoder_params_norm: 7917.464, Time: 4655.36 |
|Train : Update 99000. Negative ELBO : 6211.330, BCE: 792.092, KLD_latent: 52.449, KLD_decoder_params_norm: 5366.790, Time: 4702.86 |
|Train : Update 100000. Negative ELBO : 4386.196, BCE: 811.191, KLD_latent: 44.904, KLD_decoder_params_norm: 3530.101, Time: 4750.37 |
|Train : Update 101000. Negative ELBO : 3222.074, BCE: 830.313, KLD_latent: 45.656, KLD_decoder_params_norm: 2346.106, Time: 4797.88 |
|Train : Update 102000. Negative ELBO : 2567.139, BCE: 836.847, KLD_latent: 42.391, KLD_decoder_params_norm: 1687.901, Time: 4845.44 |
|Train : Update 103000. Negative ELBO : 2238.026, BCE: 835.299, KLD_latent: 40.352, KLD_decoder_params_norm: 1362.375, Time: 4892.96 |
|Train : Update 104000. Negative ELBO : 2052.391, BCE: 838.782, KLD_latent: 33.230, KLD_decoder_params_norm: 1180.378, Time: 4940.48 |
|Train : Update 105000. Negative ELBO : 1937.653, BCE: 860.316, KLD_latent: 31.097, KLD_decoder_params_norm: 1046.240, Time: 4987.98 |
|Train : Update 106000. Negative ELBO : 1830.361, BCE: 862.082, KLD_latent: 32.450, KLD_decoder_params_norm: 935.829, Time: 5035.48 |
|Train : Update 107000. Negative ELBO : 1733.381, BCE: 864.065, KLD_latent: 27.087, KLD_decoder_params_norm: 842.229, Time: 5082.99 |
|Train : Update 108000. Negative ELBO : 1665.202, BCE: 875.070, KLD_latent: 27.848, KLD_decoder_params_norm: 762.284, Time: 5130.50 |
|Train : Update 109000. Negative ELBO : 1582.609, BCE: 861.170, KLD_latent: 27.751, KLD_decoder_params_norm: 693.689, Time: 5178.00 |
|Train : Update 110000. Negative ELBO : 1530.375, BCE: 871.007, KLD_latent: 24.418, KLD_decoder_params_norm: 634.950, Time: 5225.52 |
|Train : Update 111000. Negative ELBO : 1476.979, BCE: 868.464, KLD_latent: 23.758, KLD_decoder_params_norm: 584.756, Time: 5273.06 |
|Train : Update 112000. Negative ELBO : 1433.149, BCE: 867.517, KLD_latent: 23.774, KLD_decoder_params_norm: 541.858, Time: 5320.56 |
|Train : Update 113000. Negative ELBO : 1388.368, BCE: 862.067, KLD_latent: 21.256, KLD_decoder_params_norm: 505.044, Time: 5368.06 |
|Train : Update 114000. Negative ELBO : 1346.613, BCE: 848.877, KLD_latent: 24.149, KLD_decoder_params_norm: 473.587, Time: 5415.56 |
|Train : Update 115000. Negative ELBO : 1326.605, BCE: 856.567, KLD_latent: 23.303, KLD_decoder_params_norm: 446.735, Time: 5463.08 |
|Train : Update 116000. Negative ELBO : 1302.602, BCE: 857.561, KLD_latent: 21.449, KLD_decoder_params_norm: 423.592, Time: 5510.61 |
|Train : Update 117000. Negative ELBO : 1273.652, BCE: 849.005, KLD_latent: 21.034, KLD_decoder_params_norm: 403.613, Time: 5558.13 |
|Train : Update 118000. Negative ELBO : 1270.040, BCE: 861.180, KLD_latent: 22.181, KLD_decoder_params_norm: 386.680, Time: 5605.65 |
|Train : Update 119000. Negative ELBO : 1248.089, BCE: 855.591, KLD_latent: 20.415, KLD_decoder_params_norm: 372.083, Time: 5653.18 |
|Train : Update 120000. Negative ELBO : 1223.267, BCE: 843.355, KLD_latent: 20.518, KLD_decoder_params_norm: 359.394, Time: 5700.71 |
|Train : Update 121000. Negative ELBO : 1225.761, BCE: 858.947, KLD_latent: 18.477, KLD_decoder_params_norm: 348.337, Time: 5748.22 |
|Train : Update 122000. Negative ELBO : 1205.758, BCE: 849.774, KLD_latent: 17.196, KLD_decoder_params_norm: 338.789, Time: 5795.75 |
|Train : Update 123000. Negative ELBO : 1216.586, BCE: 867.504, KLD_latent: 18.543, KLD_decoder_params_norm: 330.540, Time: 5843.26 |
|Train : Update 124000. Negative ELBO : 1188.969, BCE: 847.320, KLD_latent: 18.482, KLD_decoder_params_norm: 323.166, Time: 5890.80 |
|Train : Update 125000. Negative ELBO : 1186.581, BCE: 852.459, KLD_latent: 17.627, KLD_decoder_params_norm: 316.495, Time: 5938.32 |
|Train : Update 126000. Negative ELBO : 1183.871, BCE: 853.179, KLD_latent: 20.116, KLD_decoder_params_norm: 310.575, Time: 5985.83 |
|Train : Update 127000. Negative ELBO : 1172.164, BCE: 851.094, KLD_latent: 15.918, KLD_decoder_params_norm: 305.152, Time: 6033.36 |
|Train : Update 128000. Negative ELBO : 1172.306, BCE: 853.437, KLD_latent: 18.729, KLD_decoder_params_norm: 300.140, Time: 6080.89 |
|Train : Update 129000. Negative ELBO : 1155.223, BCE: 841.207, KLD_latent: 18.368, KLD_decoder_params_norm: 295.648, Time: 6128.42 |
|Train : Update 130000. Negative ELBO : 1164.925, BCE: 856.293, KLD_latent: 17.332, KLD_decoder_params_norm: 291.301, Time: 6175.95 |
|Train : Update 131000. Negative ELBO : 1151.167, BCE: 846.692, KLD_latent: 17.290, KLD_decoder_params_norm: 287.186, Time: 6223.46 |
|Train : Update 132000. Negative ELBO : 1155.266, BCE: 854.055, KLD_latent: 17.839, KLD_decoder_params_norm: 283.373, Time: 6270.99 |
|Train : Update 133000. Negative ELBO : 1145.826, BCE: 847.958, KLD_latent: 17.976, KLD_decoder_params_norm: 279.892, Time: 6318.50 |
|Train : Update 134000. Negative ELBO : 1146.645, BCE: 850.844, KLD_latent: 19.257, KLD_decoder_params_norm: 276.544, Time: 6366.03 |
|Train : Update 135000. Negative ELBO : 1132.323, BCE: 839.094, KLD_latent: 19.744, KLD_decoder_params_norm: 273.486, Time: 6413.55 |
|Train : Update 136000. Negative ELBO : 1145.731, BCE: 857.455, KLD_latent: 17.734, KLD_decoder_params_norm: 270.542, Time: 6461.08 |
|Train : Update 137000. Negative ELBO : 1153.478, BCE: 869.547, KLD_latent: 16.103, KLD_decoder_params_norm: 267.828, Time: 6508.61 |
|Train : Update 138000. Negative ELBO : 1129.976, BCE: 847.627, KLD_latent: 17.184, KLD_decoder_params_norm: 265.166, Time: 6556.13 |
|Train : Update 139000. Negative ELBO : 1139.850, BCE: 859.606, KLD_latent: 17.570, KLD_decoder_params_norm: 262.673, Time: 6603.65 |
|Train : Update 140000. Negative ELBO : 1141.598, BCE: 863.900, KLD_latent: 17.294, KLD_decoder_params_norm: 260.404, Time: 6651.18 |
|Train : Update 141000. Negative ELBO : 1125.711, BCE: 850.583, KLD_latent: 17.009, KLD_decoder_params_norm: 258.120, Time: 6698.69 |
|Train : Update 142000. Negative ELBO : 1131.795, BCE: 856.517, KLD_latent: 19.433, KLD_decoder_params_norm: 255.845, Time: 6746.23 |
|Train : Update 143000. Negative ELBO : 1116.792, BCE: 844.617, KLD_latent: 18.245, KLD_decoder_params_norm: 253.930, Time: 6793.76 |
|Train : Update 144000. Negative ELBO : 1130.303, BCE: 861.573, KLD_latent: 16.665, KLD_decoder_params_norm: 252.065, Time: 6841.27 |
|Train : Update 145000. Negative ELBO : 1119.107, BCE: 851.359, KLD_latent: 17.592, KLD_decoder_params_norm: 250.156, Time: 6888.79 |
|Train : Update 146000. Negative ELBO : 1111.507, BCE: 845.502, KLD_latent: 17.840, KLD_decoder_params_norm: 248.165, Time: 6936.32 |
|Train : Update 147000. Negative ELBO : 1116.436, BCE: 852.406, KLD_latent: 17.658, KLD_decoder_params_norm: 246.372, Time: 6983.92 |
|Train : Update 148000. Negative ELBO : 1108.231, BCE: 845.593, KLD_latent: 17.993, KLD_decoder_params_norm: 244.645, Time: 7031.46 |
|Train : Update 149000. Negative ELBO : 1103.218, BCE: 844.516, KLD_latent: 15.688, KLD_decoder_params_norm: 243.014, Time: 7079.00 |
|Train : Update 150000. Negative ELBO : 1105.545, BCE: 847.031, KLD_latent: 17.092, KLD_decoder_params_norm: 241.422, Time: 7126.55 |
|Train : Update 151000. Negative ELBO : 1110.124, BCE: 852.548, KLD_latent: 17.785, KLD_decoder_params_norm: 239.791, Time: 7174.08 |
|Train : Update 152000. Negative ELBO : 1104.011, BCE: 848.615, KLD_latent: 17.134, KLD_decoder_params_norm: 238.262, Time: 7221.62 |
|Train : Update 153000. Negative ELBO : 1107.898, BCE: 852.004, KLD_latent: 19.239, KLD_decoder_params_norm: 236.655, Time: 7269.14 |
|Train : Update 154000. Negative ELBO : 1096.122, BCE: 844.035, KLD_latent: 16.950, KLD_decoder_params_norm: 235.136, Time: 7316.68 |
|Train : Update 155000. Negative ELBO : 1101.519, BCE: 850.671, KLD_latent: 17.258, KLD_decoder_params_norm: 233.590, Time: 7364.23 |
|Train : Update 156000. Negative ELBO : 1104.086, BCE: 855.156, KLD_latent: 16.658, KLD_decoder_params_norm: 232.271, Time: 7411.79 |
|Train : Update 157000. Negative ELBO : 1109.894, BCE: 862.406, KLD_latent: 16.689, KLD_decoder_params_norm: 230.799, Time: 7459.32 |
|Train : Update 158000. Negative ELBO : 1100.761, BCE: 854.394, KLD_latent: 17.057, KLD_decoder_params_norm: 229.310, Time: 7506.90 |
|Train : Update 159000. Negative ELBO : 1095.432, BCE: 849.504, KLD_latent: 17.759, KLD_decoder_params_norm: 228.168, Time: 7554.44 |
|Train : Update 160000. Negative ELBO : 1078.503, BCE: 834.713, KLD_latent: 17.022, KLD_decoder_params_norm: 226.768, Time: 7601.98 |
|Train : Update 161000. Negative ELBO : 1090.632, BCE: 847.126, KLD_latent: 18.085, KLD_decoder_params_norm: 225.421, Time: 7649.52 |
|Train : Update 162000. Negative ELBO : 1106.213, BCE: 864.553, KLD_latent: 17.480, KLD_decoder_params_norm: 224.181, Time: 7697.05 |
|Train : Update 163000. Negative ELBO : 1094.860, BCE: 854.887, KLD_latent: 17.132, KLD_decoder_params_norm: 222.841, Time: 7744.58 |
|Train : Update 164000. Negative ELBO : 1091.392, BCE: 851.427, KLD_latent: 18.365, KLD_decoder_params_norm: 221.599, Time: 7792.23 |
|Train : Update 165000. Negative ELBO : 1089.639, BCE: 850.995, KLD_latent: 18.372, KLD_decoder_params_norm: 220.273, Time: 7839.83 |
|Train : Update 166000. Negative ELBO : 1068.496, BCE: 831.319, KLD_latent: 18.069, KLD_decoder_params_norm: 219.108, Time: 7887.38 |
|Train : Update 167000. Negative ELBO : 1086.030, BCE: 851.188, KLD_latent: 16.847, KLD_decoder_params_norm: 217.994, Time: 7934.93 |
|Train : Update 168000. Negative ELBO : 1088.399, BCE: 853.406, KLD_latent: 18.114, KLD_decoder_params_norm: 216.879, Time: 7982.47 |
|Train : Update 169000. Negative ELBO : 1093.347, BCE: 858.325, KLD_latent: 19.315, KLD_decoder_params_norm: 215.707, Time: 8029.99 |
|Train : Update 170000. Negative ELBO : 1079.903, BCE: 848.359, KLD_latent: 17.078, KLD_decoder_params_norm: 214.466, Time: 8077.55 |
|Train : Update 171000. Negative ELBO : 1094.195, BCE: 861.214, KLD_latent: 19.594, KLD_decoder_params_norm: 213.387, Time: 8125.09 |
|Train : Update 172000. Negative ELBO : 1083.115, BCE: 853.470, KLD_latent: 17.389, KLD_decoder_params_norm: 212.257, Time: 8172.63 |
|Train : Update 173000. Negative ELBO : 1083.615, BCE: 855.075, KLD_latent: 17.446, KLD_decoder_params_norm: 211.094, Time: 8220.18 |
|Train : Update 174000. Negative ELBO : 1083.393, BCE: 855.311, KLD_latent: 18.113, KLD_decoder_params_norm: 209.969, Time: 8267.72 |
|Train : Update 175000. Negative ELBO : 1076.597, BCE: 849.845, KLD_latent: 17.836, KLD_decoder_params_norm: 208.916, Time: 8315.26 |
|Train : Update 176000. Negative ELBO : 1077.319, BCE: 849.723, KLD_latent: 19.694, KLD_decoder_params_norm: 207.902, Time: 8362.80 |
|Train : Update 177000. Negative ELBO : 1073.528, BCE: 847.654, KLD_latent: 18.920, KLD_decoder_params_norm: 206.954, Time: 8410.33 |
|Train : Update 178000. Negative ELBO : 1077.537, BCE: 854.132, KLD_latent: 17.593, KLD_decoder_params_norm: 205.812, Time: 8457.86 |
|Train : Update 179000. Negative ELBO : 1078.841, BCE: 855.727, KLD_latent: 18.239, KLD_decoder_params_norm: 204.876, Time: 8505.40 |
|Train : Update 180000. Negative ELBO : 1066.666, BCE: 844.056, KLD_latent: 18.841, KLD_decoder_params_norm: 203.769, Time: 8552.92 |
|Train : Update 181000. Negative ELBO : 1066.804, BCE: 845.062, KLD_latent: 18.847, KLD_decoder_params_norm: 202.895, Time: 8600.45 |
|Train : Update 182000. Negative ELBO : 1069.611, BCE: 849.207, KLD_latent: 18.470, KLD_decoder_params_norm: 201.933, Time: 8648.00 |
|Train : Update 183000. Negative ELBO : 1094.800, BCE: 876.289, KLD_latent: 17.524, KLD_decoder_params_norm: 200.988, Time: 8695.54 |
|Train : Update 184000. Negative ELBO : 1067.846, BCE: 849.955, KLD_latent: 18.035, KLD_decoder_params_norm: 199.856, Time: 8743.08 |
|Train : Update 185000. Negative ELBO : 1073.942, BCE: 856.722, KLD_latent: 18.127, KLD_decoder_params_norm: 199.093, Time: 8790.63 |
|Train : Update 186000. Negative ELBO : 1071.876, BCE: 853.535, KLD_latent: 20.219, KLD_decoder_params_norm: 198.122, Time: 8838.17 |
|Train : Update 187000. Negative ELBO : 1062.650, BCE: 846.284, KLD_latent: 19.139, KLD_decoder_params_norm: 197.227, Time: 8885.71 |
|Train : Update 188000. Negative ELBO : 1051.805, BCE: 837.554, KLD_latent: 17.838, KLD_decoder_params_norm: 196.412, Time: 8933.25 |
|Train : Update 189000. Negative ELBO : 1064.316, BCE: 850.115, KLD_latent: 18.672, KLD_decoder_params_norm: 195.529, Time: 8980.78 |
|Train : Update 190000. Negative ELBO : 1044.151, BCE: 831.116, KLD_latent: 18.325, KLD_decoder_params_norm: 194.709, Time: 9028.31 |
|Train : Update 191000. Negative ELBO : 1068.482, BCE: 855.690, KLD_latent: 18.894, KLD_decoder_params_norm: 193.898, Time: 9075.85 |
|Train : Update 192000. Negative ELBO : 1064.776, BCE: 853.424, KLD_latent: 18.294, KLD_decoder_params_norm: 193.059, Time: 9123.40 |
|Train : Update 193000. Negative ELBO : 1066.905, BCE: 854.867, KLD_latent: 19.722, KLD_decoder_params_norm: 192.316, Time: 9170.93 |
|Train : Update 194000. Negative ELBO : 1061.348, BCE: 850.658, KLD_latent: 19.259, KLD_decoder_params_norm: 191.431, Time: 9218.48 |
|Train : Update 195000. Negative ELBO : 1062.236, BCE: 852.448, KLD_latent: 19.086, KLD_decoder_params_norm: 190.702, Time: 9266.01 |
|Train : Update 196000. Negative ELBO : 1065.331, BCE: 855.870, KLD_latent: 19.625, KLD_decoder_params_norm: 189.836, Time: 9313.55 |
|Train : Update 197000. Negative ELBO : 1060.312, BCE: 852.966, KLD_latent: 18.289, KLD_decoder_params_norm: 189.057, Time: 9361.09 |
|Train : Update 198000. Negative ELBO : 1056.939, BCE: 848.658, KLD_latent: 20.051, KLD_decoder_params_norm: 188.231, Time: 9408.64 |
|Train : Update 199000. Negative ELBO : 1046.699, BCE: 839.980, KLD_latent: 19.294, KLD_decoder_params_norm: 187.425, Time: 9456.19 |
|Train : Update 200000. Negative ELBO : 1050.345, BCE: 843.992, KLD_latent: 19.740, KLD_decoder_params_norm: 186.613, Time: 9503.74 |
|Train : Update 201000. Negative ELBO : 1039.978, BCE: 834.533, KLD_latent: 19.439, KLD_decoder_params_norm: 186.005, Time: 9551.29 |
|Train : Update 202000. Negative ELBO : 1061.031, BCE: 857.634, KLD_latent: 18.092, KLD_decoder_params_norm: 185.305, Time: 9598.85 |
|Train : Update 203000. Negative ELBO : 1054.654, BCE: 849.347, KLD_latent: 20.728, KLD_decoder_params_norm: 184.578, Time: 9646.40 |
|Train : Update 204000. Negative ELBO : 1049.533, BCE: 845.444, KLD_latent: 20.380, KLD_decoder_params_norm: 183.709, Time: 9693.97 |
|Train : Update 205000. Negative ELBO : 1062.021, BCE: 859.815, KLD_latent: 19.173, KLD_decoder_params_norm: 183.033, Time: 9741.51 |
|Train : Update 206000. Negative ELBO : 1055.854, BCE: 853.703, KLD_latent: 19.827, KLD_decoder_params_norm: 182.324, Time: 9789.06 |
|Train : Update 207000. Negative ELBO : 1061.356, BCE: 861.687, KLD_latent: 17.939, KLD_decoder_params_norm: 181.730, Time: 9836.60 |
|Train : Update 208000. Negative ELBO : 1053.607, BCE: 853.137, KLD_latent: 19.257, KLD_decoder_params_norm: 181.213, Time: 9884.15 |
|Train : Update 209000. Negative ELBO : 1043.198, BCE: 842.338, KLD_latent: 20.438, KLD_decoder_params_norm: 180.422, Time: 9931.71 |
|Train : Update 210000. Negative ELBO : 1044.945, BCE: 846.424, KLD_latent: 18.704, KLD_decoder_params_norm: 179.817, Time: 9979.25 |
|Train : Update 211000. Negative ELBO : 1066.101, BCE: 868.017, KLD_latent: 18.902, KLD_decoder_params_norm: 179.181, Time: 10026.83 |
|Train : Update 212000. Negative ELBO : 1060.401, BCE: 862.980, KLD_latent: 18.815, KLD_decoder_params_norm: 178.605, Time: 10074.53 |
|Train : Update 213000. Negative ELBO : 1042.495, BCE: 846.114, KLD_latent: 18.361, KLD_decoder_params_norm: 178.020, Time: 10122.17 |
|Train : Update 214000. Negative ELBO : 1049.888, BCE: 851.914, KLD_latent: 20.680, KLD_decoder_params_norm: 177.295, Time: 10169.78 |
|Train : Update 215000. Negative ELBO : 1055.889, BCE: 859.354, KLD_latent: 19.770, KLD_decoder_params_norm: 176.765, Time: 10217.38 |
|Train : Update 216000. Negative ELBO : 1056.815, BCE: 860.968, KLD_latent: 19.668, KLD_decoder_params_norm: 176.179, Time: 10264.98 |
|Train : Update 217000. Negative ELBO : 1054.092, BCE: 859.339, KLD_latent: 19.182, KLD_decoder_params_norm: 175.570, Time: 10312.56 |
|Train : Update 218000. Negative ELBO : 1046.447, BCE: 849.864, KLD_latent: 21.510, KLD_decoder_params_norm: 175.072, Time: 10360.16 |
|Train : Update 219000. Negative ELBO : 1039.531, BCE: 845.058, KLD_latent: 19.960, KLD_decoder_params_norm: 174.513, Time: 10407.76 |
|Train : Update 220000. Negative ELBO : 1043.205, BCE: 849.138, KLD_latent: 20.121, KLD_decoder_params_norm: 173.945, Time: 10455.34 |
|Train : Update 221000. Negative ELBO : 1028.807, BCE: 835.187, KLD_latent: 20.256, KLD_decoder_params_norm: 173.364, Time: 10502.91 |
|Train : Update 222000. Negative ELBO : 1041.453, BCE: 847.952, KLD_latent: 20.665, KLD_decoder_params_norm: 172.836, Time: 10550.50 |
|Train : Update 223000. Negative ELBO : 1045.269, BCE: 852.779, KLD_latent: 20.133, KLD_decoder_params_norm: 172.358, Time: 10598.09 |
|Train : Update 224000. Negative ELBO : 1046.154, BCE: 854.328, KLD_latent: 19.986, KLD_decoder_params_norm: 171.840, Time: 10645.71 |
|Train : Update 225000. Negative ELBO : 1035.095, BCE: 844.909, KLD_latent: 18.936, KLD_decoder_params_norm: 171.250, Time: 10693.32 |
|Train : Update 226000. Negative ELBO : 1031.333, BCE: 839.650, KLD_latent: 20.854, KLD_decoder_params_norm: 170.830, Time: 10741.01 |
|Train : Update 227000. Negative ELBO : 1027.437, BCE: 837.487, KLD_latent: 19.772, KLD_decoder_params_norm: 170.178, Time: 10788.66 |
|Train : Update 228000. Negative ELBO : 1034.300, BCE: 844.502, KLD_latent: 20.100, KLD_decoder_params_norm: 169.699, Time: 10836.29 |
|Train : Update 229000. Negative ELBO : 1037.182, BCE: 848.151, KLD_latent: 19.840, KLD_decoder_params_norm: 169.191, Time: 10883.90 |
|Train : Update 230000. Negative ELBO : 1031.651, BCE: 843.191, KLD_latent: 19.510, KLD_decoder_params_norm: 168.950, Time: 10931.49 |
|Train : Update 231000. Negative ELBO : 1033.299, BCE: 844.974, KLD_latent: 19.922, KLD_decoder_params_norm: 168.403, Time: 10979.08 |
|Train : Update 232000. Negative ELBO : 1037.147, BCE: 849.032, KLD_latent: 20.152, KLD_decoder_params_norm: 167.963, Time: 11026.67 |
|Train : Update 233000. Negative ELBO : 1020.953, BCE: 833.737, KLD_latent: 19.648, KLD_decoder_params_norm: 167.568, Time: 11074.29 |
|Train : Update 234000. Negative ELBO : 1021.856, BCE: 834.759, KLD_latent: 20.043, KLD_decoder_params_norm: 167.054, Time: 11121.88 |
|Train : Update 235000. Negative ELBO : 1048.762, BCE: 863.182, KLD_latent: 18.974, KLD_decoder_params_norm: 166.606, Time: 11169.48 |
|Train : Update 236000. Negative ELBO : 1036.371, BCE: 849.361, KLD_latent: 20.728, KLD_decoder_params_norm: 166.281, Time: 11217.07 |
|Train : Update 237000. Negative ELBO : 1038.343, BCE: 852.230, KLD_latent: 20.287, KLD_decoder_params_norm: 165.826, Time: 11264.66 |
|Train : Update 238000. Negative ELBO : 1029.221, BCE: 842.680, KLD_latent: 21.173, KLD_decoder_params_norm: 165.367, Time: 11312.28 |
|Train : Update 239000. Negative ELBO : 1031.783, BCE: 844.726, KLD_latent: 22.028, KLD_decoder_params_norm: 165.029, Time: 11359.88 |
|Train : Update 240000. Negative ELBO : 1034.641, BCE: 849.344, KLD_latent: 20.906, KLD_decoder_params_norm: 164.392, Time: 11407.48 |
|Train : Update 241000. Negative ELBO : 1040.941, BCE: 855.931, KLD_latent: 20.796, KLD_decoder_params_norm: 164.214, Time: 11455.10 |
|Train : Update 242000. Negative ELBO : 1019.572, BCE: 834.452, KLD_latent: 21.315, KLD_decoder_params_norm: 163.805, Time: 11502.73 |
|Train : Update 243000. Negative ELBO : 1042.324, BCE: 858.304, KLD_latent: 20.562, KLD_decoder_params_norm: 163.459, Time: 11550.32 |
|Train : Update 244000. Negative ELBO : 1032.048, BCE: 848.572, KLD_latent: 20.389, KLD_decoder_params_norm: 163.087, Time: 11597.93 |
|Train : Update 245000. Negative ELBO : 1018.861, BCE: 834.596, KLD_latent: 21.459, KLD_decoder_params_norm: 162.805, Time: 11645.53 |
|Train : Update 246000. Negative ELBO : 1030.960, BCE: 847.863, KLD_latent: 20.844, KLD_decoder_params_norm: 162.253, Time: 11693.13 |
|Train : Update 247000. Negative ELBO : 1025.882, BCE: 842.554, KLD_latent: 21.409, KLD_decoder_params_norm: 161.919, Time: 11740.72 |
|Train : Update 248000. Negative ELBO : 1023.572, BCE: 840.161, KLD_latent: 21.711, KLD_decoder_params_norm: 161.700, Time: 11788.35 |
|Train : Update 249000. Negative ELBO : 1040.412, BCE: 860.226, KLD_latent: 18.839, KLD_decoder_params_norm: 161.347, Time: 11835.96 |
|Train : Update 250000. Negative ELBO : 1030.698, BCE: 848.272, KLD_latent: 21.411, KLD_decoder_params_norm: 161.014, Time: 11883.59 |
|Train : Update 251000. Negative ELBO : 1030.628, BCE: 848.141, KLD_latent: 21.783, KLD_decoder_params_norm: 160.704, Time: 11931.21 |
|Train : Update 252000. Negative ELBO : 1030.253, BCE: 848.496, KLD_latent: 21.441, KLD_decoder_params_norm: 160.315, Time: 11978.85 |
|Train : Update 253000. Negative ELBO : 1019.369, BCE: 838.662, KLD_latent: 20.795, KLD_decoder_params_norm: 159.913, Time: 12026.48 |
|Train : Update 254000. Negative ELBO : 1033.362, BCE: 852.905, KLD_latent: 20.879, KLD_decoder_params_norm: 159.578, Time: 12074.11 |
|Train : Update 255000. Negative ELBO : 1042.059, BCE: 861.796, KLD_latent: 21.048, KLD_decoder_params_norm: 159.215, Time: 12121.71 |
|Train : Update 256000. Negative ELBO : 1025.802, BCE: 844.698, KLD_latent: 22.084, KLD_decoder_params_norm: 159.019, Time: 12169.29 |
|Train : Update 257000. Negative ELBO : 1032.483, BCE: 851.352, KLD_latent: 22.396, KLD_decoder_params_norm: 158.734, Time: 12216.87 |
|Train : Update 258000. Negative ELBO : 1036.855, BCE: 857.170, KLD_latent: 21.292, KLD_decoder_params_norm: 158.393, Time: 12264.46 |
|Train : Update 259000. Negative ELBO : 1028.517, BCE: 848.767, KLD_latent: 21.597, KLD_decoder_params_norm: 158.154, Time: 12312.04 |
|Train : Update 260000. Negative ELBO : 1035.618, BCE: 855.594, KLD_latent: 22.149, KLD_decoder_params_norm: 157.874, Time: 12359.63 |
|Train : Update 261000. Negative ELBO : 1036.878, BCE: 858.442, KLD_latent: 20.960, KLD_decoder_params_norm: 157.475, Time: 12407.21 |
|Train : Update 262000. Negative ELBO : 1023.317, BCE: 843.283, KLD_latent: 22.670, KLD_decoder_params_norm: 157.365, Time: 12454.80 |
|Train : Update 263000. Negative ELBO : 1021.472, BCE: 842.981, KLD_latent: 21.464, KLD_decoder_params_norm: 157.027, Time: 12502.39 |
|Train : Update 264000. Negative ELBO : 1017.411, BCE: 838.852, KLD_latent: 21.812, KLD_decoder_params_norm: 156.746, Time: 12550.00 |
|Train : Update 265000. Negative ELBO : 1031.809, BCE: 852.695, KLD_latent: 22.598, KLD_decoder_params_norm: 156.516, Time: 12597.59 |
|Train : Update 266000. Negative ELBO : 1033.416, BCE: 855.236, KLD_latent: 21.966, KLD_decoder_params_norm: 156.214, Time: 12645.19 |
|Train : Update 267000. Negative ELBO : 1010.479, BCE: 830.380, KLD_latent: 24.179, KLD_decoder_params_norm: 155.920, Time: 12692.79 |
|Train : Update 268000. Negative ELBO : 1023.195, BCE: 845.260, KLD_latent: 22.198, KLD_decoder_params_norm: 155.736, Time: 12740.40 |
|Train : Update 269000. Negative ELBO : 1022.361, BCE: 844.956, KLD_latent: 22.043, KLD_decoder_params_norm: 155.362, Time: 12788.00 |
|Train : Update 270000. Negative ELBO : 1028.500, BCE: 851.907, KLD_latent: 21.357, KLD_decoder_params_norm: 155.235, Time: 12835.61 |
|Train : Update 271000. Negative ELBO : 1038.411, BCE: 861.916, KLD_latent: 21.554, KLD_decoder_params_norm: 154.941, Time: 12883.21 |
|Train : Update 272000. Negative ELBO : 1036.305, BCE: 859.568, KLD_latent: 22.005, KLD_decoder_params_norm: 154.732, Time: 12930.81 |
|Train : Update 273000. Negative ELBO : 1035.335, BCE: 857.707, KLD_latent: 23.169, KLD_decoder_params_norm: 154.459, Time: 12978.41 |
|Train : Update 274000. Negative ELBO : 1006.054, BCE: 829.410, KLD_latent: 22.318, KLD_decoder_params_norm: 154.326, Time: 13026.03 |
|Train : Update 275000. Negative ELBO : 1023.020, BCE: 847.590, KLD_latent: 21.361, KLD_decoder_params_norm: 154.069, Time: 13073.64 |
|Train : Update 276000. Negative ELBO : 1020.852, BCE: 843.532, KLD_latent: 23.488, KLD_decoder_params_norm: 153.832, Time: 13121.26 |
|Train : Update 277000. Negative ELBO : 1022.342, BCE: 845.962, KLD_latent: 22.779, KLD_decoder_params_norm: 153.602, Time: 13168.91 |
|Train : Update 278000. Negative ELBO : 1029.874, BCE: 854.003, KLD_latent: 22.467, KLD_decoder_params_norm: 153.404, Time: 13216.54 |
|Train : Update 279000. Negative ELBO : 1028.429, BCE: 854.124, KLD_latent: 21.080, KLD_decoder_params_norm: 153.225, Time: 13264.20 |
|Train : Update 280000. Negative ELBO : 1024.347, BCE: 849.971, KLD_latent: 21.412, KLD_decoder_params_norm: 152.964, Time: 13311.83 |
|Train : Update 281000. Negative ELBO : 1022.215, BCE: 848.131, KLD_latent: 21.362, KLD_decoder_params_norm: 152.722, Time: 13359.46 |
|Train : Update 282000. Negative ELBO : 1029.375, BCE: 855.311, KLD_latent: 21.589, KLD_decoder_params_norm: 152.475, Time: 13407.08 |
|Train : Update 283000. Negative ELBO : 1026.550, BCE: 852.695, KLD_latent: 21.521, KLD_decoder_params_norm: 152.333, Time: 13454.71 |
|Train : Update 284000. Negative ELBO : 1030.967, BCE: 856.538, KLD_latent: 22.317, KLD_decoder_params_norm: 152.113, Time: 13502.34 |
|Train : Update 285000. Negative ELBO : 1020.154, BCE: 847.579, KLD_latent: 20.579, KLD_decoder_params_norm: 151.996, Time: 13549.98 |
|Train : Update 286000. Negative ELBO : 1017.839, BCE: 843.530, KLD_latent: 22.528, KLD_decoder_params_norm: 151.781, Time: 13597.60 |
|Train : Update 287000. Negative ELBO : 1017.526, BCE: 843.098, KLD_latent: 22.716, KLD_decoder_params_norm: 151.713, Time: 13645.21 |
|Train : Update 288000. Negative ELBO : 1020.272, BCE: 846.935, KLD_latent: 21.789, KLD_decoder_params_norm: 151.548, Time: 13692.85 |
|Train : Update 289000. Negative ELBO : 1019.048, BCE: 846.404, KLD_latent: 21.404, KLD_decoder_params_norm: 151.239, Time: 13740.47 |
|Train : Update 290000. Negative ELBO : 1025.917, BCE: 853.384, KLD_latent: 21.351, KLD_decoder_params_norm: 151.182, Time: 13788.09 |
|Train : Update 291000. Negative ELBO : 1024.829, BCE: 851.063, KLD_latent: 22.786, KLD_decoder_params_norm: 150.980, Time: 13835.70 |
|Train : Update 292000. Negative ELBO : 1011.854, BCE: 838.503, KLD_latent: 22.624, KLD_decoder_params_norm: 150.727, Time: 13883.32 |
|Train : Update 293000. Negative ELBO : 1008.106, BCE: 834.588, KLD_latent: 22.881, KLD_decoder_params_norm: 150.636, Time: 13930.94 |
|Train : Update 294000. Negative ELBO : 1027.062, BCE: 854.479, KLD_latent: 22.063, KLD_decoder_params_norm: 150.520, Time: 13978.57 |
|Train : Update 295000. Negative ELBO : 1013.187, BCE: 838.793, KLD_latent: 24.035, KLD_decoder_params_norm: 150.359, Time: 14026.19 |
|Train : Update 296000. Negative ELBO : 1029.253, BCE: 858.282, KLD_latent: 20.842, KLD_decoder_params_norm: 150.129, Time: 14073.81 |
|Train : Update 297000. Negative ELBO : 1013.011, BCE: 841.223, KLD_latent: 21.896, KLD_decoder_params_norm: 149.893, Time: 14121.43 |
|Train : Update 298000. Negative ELBO : 1007.685, BCE: 834.848, KLD_latent: 22.958, KLD_decoder_params_norm: 149.879, Time: 14169.06 |
|Train : Update 299000. Negative ELBO : 1029.529, BCE: 858.234, KLD_latent: 21.629, KLD_decoder_params_norm: 149.666, Time: 14216.67 |
|Train : Update 300000. Negative ELBO : 1024.025, BCE: 852.547, KLD_latent: 21.927, KLD_decoder_params_norm: 149.551, Time: 14264.31 |
|Train : Update 301000. Negative ELBO : 1015.957, BCE: 845.216, KLD_latent: 21.291, KLD_decoder_params_norm: 149.450, Time: 14311.93 |
