protein_name,mutations,evol_indices
Gag_p17,wt,-0.0
Gag_p17,M1A,10.726776
Gag_p17,M1C,11.467163
Gag_p17,M1D,12.022751
Gag_p17,M1E,10.784256
Gag_p17,M1F,12.011078
Gag_p17,M1G,11.412216
Gag_p17,M1H,11.26548
Gag_p17,M1I,7.0688934
Gag_p17,M1K,10.259018
Gag_p17,M1L,10.005043
Gag_p17,M1N,12.033768
Gag_p17,M1P,12.055702
Gag_p17,M1Q,10.649826
Gag_p17,M1R,8.873428
Gag_p17,M1S,11.924751
Gag_p17,M1T,8.48938
Gag_p17,M1V,8.709778
Gag_p17,M1W,11.99675
Gag_p17,M1Y,11.249779
Gag_p17,G2A,11.0249405
Gag_p17,G2C,10.611481
Gag_p17,G2D,9.315681
Gag_p17,G2E,10.337875
Gag_p17,G2F,12.4659195
Gag_p17,G2H,12.445976
Gag_p17,G2I,12.473991
Gag_p17,G2K,11.673019
Gag_p17,G2L,10.947929
Gag_p17,G2M,11.662865
Gag_p17,G2N,11.658539
Gag_p17,G2P,12.459068
Gag_p17,G2Q,12.505981
Gag_p17,G2R,10.025505
Gag_p17,G2S,9.344666
Gag_p17,G2T,10.61985
Gag_p17,G2V,10.371407
Gag_p17,G2W,11.076942
Gag_p17,G2Y,12.474556
Gag_p17,A3C,11.276718
Gag_p17,A3D,12.463905
Gag_p17,A3E,11.10379
Gag_p17,A3F,12.314789
Gag_p17,A3G,7.962387
Gag_p17,A3H,12.388992
Gag_p17,A3I,11.929092
Gag_p17,A3K,10.854416
Gag_p17,A3L,11.203819
Gag_p17,A3M,12.414551
Gag_p17,A3N,12.4112625
Gag_p17,A3P,12.430153
Gag_p17,A3Q,11.76458
Gag_p17,A3R,9.760468
Gag_p17,A3S,9.236832
Gag_p17,A3T,9.2071
Gag_p17,A3V,8.5082245
Gag_p17,A3W,11.066292
Gag_p17,A3Y,12.415688
Gag_p17,R4A,12.316605
Gag_p17,R4C,11.895256
Gag_p17,R4D,12.340675
Gag_p17,R4E,10.034531
Gag_p17,R4F,12.353455
Gag_p17,R4G,8.4346695
Gag_p17,R4H,12.322029
Gag_p17,R4I,11.15564
Gag_p17,R4K,6.724701
Gag_p17,R4L,11.3802185
Gag_p17,R4M,12.357643
Gag_p17,R4N,11.928429
Gag_p17,R4P,11.301025
Gag_p17,R4Q,12.292274
Gag_p17,R4S,7.952652
Gag_p17,R4T,11.472969
Gag_p17,R4V,12.316338
Gag_p17,R4W,12.143028
Gag_p17,R4Y,12.317818
Gag_p17,A5C,12.663361
Gag_p17,A5D,12.476204
Gag_p17,A5E,10.364227
Gag_p17,A5F,12.67807
Gag_p17,A5G,9.002403
Gag_p17,A5H,12.679123
Gag_p17,A5I,12.659012
Gag_p17,A5K,12.074028
Gag_p17,A5L,12.117943
Gag_p17,A5M,12.710876
Gag_p17,A5N,12.660858
Gag_p17,A5P,10.452339
Gag_p17,A5Q,12.3834
Gag_p17,A5R,9.45153
Gag_p17,A5S,9.484901
Gag_p17,A5T,8.919563
Gag_p17,A5V,8.532326
Gag_p17,A5W,12.756943
Gag_p17,A5Y,12.703659
Gag_p17,S6A,10.103653
Gag_p17,S6C,12.831985
Gag_p17,S6D,12.833954
Gag_p17,S6E,11.797554
Gag_p17,S6F,12.057991
Gag_p17,S6G,12.154007
Gag_p17,S6H,12.775833
Gag_p17,S6I,12.824173
Gag_p17,S6K,11.322968
Gag_p17,S6L,9.054779
Gag_p17,S6M,12.876602
Gag_p17,S6N,12.784897
Gag_p17,S6P,8.726913
Gag_p17,S6Q,11.969925
Gag_p17,S6R,10.964844
Gag_p17,S6T,10.977493
Gag_p17,S6V,10.704903
Gag_p17,S6W,12.781052
Gag_p17,S6Y,12.460831
Gag_p17,V7A,8.093002
Gag_p17,V7C,10.910889
Gag_p17,V7D,11.209877
Gag_p17,V7E,9.497841
Gag_p17,V7F,11.178551
Gag_p17,V7G,9.764053
Gag_p17,V7H,11.177864
Gag_p17,V7I,2.679428
Gag_p17,V7K,10.5885315
Gag_p17,V7L,8.676552
Gag_p17,V7M,9.779869
Gag_p17,V7N,10.229942
Gag_p17,V7P,11.233955
Gag_p17,V7Q,10.402275
Gag_p17,V7R,9.817505
Gag_p17,V7S,9.733215
Gag_p17,V7T,9.642357
Gag_p17,V7W,11.193504
Gag_p17,V7Y,10.824287
Gag_p17,L8A,10.500931
Gag_p17,L8C,11.89679
Gag_p17,L8D,11.34063
Gag_p17,L8E,11.875107
Gag_p17,L8F,7.7611694
Gag_p17,L8G,10.106644
Gag_p17,L8H,11.89579
Gag_p17,L8I,5.01033
Gag_p17,L8K,10.516716
Gag_p17,L8M,11.941406
Gag_p17,L8N,11.866554
Gag_p17,L8P,11.965004
Gag_p17,L8Q,11.758087
Gag_p17,L8R,11.0449295
Gag_p17,L8S,8.977203
Gag_p17,L8T,11.616829
Gag_p17,L8V,9.331764
Gag_p17,L8W,11.413155
Gag_p17,L8Y,10.955017
Gag_p17,S9A,9.334404
Gag_p17,S9C,9.64505
Gag_p17,S9D,11.48909
Gag_p17,S9E,10.442879
Gag_p17,S9F,12.049004
Gag_p17,S9G,8.690941
Gag_p17,S9H,12.05864
Gag_p17,S9I,10.329163
Gag_p17,S9K,8.10704
Gag_p17,S9L,11.135368
Gag_p17,S9M,10.483765
Gag_p17,S9N,8.8134
Gag_p17,S9P,12.08419
Gag_p17,S9Q,10.860977
Gag_p17,S9R,5.88855
Gag_p17,S9T,6.6719284
Gag_p17,S9V,11.292389
Gag_p17,S9W,12.025154
Gag_p17,S9Y,11.001053
Gag_p17,G10A,4.7089767
Gag_p17,G10C,11.475365
Gag_p17,G10D,10.979675
Gag_p17,G10E,7.911293
Gag_p17,G10F,11.449913
Gag_p17,G10H,11.51178
Gag_p17,G10I,11.52523
Gag_p17,G10K,10.0822525
Gag_p17,G10L,10.630341
Gag_p17,G10M,10.949364
Gag_p17,G10N,11.446144
Gag_p17,G10P,9.990501
Gag_p17,G10Q,10.778816
Gag_p17,G10R,6.740776
Gag_p17,G10S,7.868553
Gag_p17,G10T,11.480606
Gag_p17,G10V,9.621101
Gag_p17,G10W,8.645126
Gag_p17,G10Y,11.487106
Gag_p17,G11A,9.0553055
Gag_p17,G11C,12.217331
Gag_p17,G11D,9.018204
Gag_p17,G11E,5.681343
Gag_p17,G11F,11.6480255
Gag_p17,G11H,12.179794
Gag_p17,G11I,12.222855
Gag_p17,G11K,8.605255
Gag_p17,G11L,11.113838
Gag_p17,G11M,12.210518
Gag_p17,G11N,10.978752
Gag_p17,G11P,12.174843
Gag_p17,G11Q,11.901176
Gag_p17,G11R,7.6924133
Gag_p17,G11S,8.038528
Gag_p17,G11T,10.178879
Gag_p17,G11V,9.761963
Gag_p17,G11W,12.2020645
Gag_p17,G11Y,12.159416
Gag_p17,E12A,5.104515
Gag_p17,E12C,10.058907
Gag_p17,E12D,3.9548187
Gag_p17,E12F,9.990601
Gag_p17,E12G,5.363327
Gag_p17,E12H,9.369553
Gag_p17,E12I,8.870125
Gag_p17,E12K,1.7775803
Gag_p17,E12L,9.420181
Gag_p17,E12M,10.009705
Gag_p17,E12N,5.84655
Gag_p17,E12P,9.281319
Gag_p17,E12Q,2.387001
Gag_p17,E12R,6.599205
Gag_p17,E12S,6.4731903
Gag_p17,E12T,7.909607
Gag_p17,E12V,8.62989
Gag_p17,E12W,10.067505
Gag_p17,E12Y,10.080894
Gag_p17,L13A,12.505325
Gag_p17,L13C,11.715813
Gag_p17,L13D,12.50045
Gag_p17,L13E,12.469513
Gag_p17,L13F,8.451538
Gag_p17,L13G,12.427513
Gag_p17,L13H,12.444992
Gag_p17,L13I,8.369064
Gag_p17,L13K,10.399765
Gag_p17,L13M,11.712578
Gag_p17,L13N,12.446014
Gag_p17,L13P,12.509926
Gag_p17,L13Q,12.4424515
Gag_p17,L13R,10.390053
Gag_p17,L13S,8.328651
Gag_p17,L13T,11.825432
Gag_p17,L13V,11.012878
Gag_p17,L13W,9.791031
Gag_p17,L13Y,12.475853
Gag_p17,D14A,10.311256
Gag_p17,D14C,12.128029
Gag_p17,D14E,6.7476883
Gag_p17,D14F,12.152451
Gag_p17,D14G,8.471977
Gag_p17,D14H,10.781776
Gag_p17,D14I,11.919838
Gag_p17,D14K,10.424751
Gag_p17,D14L,12.11879
Gag_p17,D14M,12.163727
Gag_p17,D14N,6.7180176
Gag_p17,D14P,12.163101
Gag_p17,D14Q,12.1069565
Gag_p17,D14R,10.406128
Gag_p17,D14S,11.053902
Gag_p17,D14T,11.102951
Gag_p17,D14V,10.343918
Gag_p17,D14W,12.1427765
Gag_p17,D14Y,8.015213
Gag_p17,K15A,3.6749039
Gag_p17,K15C,9.074554
Gag_p17,K15D,6.4201126
Gag_p17,K15E,5.640251
Gag_p17,K15F,8.876442
Gag_p17,K15G,7.4224777
Gag_p17,K15H,5.0060043
Gag_p17,K15I,7.7654037
Gag_p17,K15L,8.3956375
Gag_p17,K15M,6.877228
Gag_p17,K15N,6.0124435
Gag_p17,K15P,7.8069916
Gag_p17,K15Q,3.568657
Gag_p17,K15R,-1.5302811
Gag_p17,K15S,4.3835144
Gag_p17,K15T,4.123253
Gag_p17,K15V,6.9459534
Gag_p17,K15W,9.258781
Gag_p17,K15Y,9.348
Gag_p17,W16A,12.148094
Gag_p17,W16C,12.1154175
Gag_p17,W16D,12.169067
Gag_p17,W16E,11.949219
Gag_p17,W16F,8.21299
Gag_p17,W16G,8.845932
Gag_p17,W16H,12.189606
Gag_p17,W16I,12.075653
Gag_p17,W16K,10.727615
Gag_p17,W16L,5.387253
Gag_p17,W16M,10.016777
Gag_p17,W16N,12.204063
Gag_p17,W16P,12.120514
Gag_p17,W16Q,11.479752
Gag_p17,W16R,8.7569275
Gag_p17,W16S,10.46035
Gag_p17,W16T,12.078804
Gag_p17,W16V,12.149963
Gag_p17,W16Y,11.428719
Gag_p17,E17A,12.187767
Gag_p17,E17C,12.192413
Gag_p17,E17D,9.3966675
Gag_p17,E17F,12.184868
Gag_p17,E17G,6.515312
Gag_p17,E17H,12.116425
Gag_p17,E17I,12.114304
Gag_p17,E17K,5.884514
Gag_p17,E17L,12.162865
Gag_p17,E17M,12.18325
Gag_p17,E17N,11.670143
Gag_p17,E17P,12.153725
Gag_p17,E17Q,11.101105
Gag_p17,E17R,11.513855
Gag_p17,E17S,11.043312
Gag_p17,E17T,11.917038
Gag_p17,E17V,9.527382
Gag_p17,E17W,12.204155
Gag_p17,E17Y,12.111031
Gag_p17,K18A,9.08493
Gag_p17,K18C,11.328575
Gag_p17,K18D,11.172516
Gag_p17,K18E,8.424919
Gag_p17,K18F,11.307556
Gag_p17,K18G,6.9136047
Gag_p17,K18H,10.628143
Gag_p17,K18I,9.801407
Gag_p17,K18L,10.882652
Gag_p17,K18M,11.346466
Gag_p17,K18N,6.4421997
Gag_p17,K18P,11.034264
Gag_p17,K18Q,8.773407
Gag_p17,K18R,3.1286926
Gag_p17,K18S,8.86985
Gag_p17,K18T,8.323593
Gag_p17,K18V,11.3270645
Gag_p17,K18W,11.38295
Gag_p17,K18Y,11.359329
Gag_p17,I19A,11.399857
Gag_p17,I19C,11.009567
Gag_p17,I19D,12.010765
Gag_p17,I19E,11.447731
Gag_p17,I19F,7.98333
Gag_p17,I19G,11.989075
Gag_p17,I19H,12.004181
Gag_p17,I19K,8.941254
Gag_p17,I19L,9.288315
Gag_p17,I19M,11.228752
Gag_p17,I19N,7.300003
Gag_p17,I19P,12.0130005
Gag_p17,I19Q,11.976807
Gag_p17,I19R,10.960754
Gag_p17,I19S,10.512802
Gag_p17,I19T,7.9648438
Gag_p17,I19V,6.8900375
Gag_p17,I19W,11.741226
Gag_p17,I19Y,12.039314
Gag_p17,R20A,12.107292
Gag_p17,R20C,11.662331
Gag_p17,R20D,12.155014
Gag_p17,R20E,10.492615
Gag_p17,R20F,12.144478
Gag_p17,R20G,8.565613
Gag_p17,R20H,7.9328766
Gag_p17,R20I,12.110191
Gag_p17,R20K,7.872902
Gag_p17,R20L,10.514801
Gag_p17,R20M,10.662506
Gag_p17,R20N,9.696877
Gag_p17,R20P,8.9767
Gag_p17,R20Q,5.986305
Gag_p17,R20S,8.2000885
Gag_p17,R20T,10.819504
Gag_p17,R20V,12.128212
Gag_p17,R20W,8.477539
Gag_p17,R20Y,8.123177
Gag_p17,L21A,12.499329
Gag_p17,L21C,12.794846
Gag_p17,L21D,12.806961
Gag_p17,L21E,13.947922
Gag_p17,L21F,10.035828
Gag_p17,L21G,11.944252
Gag_p17,L21H,12.813965
Gag_p17,L21I,10.030319
Gag_p17,L21K,12.286354
Gag_p17,L21M,11.26123
Gag_p17,L21N,12.913635
Gag_p17,L21P,11.126244
Gag_p17,L21Q,12.77565
Gag_p17,L21R,12.440216
Gag_p17,L21S,11.629929
Gag_p17,L21T,12.810898
Gag_p17,L21V,7.7713623
Gag_p17,L21W,12.837982
Gag_p17,L21Y,12.112976
Gag_p17,R22A,12.437843
Gag_p17,R22C,12.099442
Gag_p17,R22D,12.405075
Gag_p17,R22E,11.994957
Gag_p17,R22F,12.417213
Gag_p17,R22G,8.006943
Gag_p17,R22H,12.506851
Gag_p17,R22I,12.421555
Gag_p17,R22K,7.278816
Gag_p17,R22L,11.8294525
Gag_p17,R22M,11.703667
Gag_p17,R22N,12.465981
Gag_p17,R22P,11.751091
Gag_p17,R22Q,10.117256
Gag_p17,R22S,8.35434
Gag_p17,R22T,10.892952
Gag_p17,R22V,12.376656
Gag_p17,R22W,10.775429
Gag_p17,R22Y,12.396294
Gag_p17,P23A,8.010468
Gag_p17,P23C,12.719559
Gag_p17,P23D,12.679703
Gag_p17,P23E,11.550537
Gag_p17,P23F,12.66777
Gag_p17,P23G,12.502464
Gag_p17,P23H,12.592712
Gag_p17,P23I,12.710098
Gag_p17,P23K,12.667892
Gag_p17,P23L,10.085968
Gag_p17,P23M,12.673553
Gag_p17,P23N,12.605904
Gag_p17,P23Q,7.5710144
Gag_p17,P23R,9.98819
Gag_p17,P23S,8.847763
Gag_p17,P23T,10.6775055
Gag_p17,P23V,12.673569
Gag_p17,P23W,12.668686
Gag_p17,P23Y,12.735184
Gag_p17,G24A,9.9919815
Gag_p17,G24C,12.396988
Gag_p17,G24D,11.9848175
Gag_p17,G24E,7.3365784
Gag_p17,G24F,12.414101
Gag_p17,G24H,12.535263
Gag_p17,G24I,12.360817
Gag_p17,G24K,11.846901
Gag_p17,G24L,12.444504
Gag_p17,G24M,7.184654
Gag_p17,G24N,12.492279
Gag_p17,G24P,12.112755
Gag_p17,G24Q,11.343529
Gag_p17,G24R,8.618042
Gag_p17,G24S,12.420479
Gag_p17,G24T,12.405678
Gag_p17,G24V,9.361404
Gag_p17,G24W,12.44548
Gag_p17,G24Y,12.46608
Gag_p17,G25A,9.453766
Gag_p17,G25C,11.287102
Gag_p17,G25D,11.640755
Gag_p17,G25E,6.6213913
Gag_p17,G25F,11.870491
Gag_p17,G25H,11.335777
Gag_p17,G25I,8.982376
Gag_p17,G25K,9.624565
Gag_p17,G25L,10.914955
Gag_p17,G25M,11.953117
Gag_p17,G25N,11.595177
Gag_p17,G25P,11.899437
Gag_p17,G25Q,11.896378
Gag_p17,G25R,7.5762634
Gag_p17,G25S,5.902176
Gag_p17,G25T,9.646919
Gag_p17,G25V,9.096542
Gag_p17,G25W,11.925377
Gag_p17,G25Y,11.937767
Gag_p17,K26A,9.84034
Gag_p17,K26C,10.598106
Gag_p17,K26D,9.436615
Gag_p17,K26E,7.4066925
Gag_p17,K26F,10.555527
Gag_p17,K26G,7.9903183
Gag_p17,K26H,6.694275
Gag_p17,K26I,10.284279
Gag_p17,K26L,10.502769
Gag_p17,K26M,10.191605
Gag_p17,K26N,4.0030518
Gag_p17,K26P,10.992203
Gag_p17,K26Q,9.105789
Gag_p17,K26R,3.0356445
Gag_p17,K26S,4.254463
Gag_p17,K26T,8.265228
Gag_p17,K26V,10.921593
Gag_p17,K26W,10.937729
Gag_p17,K26Y,10.639343
Gag_p17,K27A,11.104774
Gag_p17,K27C,12.300507
Gag_p17,K27D,10.813812
Gag_p17,K27E,7.3370895
Gag_p17,K27F,12.336067
Gag_p17,K27G,12.2821045
Gag_p17,K27H,12.264969
Gag_p17,K27I,11.190926
Gag_p17,K27L,12.225418
Gag_p17,K27M,12.34375
Gag_p17,K27N,8.566444
Gag_p17,K27P,11.61554
Gag_p17,K27Q,8.972107
Gag_p17,K27R,8.127663
Gag_p17,K27S,10.447678
Gag_p17,K27T,9.57428
Gag_p17,K27V,12.251579
Gag_p17,K27W,12.305756
Gag_p17,K27Y,12.311005
Gag_p17,Q28A,4.8309784
Gag_p17,Q28C,3.1242523
Gag_p17,Q28D,8.392464
Gag_p17,Q28E,5.8237
Gag_p17,Q28F,7.4493027
Gag_p17,Q28G,5.7935257
Gag_p17,Q28H,4.1924515
Gag_p17,Q28I,7.314125
Gag_p17,Q28K,-2.1857834
Gag_p17,Q28L,6.1190414
Gag_p17,Q28M,4.30954
Gag_p17,Q28N,5.0229416
Gag_p17,Q28P,6.3589554
Gag_p17,Q28R,-0.013282776
Gag_p17,Q28S,4.3505936
Gag_p17,Q28T,1.5157013
Gag_p17,Q28V,8.461868
Gag_p17,Q28W,8.342064
Gag_p17,Q28Y,6.5165787
Gag_p17,Y29A,12.704498
Gag_p17,Y29C,9.09153
Gag_p17,Y29D,11.592278
Gag_p17,Y29E,11.3895035
Gag_p17,Y29F,9.689476
Gag_p17,Y29G,12.634979
Gag_p17,Y29H,10.409607
Gag_p17,Y29I,10.591606
Gag_p17,Y29K,11.371819
Gag_p17,Y29L,10.948814
Gag_p17,Y29M,12.64473
Gag_p17,Y29N,10.581566
Gag_p17,Y29P,12.647812
Gag_p17,Y29Q,11.759277
Gag_p17,Y29R,11.660904
Gag_p17,Y29S,10.045563
Gag_p17,Y29T,11.047791
Gag_p17,Y29V,12.009514
Gag_p17,Y29W,11.779564
Gag_p17,K30A,8.698128
Gag_p17,K30C,8.022232
Gag_p17,K30D,9.274025
Gag_p17,K30E,6.968231
Gag_p17,K30F,9.883377
Gag_p17,K30G,7.026703
Gag_p17,K30H,4.8806763
Gag_p17,K30I,8.289894
Gag_p17,K30L,6.6506042
Gag_p17,K30M,6.2276306
Gag_p17,K30N,6.4360657
Gag_p17,K30P,9.905556
Gag_p17,K30Q,1.5487442
Gag_p17,K30R,0.46465302
Gag_p17,K30S,5.6706543
Gag_p17,K30T,7.8940887
Gag_p17,K30V,8.844826
Gag_p17,K30W,9.0260315
Gag_p17,K30Y,9.45713
Gag_p17,L31A,11.542267
Gag_p17,L31C,12.008453
Gag_p17,L31D,11.985313
Gag_p17,L31E,11.295441
Gag_p17,L31F,7.754776
Gag_p17,L31G,11.927116
Gag_p17,L31H,11.99678
Gag_p17,L31I,6.7569885
Gag_p17,L31K,11.6241
Gag_p17,L31M,6.268669
Gag_p17,L31N,11.759781
Gag_p17,L31P,10.286842
Gag_p17,L31Q,11.708565
Gag_p17,L31R,10.886925
Gag_p17,L31S,9.913429
Gag_p17,L31T,9.30603
Gag_p17,L31V,10.460793
Gag_p17,L31W,11.510315
Gag_p17,L31Y,12.026077
Gag_p17,K32A,10.788452
Gag_p17,K32C,12.029976
Gag_p17,K32D,12.399681
Gag_p17,K32E,8.527275
Gag_p17,K32F,12.518364
Gag_p17,K32G,12.382126
Gag_p17,K32H,12.060104
Gag_p17,K32I,10.454163
Gag_p17,K32L,11.3593445
Gag_p17,K32M,12.342751
Gag_p17,K32N,9.321541
Gag_p17,K32P,11.127327
Gag_p17,K32Q,9.544975
Gag_p17,K32R,7.371437
Gag_p17,K32S,11.093315
Gag_p17,K32T,9.333839
Gag_p17,K32V,12.506676
Gag_p17,K32W,12.4605255
Gag_p17,K32Y,12.432655
Gag_p17,H33A,12.814423
Gag_p17,H33C,12.952744
Gag_p17,H33D,11.364555
Gag_p17,H33E,11.395805
Gag_p17,H33F,12.936859
Gag_p17,H33G,12.970718
Gag_p17,H33I,12.502052
Gag_p17,H33K,12.990982
Gag_p17,H33L,9.452766
Gag_p17,H33M,12.917358
Gag_p17,H33N,10.51255
Gag_p17,H33P,11.027702
Gag_p17,H33Q,10.640663
Gag_p17,H33R,9.309639
Gag_p17,H33S,11.492302
Gag_p17,H33T,11.021751
Gag_p17,H33V,12.903305
Gag_p17,H33W,13.040543
Gag_p17,H33Y,11.139519
Gag_p17,I34A,9.410042
Gag_p17,I34C,10.847679
Gag_p17,I34D,10.813705
Gag_p17,I34E,10.788475
Gag_p17,I34F,9.327965
Gag_p17,I34G,10.709129
Gag_p17,I34H,10.664955
Gag_p17,I34K,10.528465
Gag_p17,I34L,2.2301636
Gag_p17,I34M,7.8387756
Gag_p17,I34N,10.810989
Gag_p17,I34P,9.438751
Gag_p17,I34Q,10.396675
Gag_p17,I34R,10.867569
Gag_p17,I34S,9.480728
Gag_p17,I34T,9.595055
Gag_p17,I34V,3.8075256
Gag_p17,I34W,10.871918
Gag_p17,I34Y,11.191879
Gag_p17,V35A,6.6031876
Gag_p17,V35C,11.493378
Gag_p17,V35D,11.184715
Gag_p17,V35E,10.2445755
Gag_p17,V35F,11.520882
Gag_p17,V35G,9.777954
Gag_p17,V35H,11.448402
Gag_p17,V35I,4.2845535
Gag_p17,V35K,11.045029
Gag_p17,V35L,8.377205
Gag_p17,V35M,7.0261765
Gag_p17,V35N,11.462326
Gag_p17,V35P,10.35704
Gag_p17,V35Q,11.499344
Gag_p17,V35R,10.281944
Gag_p17,V35S,10.280731
Gag_p17,V35T,11.004494
Gag_p17,V35W,11.412056
Gag_p17,V35Y,11.48484
Gag_p17,W36A,10.906342
Gag_p17,W36C,11.321693
Gag_p17,W36D,13.035004
Gag_p17,W36E,13.072617
Gag_p17,W36F,13.037109
Gag_p17,W36G,9.262054
Gag_p17,W36H,13.048096
Gag_p17,W36I,13.023697
Gag_p17,W36K,12.497353
Gag_p17,W36L,11.530876
Gag_p17,W36M,11.155594
Gag_p17,W36N,12.854996
Gag_p17,W36P,12.092743
Gag_p17,W36Q,13.028549
Gag_p17,W36R,8.528816
Gag_p17,W36S,10.699593
Gag_p17,W36T,11.649063
Gag_p17,W36V,12.976807
Gag_p17,W36Y,13.036957
Gag_p17,A37C,12.5486145
Gag_p17,A37D,12.543404
Gag_p17,A37E,10.122337
Gag_p17,A37F,11.736931
Gag_p17,A37G,10.753456
Gag_p17,A37H,12.549355
Gag_p17,A37I,12.907471
Gag_p17,A37K,12.550957
Gag_p17,A37L,12.574425
Gag_p17,A37M,12.108894
Gag_p17,A37N,12.625549
Gag_p17,A37P,10.0675125
Gag_p17,A37Q,12.127441
Gag_p17,A37R,12.571426
Gag_p17,A37S,10.430489
Gag_p17,A37T,8.878464
Gag_p17,A37V,7.1167755
Gag_p17,A37W,12.616135
Gag_p17,A37Y,12.612091
Gag_p17,S38A,10.696693
Gag_p17,S38C,10.598869
Gag_p17,S38D,12.345001
Gag_p17,S38E,12.330353
Gag_p17,S38F,11.920181
Gag_p17,S38G,6.5794296
Gag_p17,S38H,12.336517
Gag_p17,S38I,10.809525
Gag_p17,S38K,11.423019
Gag_p17,S38L,12.281525
Gag_p17,S38M,12.423981
Gag_p17,S38N,9.5409775
Gag_p17,S38P,12.3326645
Gag_p17,S38Q,12.364906
Gag_p17,S38R,8.995926
Gag_p17,S38T,10.307625
Gag_p17,S38V,12.394951
Gag_p17,S38W,12.395531
Gag_p17,S38Y,12.29953
Gag_p17,R39A,12.082962
Gag_p17,R39C,11.553139
Gag_p17,R39D,10.360291
Gag_p17,R39E,11.016327
Gag_p17,R39F,12.041054
Gag_p17,R39G,8.159912
Gag_p17,R39H,12.040482
Gag_p17,R39I,11.3096695
Gag_p17,R39K,5.444107
Gag_p17,R39L,10.892876
Gag_p17,R39M,9.724602
Gag_p17,R39N,9.626656
Gag_p17,R39P,11.993866
Gag_p17,R39Q,9.448082
Gag_p17,R39S,9.912514
Gag_p17,R39T,10.2973175
Gag_p17,R39V,12.001656
Gag_p17,R39W,9.84079
Gag_p17,R39Y,11.663994
Gag_p17,E40A,12.057503
Gag_p17,E40C,12.874023
Gag_p17,E40D,11.154442
Gag_p17,E40F,12.93071
Gag_p17,E40G,8.09948
Gag_p17,E40H,12.833923
Gag_p17,E40I,12.836441
Gag_p17,E40K,8.431717
Gag_p17,E40L,12.894653
Gag_p17,E40M,12.944885
Gag_p17,E40N,12.54985
Gag_p17,E40P,12.89975
Gag_p17,E40Q,9.569267
Gag_p17,E40R,10.822594
Gag_p17,E40S,12.485817
Gag_p17,E40T,11.5438
Gag_p17,E40V,10.197014
Gag_p17,E40W,12.013466
Gag_p17,E40Y,12.859634
Gag_p17,L41A,11.290062
Gag_p17,L41C,11.7342
Gag_p17,L41D,12.653854
Gag_p17,L41E,11.593292
Gag_p17,L41F,11.459587
Gag_p17,L41G,11.02565
Gag_p17,L41H,12.737747
Gag_p17,L41I,9.920166
Gag_p17,L41K,12.659882
Gag_p17,L41M,8.191803
Gag_p17,L41N,12.682922
Gag_p17,L41P,8.973053
Gag_p17,L41Q,11.866104
Gag_p17,L41R,11.184364
Gag_p17,L41S,11.306206
Gag_p17,L41T,11.109215
Gag_p17,L41V,8.7033
Gag_p17,L41W,11.291351
Gag_p17,L41Y,12.683899
Gag_p17,E42A,11.0638275
Gag_p17,E42C,12.546501
Gag_p17,E42D,6.6595306
Gag_p17,E42F,12.593842
Gag_p17,E42G,7.8584137
Gag_p17,E42H,12.547775
Gag_p17,E42I,12.597244
Gag_p17,E42K,8.24939
Gag_p17,E42L,12.522919
Gag_p17,E42M,12.60498
Gag_p17,E42N,10.629654
Gag_p17,E42P,12.556114
Gag_p17,E42Q,10.846527
Gag_p17,E42R,11.822632
Gag_p17,E42S,10.5952
Gag_p17,E42T,11.210541
Gag_p17,E42V,10.5271
Gag_p17,E42W,12.589981
Gag_p17,E42Y,12.667709
Gag_p17,R43A,11.844704
Gag_p17,R43C,12.4459915
Gag_p17,R43D,11.211929
Gag_p17,R43E,12.40435
Gag_p17,R43F,12.447403
Gag_p17,R43G,9.475754
Gag_p17,R43H,9.296776
Gag_p17,R43I,12.376038
Gag_p17,R43K,7.39888
Gag_p17,R43L,12.084839
Gag_p17,R43M,12.448181
Gag_p17,R43N,9.673241
Gag_p17,R43P,11.137978
Gag_p17,R43Q,6.706375
Gag_p17,R43S,11.589027
Gag_p17,R43T,10.782425
Gag_p17,R43V,12.431915
Gag_p17,R43W,12.37545
Gag_p17,R43Y,12.424225
Gag_p17,F44A,12.722885
Gag_p17,F44C,10.544853
Gag_p17,F44D,12.6645355
Gag_p17,F44E,12.659927
Gag_p17,F44G,12.668472
Gag_p17,F44H,12.628159
Gag_p17,F44I,11.604813
Gag_p17,F44K,12.698776
Gag_p17,F44L,7.7990036
Gag_p17,F44M,12.694885
Gag_p17,F44N,12.6393585
Gag_p17,F44P,12.728821
Gag_p17,F44Q,12.730606
Gag_p17,F44R,12.681091
Gag_p17,F44S,9.566902
Gag_p17,F44T,12.711014
Gag_p17,F44V,10.481392
Gag_p17,F44W,12.275093
Gag_p17,F44Y,6.3251266
Gag_p17,A45C,11.839081
Gag_p17,A45D,12.160202
Gag_p17,A45E,11.033257
Gag_p17,A45F,12.512993
Gag_p17,A45G,11.436775
Gag_p17,A45H,11.512665
Gag_p17,A45I,11.105118
Gag_p17,A45K,11.080055
Gag_p17,A45L,11.931694
Gag_p17,A45M,11.880981
Gag_p17,A45N,12.57235
Gag_p17,A45P,9.111603
Gag_p17,A45Q,12.093979
Gag_p17,A45R,12.202881
Gag_p17,A45S,6.396515
Gag_p17,A45T,9.563866
Gag_p17,A45V,9.852028
Gag_p17,A45W,12.6006775
Gag_p17,A45Y,12.598068
Gag_p17,V46A,7.8719254
Gag_p17,V46C,9.173325
Gag_p17,V46D,11.497139
Gag_p17,V46E,11.428619
Gag_p17,V46F,9.399101
Gag_p17,V46G,10.875679
Gag_p17,V46H,11.026154
Gag_p17,V46I,3.7496567
Gag_p17,V46K,11.4739
Gag_p17,V46L,3.9609756
Gag_p17,V46M,11.52298
Gag_p17,V46N,11.414192
Gag_p17,V46P,9.868477
Gag_p17,V46Q,11.422455
Gag_p17,V46R,11.489876
Gag_p17,V46S,11.492638
Gag_p17,V46T,10.042976
Gag_p17,V46W,11.496201
Gag_p17,V46Y,11.4663925
Gag_p17,N47A,11.678551
Gag_p17,N47C,12.235878
Gag_p17,N47D,6.0079803
Gag_p17,N47E,10.916626
Gag_p17,N47F,12.243668
Gag_p17,N47G,11.764969
Gag_p17,N47H,9.957779
Gag_p17,N47I,10.724678
Gag_p17,N47K,9.892281
Gag_p17,N47L,12.28009
Gag_p17,N47M,12.260277
Gag_p17,N47P,12.274132
Gag_p17,N47Q,11.7957
Gag_p17,N47R,10.8368
Gag_p17,N47S,8.439194
Gag_p17,N47T,9.4785385
Gag_p17,N47V,12.255356
Gag_p17,N47W,12.32103
Gag_p17,N47Y,9.138725
Gag_p17,P48A,9.165031
Gag_p17,P48C,12.471817
Gag_p17,P48D,12.519424
Gag_p17,P48E,12.477493
Gag_p17,P48F,12.493401
Gag_p17,P48G,12.48893
Gag_p17,P48H,9.488739
Gag_p17,P48I,12.506729
Gag_p17,P48K,11.915688
Gag_p17,P48L,8.900581
Gag_p17,P48M,12.374992
Gag_p17,P48N,11.597107
Gag_p17,P48Q,12.497269
Gag_p17,P48R,10.729042
Gag_p17,P48S,5.8730927
Gag_p17,P48T,9.848793
Gag_p17,P48V,12.46553
Gag_p17,P48W,12.4487
Gag_p17,P48Y,12.472778
Gag_p17,G49A,6.6327515
Gag_p17,G49C,7.7507553
Gag_p17,G49D,6.757675
Gag_p17,G49E,8.718239
Gag_p17,G49F,11.540726
Gag_p17,G49H,11.500656
Gag_p17,G49I,10.63649
Gag_p17,G49K,11.220802
Gag_p17,G49L,11.515579
Gag_p17,G49M,11.50058
Gag_p17,G49N,8.152351
Gag_p17,G49P,11.536194
Gag_p17,G49Q,11.488304
Gag_p17,G49R,10.412163
Gag_p17,G49S,3.2668
Gag_p17,G49T,9.9328
Gag_p17,G49V,9.022804
Gag_p17,G49W,11.290306
Gag_p17,G49Y,11.493752
Gag_p17,L50A,12.568275
Gag_p17,L50C,12.143768
Gag_p17,L50D,12.882309
Gag_p17,L50E,12.98526
Gag_p17,L50F,8.9832
Gag_p17,L50G,12.920944
Gag_p17,L50H,10.542465
Gag_p17,L50I,12.920395
Gag_p17,L50K,12.948502
Gag_p17,L50M,12.943527
Gag_p17,L50N,12.985977
Gag_p17,L50P,8.45359
Gag_p17,L50Q,12.341919
Gag_p17,L50R,10.496002
Gag_p17,L50S,12.9066925
Gag_p17,L50T,12.537376
Gag_p17,L50V,10.9142
Gag_p17,L50W,12.962051
Gag_p17,L50Y,12.957352
Gag_p17,L51A,11.408638
Gag_p17,L51C,11.908318
Gag_p17,L51D,11.977402
Gag_p17,L51E,11.916794
Gag_p17,L51F,9.118004
Gag_p17,L51G,10.51255
Gag_p17,L51H,11.90593
Gag_p17,L51I,6.2416763
Gag_p17,L51K,11.883057
Gag_p17,L51M,5.447754
Gag_p17,L51N,11.908241
Gag_p17,L51P,11.88295
Gag_p17,L51Q,11.945328
Gag_p17,L51R,11.91478
Gag_p17,L51S,10.1334915
Gag_p17,L51T,11.899017
Gag_p17,L51V,8.550468
Gag_p17,L51W,11.796028
Gag_p17,L51Y,11.909615
Gag_p17,E52A,9.827705
Gag_p17,E52C,12.782181
Gag_p17,E52D,8.50074
Gag_p17,E52F,12.780121
Gag_p17,E52G,8.163956
Gag_p17,E52H,12.818634
Gag_p17,E52I,12.842346
Gag_p17,E52K,6.9296646
Gag_p17,E52L,12.804626
Gag_p17,E52M,12.791794
Gag_p17,E52N,12.839996
Gag_p17,E52P,12.384201
Gag_p17,E52Q,12.072563
Gag_p17,E52R,12.478767
Gag_p17,E52S,12.406227
Gag_p17,E52T,12.341438
Gag_p17,E52V,12.080681
Gag_p17,E52W,12.791473
Gag_p17,E52Y,12.879227
Gag_p17,T53A,7.7332153
Gag_p17,T53C,11.80658
Gag_p17,T53D,10.5080185
Gag_p17,T53E,11.304138
Gag_p17,T53F,11.644653
Gag_p17,T53G,11.758278
Gag_p17,T53H,11.2966385
Gag_p17,T53I,9.862175
Gag_p17,T53K,10.084541
Gag_p17,T53L,10.970268
Gag_p17,T53M,11.762268
Gag_p17,T53N,7.614853
Gag_p17,T53P,8.945778
Gag_p17,T53Q,11.435463
Gag_p17,T53R,10.960281
Gag_p17,T53S,3.9813538
Gag_p17,T53V,11.772293
Gag_p17,T53W,11.702614
Gag_p17,T53Y,11.6859665
Gag_p17,S54A,1.632103
Gag_p17,S54C,10.913704
Gag_p17,S54D,10.294632
Gag_p17,S54E,7.172119
Gag_p17,S54F,11.058655
Gag_p17,S54G,5.3574905
Gag_p17,S54H,10.848953
Gag_p17,S54I,10.135162
Gag_p17,S54K,8.174103
Gag_p17,S54L,7.040802
Gag_p17,S54M,8.932777
Gag_p17,S54N,10.939102
Gag_p17,S54P,4.404701
Gag_p17,S54Q,8.993088
Gag_p17,S54R,8.948387
Gag_p17,S54T,3.954216
Gag_p17,S54V,8.120865
Gag_p17,S54W,10.949753
Gag_p17,S54Y,10.907043
Gag_p17,E55A,3.9415054
Gag_p17,E55C,10.754768
Gag_p17,E55D,3.1134872
Gag_p17,E55F,10.308212
Gag_p17,E55G,2.8751068
Gag_p17,E55H,10.284225
Gag_p17,E55I,8.074554
Gag_p17,E55K,5.9773254
Gag_p17,E55L,8.825302
Gag_p17,E55M,10.076027
Gag_p17,E55N,7.1093063
Gag_p17,E55P,9.879868
Gag_p17,E55Q,5.6139297
Gag_p17,E55R,9.109718
Gag_p17,E55S,7.137253
Gag_p17,E55T,6.3014374
Gag_p17,E55V,6.5834656
Gag_p17,E55W,10.645531
Gag_p17,E55Y,10.688629
Gag_p17,G56A,10.31118
Gag_p17,G56C,12.357788
Gag_p17,G56D,9.919678
Gag_p17,G56E,9.983353
Gag_p17,G56F,12.86676
Gag_p17,G56H,12.894257
Gag_p17,G56I,12.901672
Gag_p17,G56K,12.925034
Gag_p17,G56L,12.881699
Gag_p17,G56M,12.919189
Gag_p17,G56N,12.830734
Gag_p17,G56P,12.895386
Gag_p17,G56Q,12.38945
Gag_p17,G56R,9.704819
Gag_p17,G56S,8.587875
Gag_p17,G56T,12.880447
Gag_p17,G56V,9.869415
Gag_p17,G56W,12.9048
Gag_p17,G56Y,12.919601
Gag_p17,C57A,12.7400055
Gag_p17,C57D,12.377342
Gag_p17,C57E,12.807114
Gag_p17,C57F,11.056839
Gag_p17,C57G,9.69043
Gag_p17,C57H,12.805069
Gag_p17,C57I,12.323593
Gag_p17,C57K,12.822388
Gag_p17,C57L,11.861542
Gag_p17,C57M,12.785568
Gag_p17,C57N,11.534103
Gag_p17,C57P,12.753784
Gag_p17,C57Q,12.781265
Gag_p17,C57R,7.7856293
Gag_p17,C57S,8.846031
Gag_p17,C57T,12.786484
Gag_p17,C57V,12.820206
Gag_p17,C57W,12.048416
Gag_p17,C57Y,10.274406
Gag_p17,R58A,9.000954
Gag_p17,R58C,11.220139
Gag_p17,R58D,10.813652
Gag_p17,R58E,8.583931
Gag_p17,R58F,11.258453
Gag_p17,R58G,7.0582275
Gag_p17,R58H,9.380806
Gag_p17,R58I,7.7316437
Gag_p17,R58K,2.5292435
Gag_p17,R58L,8.401543
Gag_p17,R58M,9.700356
Gag_p17,R58N,9.43335
Gag_p17,R58P,10.514114
Gag_p17,R58Q,5.608078
Gag_p17,R58S,7.7914886
Gag_p17,R58T,8.588501
Gag_p17,R58V,9.536964
Gag_p17,R58W,10.752777
Gag_p17,R58Y,10.717316
Gag_p17,Q59A,7.9101944
Gag_p17,Q59C,11.260544
Gag_p17,Q59D,9.161079
Gag_p17,Q59E,6.6416016
Gag_p17,Q59F,11.249229
Gag_p17,Q59G,10.064003
Gag_p17,Q59H,9.171593
Gag_p17,Q59I,11.252518
Gag_p17,Q59K,3.6852188
Gag_p17,Q59L,8.542831
Gag_p17,Q59M,11.264
Gag_p17,Q59N,8.948418
Gag_p17,Q59P,9.70993
Gag_p17,Q59R,4.8330536
Gag_p17,Q59S,9.473976
Gag_p17,Q59T,11.156967
Gag_p17,Q59V,11.232819
Gag_p17,Q59W,10.759819
Gag_p17,Q59Y,10.757317
Gag_p17,I60A,9.353706
Gag_p17,I60C,12.646118
Gag_p17,I60D,12.618042
Gag_p17,I60E,12.616562
Gag_p17,I60F,12.632874
Gag_p17,I60G,12.106125
Gag_p17,I60H,12.5914
Gag_p17,I60K,12.442787
Gag_p17,I60L,6.663475
Gag_p17,I60M,9.248428
Gag_p17,I60N,12.674973
Gag_p17,I60P,12.508553
Gag_p17,I60Q,9.640251
Gag_p17,I60R,11.698341
Gag_p17,I60S,12.681503
Gag_p17,I60T,9.412392
Gag_p17,I60V,7.8790436
Gag_p17,I60W,12.598816
Gag_p17,I60Y,12.648148
Gag_p17,L61A,11.282631
Gag_p17,L61C,11.267067
Gag_p17,L61D,11.288818
Gag_p17,L61E,11.274857
Gag_p17,L61F,10.510292
Gag_p17,L61G,11.27375
Gag_p17,L61H,11.277542
Gag_p17,L61I,2.9263382
Gag_p17,L61K,10.0703125
Gag_p17,L61M,3.803444
Gag_p17,L61N,11.330002
Gag_p17,L61P,10.967552
Gag_p17,L61Q,11.326828
Gag_p17,L61R,10.838669
Gag_p17,L61S,10.550079
Gag_p17,L61T,10.279831
Gag_p17,L61V,8.35434
Gag_p17,L61W,10.351807
Gag_p17,L61Y,11.338791
Gag_p17,G62A,3.2854767
Gag_p17,G62C,9.367081
Gag_p17,G62D,6.983856
Gag_p17,G62E,1.7560425
Gag_p17,G62F,10.172905
Gag_p17,G62H,9.941299
Gag_p17,G62I,4.307213
Gag_p17,G62K,4.2644806
Gag_p17,G62L,6.469055
Gag_p17,G62M,6.9260178
Gag_p17,G62N,6.5375137
Gag_p17,G62P,9.984528
Gag_p17,G62Q,3.618431
Gag_p17,G62R,2.9878693
Gag_p17,G62S,5.693428
Gag_p17,G62T,4.860756
Gag_p17,G62V,3.8234024
Gag_p17,G62W,9.594551
Gag_p17,G62Y,9.709305
Gag_p17,Q63A,7.2345886
Gag_p17,Q63C,11.827515
Gag_p17,Q63D,11.854851
Gag_p17,Q63E,8.829018
Gag_p17,Q63F,11.82254
Gag_p17,Q63G,11.103928
Gag_p17,Q63H,6.078987
Gag_p17,Q63I,10.873367
Gag_p17,Q63K,8.1635895
Gag_p17,Q63L,8.640701
Gag_p17,Q63M,11.023262
Gag_p17,Q63N,11.823837
Gag_p17,Q63P,10.005852
Gag_p17,Q63R,7.8430557
Gag_p17,Q63S,8.528755
Gag_p17,Q63T,8.649689
Gag_p17,Q63V,9.709213
Gag_p17,Q63W,11.833817
Gag_p17,Q63Y,11.823555
Gag_p17,L64A,12.166389
Gag_p17,L64C,12.341431
Gag_p17,L64D,12.329727
Gag_p17,L64E,12.048843
Gag_p17,L64F,7.8915176
Gag_p17,L64G,12.303566
Gag_p17,L64H,11.439453
Gag_p17,L64I,5.5955124
Gag_p17,L64K,12.3353195
Gag_p17,L64M,9.458878
Gag_p17,L64N,12.336151
Gag_p17,L64P,10.492302
Gag_p17,L64Q,11.386726
Gag_p17,L64R,12.023766
Gag_p17,L64S,11.440628
Gag_p17,L64T,11.392479
Gag_p17,L64V,8.990425
Gag_p17,L64W,12.302925
Gag_p17,L64Y,11.424301
Gag_p17,Q65A,11.474655
Gag_p17,Q65C,11.618256
Gag_p17,Q65D,9.75119
Gag_p17,Q65E,7.639206
Gag_p17,Q65F,11.718452
Gag_p17,Q65G,11.689606
Gag_p17,Q65H,3.658432
Gag_p17,Q65I,10.900551
Gag_p17,Q65K,8.637062
Gag_p17,Q65L,8.83654
Gag_p17,Q65M,11.76503
Gag_p17,Q65N,9.38475
Gag_p17,Q65P,8.38578
Gag_p17,Q65R,6.9705276
Gag_p17,Q65S,10.687416
Gag_p17,Q65T,9.129929
Gag_p17,Q65V,11.7481
Gag_p17,Q65W,11.692062
Gag_p17,Q65Y,7.992325
Gag_p17,P66A,8.507515
Gag_p17,P66C,11.755676
Gag_p17,P66D,11.795654
Gag_p17,P66E,11.727577
Gag_p17,P66F,11.666969
Gag_p17,P66G,10.957466
Gag_p17,P66H,11.736153
Gag_p17,P66I,11.461563
Gag_p17,P66K,11.746368
Gag_p17,P66L,8.705078
Gag_p17,P66M,11.684456
Gag_p17,P66N,10.832962
Gag_p17,P66Q,9.460503
Gag_p17,P66R,10.5950775
Gag_p17,P66S,3.9687424
Gag_p17,P66T,8.062454
Gag_p17,P66V,11.342018
Gag_p17,P66W,11.413628
Gag_p17,P66Y,11.709152
Gag_p17,S67A,1.7489548
Gag_p17,S67C,8.641006
Gag_p17,S67D,10.475143
Gag_p17,S67E,10.863327
Gag_p17,S67F,9.41478
Gag_p17,S67G,9.472801
Gag_p17,S67H,9.610817
Gag_p17,S67I,9.016029
Gag_p17,S67K,10.968025
Gag_p17,S67L,7.8445816
Gag_p17,S67M,10.241165
Gag_p17,S67N,7.5407257
Gag_p17,S67P,7.7830276
Gag_p17,S67Q,9.955925
Gag_p17,S67R,10.301376
Gag_p17,S67T,4.732704
Gag_p17,S67V,8.208992
Gag_p17,S67W,10.931366
Gag_p17,S67Y,10.931229
Gag_p17,L68A,12.172707
Gag_p17,L68C,11.586403
Gag_p17,L68D,12.162453
Gag_p17,L68E,12.141541
Gag_p17,L68F,8.166176
Gag_p17,L68G,12.168915
Gag_p17,L68H,11.394119
Gag_p17,L68I,4.5497055
Gag_p17,L68K,12.17205
Gag_p17,L68M,8.728592
Gag_p17,L68N,12.181839
Gag_p17,L68P,8.244865
Gag_p17,L68Q,11.248253
Gag_p17,L68R,10.604454
Gag_p17,L68S,11.474106
Gag_p17,L68T,10.645355
Gag_p17,L68V,7.4848404
Gag_p17,L68W,11.887901
Gag_p17,L68Y,10.2481
Gag_p17,Q69A,8.584282
Gag_p17,Q69C,11.400101
Gag_p17,Q69D,8.95195
Gag_p17,Q69E,5.45253
Gag_p17,Q69F,11.40435
Gag_p17,Q69G,8.258202
Gag_p17,Q69H,7.40493
Gag_p17,Q69I,11.405525
Gag_p17,Q69K,3.819542
Gag_p17,Q69L,8.854301
Gag_p17,Q69M,10.374039
Gag_p17,Q69N,6.570656
Gag_p17,Q69P,4.712944
Gag_p17,Q69R,5.373062
Gag_p17,Q69S,8.337791
Gag_p17,Q69T,8.04084
Gag_p17,Q69V,11.428604
Gag_p17,Q69W,11.405479
Gag_p17,Q69Y,10.618416
Gag_p17,T70A,6.995102
Gag_p17,T70C,12.261307
Gag_p17,T70D,12.344276
Gag_p17,T70E,12.254494
Gag_p17,T70F,12.265289
Gag_p17,T70G,12.201752
Gag_p17,T70H,11.796104
Gag_p17,T70I,8.56913
Gag_p17,T70K,11.614212
Gag_p17,T70L,12.266327
Gag_p17,T70M,12.261742
Gag_p17,T70N,8.5805435
Gag_p17,T70P,10.518776
Gag_p17,T70Q,12.283203
Gag_p17,T70R,10.502693
Gag_p17,T70S,9.661354
Gag_p17,T70V,8.71299
Gag_p17,T70W,12.253799
Gag_p17,T70Y,12.281006
Gag_p17,G71A,7.910103
Gag_p17,G71C,12.815079
Gag_p17,G71D,11.759354
Gag_p17,G71E,9.253464
Gag_p17,G71F,12.906143
Gag_p17,G71H,12.859787
Gag_p17,G71I,12.81456
Gag_p17,G71K,12.44043
Gag_p17,G71L,12.835403
Gag_p17,G71M,12.897629
Gag_p17,G71N,12.853119
Gag_p17,G71P,12.842529
Gag_p17,G71Q,12.526367
Gag_p17,G71R,9.121376
Gag_p17,G71S,9.046242
Gag_p17,G71T,12.851349
Gag_p17,G71V,12.179779
Gag_p17,G71W,12.898758
Gag_p17,G71Y,12.450928
Gag_p17,S72A,10.167854
Gag_p17,S72C,12.52124
Gag_p17,S72D,12.595055
Gag_p17,S72E,12.36953
Gag_p17,S72F,12.535713
Gag_p17,S72G,12.52948
Gag_p17,S72H,12.606293
Gag_p17,S72I,12.1679535
Gag_p17,S72K,12.17765
Gag_p17,S72L,10.8004
Gag_p17,S72M,12.568687
Gag_p17,S72N,12.560577
Gag_p17,S72P,9.654091
Gag_p17,S72Q,12.520142
Gag_p17,S72R,12.578262
Gag_p17,S72T,5.721428
Gag_p17,S72V,12.213127
Gag_p17,S72W,12.456238
Gag_p17,S72Y,12.593452
Gag_p17,E73A,8.848877
Gag_p17,E73C,12.833603
Gag_p17,E73D,8.505104
Gag_p17,E73F,12.742996
Gag_p17,E73G,8.412903
Gag_p17,E73H,12.763504
Gag_p17,E73I,12.755264
Gag_p17,E73K,7.720482
Gag_p17,E73L,12.7561035
Gag_p17,E73M,12.771423
Gag_p17,E73N,10.850182
Gag_p17,E73P,12.424652
Gag_p17,E73Q,8.698082
Gag_p17,E73R,11.9824295
Gag_p17,E73S,12.797501
Gag_p17,E73T,12.754959
Gag_p17,E73V,10.325676
Gag_p17,E73W,12.722473
Gag_p17,E73Y,12.541229
Gag_p17,E74A,8.678352
Gag_p17,E74C,12.529732
Gag_p17,E74D,7.7098007
Gag_p17,E74F,12.536041
Gag_p17,E74G,6.3110123
Gag_p17,E74H,12.514328
Gag_p17,E74I,12.460144
Gag_p17,E74K,7.787689
Gag_p17,E74L,12.457275
Gag_p17,E74M,12.510155
Gag_p17,E74N,9.492577
Gag_p17,E74P,12.59153
Gag_p17,E74Q,10.159767
Gag_p17,E74R,12.537155
Gag_p17,E74S,11.682457
Gag_p17,E74T,10.608612
Gag_p17,E74V,12.492851
Gag_p17,E74W,12.508751
Gag_p17,E74Y,12.48214
Gag_p17,L75A,11.5168915
Gag_p17,L75C,10.8044815
Gag_p17,L75D,11.4769745
Gag_p17,L75E,11.519051
Gag_p17,L75F,4.3578568
Gag_p17,L75G,11.461067
Gag_p17,L75H,11.289078
Gag_p17,L75I,3.8557434
Gag_p17,L75K,11.438057
Gag_p17,L75M,8.56929
Gag_p17,L75N,11.444862
Gag_p17,L75P,9.657654
Gag_p17,L75Q,11.52533
Gag_p17,L75R,7.9724274
Gag_p17,L75S,10.817818
Gag_p17,L75T,10.426781
Gag_p17,L75V,6.3286133
Gag_p17,L75W,11.437752
Gag_p17,L75Y,8.876602
Gag_p17,R76A,7.943779
Gag_p17,R76C,9.177444
Gag_p17,R76D,9.249306
Gag_p17,R76E,8.368492
Gag_p17,R76F,9.381187
Gag_p17,R76G,7.378868
Gag_p17,R76H,9.415314
Gag_p17,R76I,6.267502
Gag_p17,R76K,-1.2526321
Gag_p17,R76L,7.629631
Gag_p17,R76M,8.601669
Gag_p17,R76N,6.0870514
Gag_p17,R76P,9.35054
Gag_p17,R76Q,3.5006256
Gag_p17,R76S,8.558029
Gag_p17,R76T,4.2425537
Gag_p17,R76V,7.7857895
Gag_p17,R76W,9.396294
Gag_p17,R76Y,9.425667
Gag_p17,S77A,9.088516
Gag_p17,S77C,12.917603
Gag_p17,S77D,13.447372
Gag_p17,S77E,13.46344
Gag_p17,S77F,13.441925
Gag_p17,S77G,13.426804
Gag_p17,S77H,12.895157
Gag_p17,S77I,12.820145
Gag_p17,S77K,12.860107
Gag_p17,S77L,10.5429535
Gag_p17,S77M,13.45163
Gag_p17,S77N,13.489624
Gag_p17,S77P,10.853569
Gag_p17,S77Q,13.444946
Gag_p17,S77R,13.478806
Gag_p17,S77T,11.651642
Gag_p17,S77V,13.481979
Gag_p17,S77W,13.543121
Gag_p17,S77Y,12.721436
Gag_p17,L78A,12.020462
Gag_p17,L78C,12.179855
Gag_p17,L78D,12.182602
Gag_p17,L78E,12.180038
Gag_p17,L78F,9.768501
Gag_p17,L78G,12.217377
Gag_p17,L78H,12.171165
Gag_p17,L78I,8.592056
Gag_p17,L78K,12.162605
Gag_p17,L78M,12.162094
Gag_p17,L78N,12.240082
Gag_p17,L78P,12.185181
Gag_p17,L78Q,12.234703
Gag_p17,L78R,10.934029
Gag_p17,L78S,10.822662
Gag_p17,L78T,11.725632
Gag_p17,L78V,5.138115
Gag_p17,L78W,12.212769
Gag_p17,L78Y,11.707603
Gag_p17,Y79A,10.254654
Gag_p17,Y79C,7.777893
Gag_p17,Y79D,10.23597
Gag_p17,Y79E,10.153366
Gag_p17,Y79F,0.3925171
Gag_p17,Y79G,10.213753
Gag_p17,Y79H,3.3602142
Gag_p17,Y79I,10.00383
Gag_p17,Y79K,10.165375
Gag_p17,Y79L,8.798729
Gag_p17,Y79M,10.180725
Gag_p17,Y79N,7.242363
Gag_p17,Y79P,10.383255
Gag_p17,Y79Q,9.799881
Gag_p17,Y79R,10.161629
Gag_p17,Y79S,8.09063
Gag_p17,Y79T,10.224388
Gag_p17,Y79V,8.928413
Gag_p17,Y79W,6.569153
Gag_p17,N80A,13.074097
Gag_p17,N80C,13.074768
Gag_p17,N80D,10.401093
Gag_p17,N80E,13.111893
Gag_p17,N80F,13.004547
Gag_p17,N80G,13.0468445
Gag_p17,N80H,10.200882
Gag_p17,N80I,10.395454
Gag_p17,N80K,11.331253
Gag_p17,N80L,11.960831
Gag_p17,N80M,13.024658
Gag_p17,N80P,12.547012
Gag_p17,N80Q,12.412163
Gag_p17,N80R,12.301605
Gag_p17,N80S,9.48143
Gag_p17,N80T,11.404488
Gag_p17,N80V,13.139786
Gag_p17,N80W,13.068268
Gag_p17,N80Y,9.7328415
Gag_p17,T81A,2.430603
Gag_p17,T81C,10.686104
Gag_p17,T81D,10.909294
Gag_p17,T81E,10.412178
Gag_p17,T81F,11.098694
Gag_p17,T81G,10.847137
Gag_p17,T81H,10.908775
Gag_p17,T81I,8.862404
Gag_p17,T81K,11.065353
Gag_p17,T81L,4.935013
Gag_p17,T81M,8.859726
Gag_p17,T81N,11.161377
Gag_p17,T81P,10.110291
Gag_p17,T81Q,10.382904
Gag_p17,T81R,11.108841
Gag_p17,T81S,7.5212555
Gag_p17,T81V,7.5755005
Gag_p17,T81W,11.117157
Gag_p17,T81Y,11.039589
Gag_p17,I82A,7.9467773
Gag_p17,I82C,9.250557
Gag_p17,I82D,9.536301
Gag_p17,I82E,9.215881
Gag_p17,I82F,9.5809555
Gag_p17,I82G,8.653702
Gag_p17,I82H,9.543114
Gag_p17,I82K,9.077019
Gag_p17,I82L,3.8336258
Gag_p17,I82M,6.22995
Gag_p17,I82N,9.290291
Gag_p17,I82P,9.577202
Gag_p17,I82Q,9.546532
Gag_p17,I82R,8.722427
Gag_p17,I82S,9.257019
Gag_p17,I82T,6.5961533
Gag_p17,I82V,-1.0601959
Gag_p17,I82W,9.577919
Gag_p17,I82Y,9.488876
Gag_p17,A83C,11.215538
Gag_p17,A83D,11.877617
Gag_p17,A83E,11.287102
Gag_p17,A83F,11.9219055
Gag_p17,A83G,9.665268
Gag_p17,A83H,11.882713
Gag_p17,A83I,10.876869
Gag_p17,A83K,11.637779
Gag_p17,A83L,11.275757
Gag_p17,A83M,11.872292
Gag_p17,A83N,11.903801
Gag_p17,A83P,9.285805
Gag_p17,A83Q,11.925079
Gag_p17,A83R,10.750893
Gag_p17,A83S,6.733017
Gag_p17,A83T,6.999855
Gag_p17,A83V,5.012306
Gag_p17,A83W,11.891212
Gag_p17,A83Y,11.876991
Gag_p17,V84A,5.76828
Gag_p17,V84C,8.863739
Gag_p17,V84D,10.322403
Gag_p17,V84E,9.951637
Gag_p17,V84F,10.29808
Gag_p17,V84G,10.032692
Gag_p17,V84H,10.245728
Gag_p17,V84I,7.324005
Gag_p17,V84K,10.300957
Gag_p17,V84L,10.051331
Gag_p17,V84M,10.31839
Gag_p17,V84N,9.326019
Gag_p17,V84P,8.737732
Gag_p17,V84Q,10.2732315
Gag_p17,V84R,10.299644
Gag_p17,V84S,8.849129
Gag_p17,V84T,0.26168823
Gag_p17,V84W,10.317528
Gag_p17,V84Y,10.286537
Gag_p17,L85A,12.161751
Gag_p17,L85C,12.149376
Gag_p17,L85D,12.152489
Gag_p17,L85E,12.190781
Gag_p17,L85F,9.279442
Gag_p17,L85G,11.449692
Gag_p17,L85H,11.013542
Gag_p17,L85I,6.09684
Gag_p17,L85K,12.185951
Gag_p17,L85M,8.769165
Gag_p17,L85N,12.1249695
Gag_p17,L85P,7.5222015
Gag_p17,L85Q,12.179604
Gag_p17,L85R,10.380051
Gag_p17,L85S,11.466553
Gag_p17,L85T,12.221443
Gag_p17,L85V,9.277687
Gag_p17,L85W,12.192505
Gag_p17,L85Y,12.156731
Gag_p17,Y86A,11.511307
Gag_p17,Y86C,7.059128
Gag_p17,Y86D,11.521675
Gag_p17,Y86E,11.215591
Gag_p17,Y86F,4.0661316
Gag_p17,Y86G,10.837051
Gag_p17,Y86H,8.409576
Gag_p17,Y86I,11.575668
Gag_p17,Y86K,11.574005
Gag_p17,Y86L,6.909767
Gag_p17,Y86M,11.0793
Gag_p17,Y86N,11.137566
Gag_p17,Y86P,11.59449
Gag_p17,Y86Q,11.503754
Gag_p17,Y86R,9.573479
Gag_p17,Y86S,8.523201
Gag_p17,Y86T,11.233353
Gag_p17,Y86V,11.003975
Gag_p17,Y86W,5.009407
Gag_p17,C87A,12.662277
Gag_p17,C87D,12.659409
Gag_p17,C87E,12.320343
Gag_p17,C87F,7.5669403
Gag_p17,C87G,10.281006
Gag_p17,C87H,12.631378
Gag_p17,C87I,12.122429
Gag_p17,C87K,12.710709
Gag_p17,C87L,12.312668
Gag_p17,C87M,12.6918335
Gag_p17,C87N,12.691574
Gag_p17,C87P,12.458481
Gag_p17,C87Q,12.291801
Gag_p17,C87R,9.313553
Gag_p17,C87S,11.179642
Gag_p17,C87T,12.394402
Gag_p17,C87V,12.717957
Gag_p17,C87W,7.978119
Gag_p17,C87Y,6.8162155
Gag_p17,V88A,8.8726425
Gag_p17,V88C,11.964066
Gag_p17,V88D,11.821281
Gag_p17,V88E,11.215469
Gag_p17,V88F,12.788834
Gag_p17,V88G,10.774178
Gag_p17,V88H,12.712021
Gag_p17,V88I,7.497101
Gag_p17,V88K,12.7009735
Gag_p17,V88L,10.939629
Gag_p17,V88M,12.615265
Gag_p17,V88N,12.709503
Gag_p17,V88P,12.6779175
Gag_p17,V88Q,12.740448
Gag_p17,V88R,12.323425
Gag_p17,V88S,12.767548
Gag_p17,V88T,10.325104
Gag_p17,V88W,12.624008
Gag_p17,V88Y,12.724655
Gag_p17,H89A,12.345039
Gag_p17,H89C,12.410515
Gag_p17,H89D,11.123154
Gag_p17,H89E,12.475594
Gag_p17,H89F,12.041428
Gag_p17,H89G,12.425652
Gag_p17,H89I,12.028954
Gag_p17,H89K,12.097168
Gag_p17,H89L,7.924652
Gag_p17,H89M,11.849403
Gag_p17,H89N,11.289314
Gag_p17,H89P,9.38443
Gag_p17,H89Q,7.0266495
Gag_p17,H89R,8.551666
Gag_p17,H89S,12.048981
Gag_p17,H89T,11.643944
Gag_p17,H89V,12.449844
Gag_p17,H89W,12.491081
Gag_p17,H89Y,8.583778
Gag_p17,Q90A,6.24189
Gag_p17,Q90C,8.474014
Gag_p17,Q90D,10.460419
Gag_p17,Q90E,5.983917
Gag_p17,Q90F,11.478119
Gag_p17,Q90G,8.029518
Gag_p17,Q90H,6.635826
Gag_p17,Q90I,9.74855
Gag_p17,Q90K,5.166565
Gag_p17,Q90L,6.031105
Gag_p17,Q90M,9.5103
Gag_p17,Q90N,6.1190414
Gag_p17,Q90P,9.420853
Gag_p17,Q90R,4.07045
Gag_p17,Q90S,6.0769653
Gag_p17,Q90T,8.232742
Gag_p17,Q90V,9.643204
Gag_p17,Q90W,11.61705
Gag_p17,Q90Y,8.973938
Gag_p17,R91A,8.14415
Gag_p17,R91C,7.576805
Gag_p17,R91D,5.9392776
Gag_p17,R91E,5.5306015
Gag_p17,R91F,10.258141
Gag_p17,R91G,3.2123795
Gag_p17,R91H,7.9116516
Gag_p17,R91I,10.278862
Gag_p17,R91K,0.5781021
Gag_p17,R91L,9.535454
Gag_p17,R91M,6.367317
Gag_p17,R91N,3.5566788
Gag_p17,R91P,10.05648
Gag_p17,R91Q,4.9076996
Gag_p17,R91S,6.1362
Gag_p17,R91T,9.021263
Gag_p17,R91V,10.343864
Gag_p17,R91W,9.62265
Gag_p17,R91Y,9.4681015
Gag_p17,I92A,10.2328415
Gag_p17,I92C,11.759003
Gag_p17,I92D,11.0709915
Gag_p17,I92E,9.236588
Gag_p17,I92F,10.6772
Gag_p17,I92G,11.678192
Gag_p17,I92H,11.719528
Gag_p17,I92K,8.536453
Gag_p17,I92L,6.649025
Gag_p17,I92M,6.1091156
Gag_p17,I92N,10.674942
Gag_p17,I92P,11.775902
Gag_p17,I92Q,10.84565
Gag_p17,I92R,9.865944
Gag_p17,I92S,10.876282
Gag_p17,I92T,7.9002304
Gag_p17,I92V,4.714325
Gag_p17,I92W,11.091202
Gag_p17,I92Y,9.180031
Gag_p17,D93A,5.4668655
Gag_p17,D93C,9.956688
Gag_p17,D93E,-0.16799927
Gag_p17,D93F,9.761314
Gag_p17,D93G,4.747902
Gag_p17,D93H,8.135414
Gag_p17,D93I,9.387894
Gag_p17,D93K,5.1448746
Gag_p17,D93L,8.534882
Gag_p17,D93M,8.2945175
Gag_p17,D93N,4.2053146
Gag_p17,D93P,7.003166
Gag_p17,D93Q,4.9945755
Gag_p17,D93R,7.396431
Gag_p17,D93S,7.1860657
Gag_p17,D93T,5.6585693
Gag_p17,D93V,6.3279037
Gag_p17,D93W,10.187065
Gag_p17,D93Y,9.472832
Gag_p17,V94A,7.904869
Gag_p17,V94C,10.7020035
Gag_p17,V94D,10.721092
Gag_p17,V94E,10.077705
Gag_p17,V94F,11.589516
Gag_p17,V94G,9.847107
Gag_p17,V94H,10.773468
Gag_p17,V94I,1.3446808
Gag_p17,V94K,10.623962
Gag_p17,V94L,8.979927
Gag_p17,V94M,8.691666
Gag_p17,V94N,10.525726
Gag_p17,V94P,10.230225
Gag_p17,V94Q,10.771332
Gag_p17,V94R,10.5301285
Gag_p17,V94S,9.81765
Gag_p17,V94T,9.289116
Gag_p17,V94W,10.503754
Gag_p17,V94Y,10.788002
Gag_p17,K95A,5.807579
Gag_p17,K95C,11.34214
Gag_p17,K95D,10.860252
Gag_p17,K95E,8.742477
Gag_p17,K95F,11.406265
Gag_p17,K95G,8.544487
Gag_p17,K95H,9.298714
Gag_p17,K95I,9.9837265
Gag_p17,K95L,8.71888
Gag_p17,K95M,9.726219
Gag_p17,K95N,7.31205
Gag_p17,K95P,10.277016
Gag_p17,K95Q,5.3677063
Gag_p17,K95R,2.5587997
Gag_p17,K95S,7.639862
Gag_p17,K95T,6.5564423
Gag_p17,K95V,9.5345
Gag_p17,K95W,11.294151
Gag_p17,K95Y,10.994743
Gag_p17,D96A,12.272057
Gag_p17,D96C,12.800308
Gag_p17,D96E,10.809181
Gag_p17,D96F,12.816498
Gag_p17,D96G,8.513191
Gag_p17,D96H,10.234062
Gag_p17,D96I,12.764664
Gag_p17,D96K,12.3546295
Gag_p17,D96L,12.033379
Gag_p17,D96M,12.801498
Gag_p17,D96N,7.028328
Gag_p17,D96P,12.535217
Gag_p17,D96Q,12.410355
Gag_p17,D96R,11.883705
Gag_p17,D96S,12.126854
Gag_p17,D96T,11.508781
Gag_p17,D96V,11.607101
Gag_p17,D96W,12.85466
Gag_p17,D96Y,12.621185
Gag_p17,T97A,8.641518
Gag_p17,T97C,13.427826
Gag_p17,T97D,13.432129
Gag_p17,T97E,13.415222
Gag_p17,T97F,13.421997
Gag_p17,T97G,13.009232
Gag_p17,T97H,12.785049
Gag_p17,T97I,10.941727
Gag_p17,T97K,12.867172
Gag_p17,T97L,13.420303
Gag_p17,T97M,13.0612335
Gag_p17,T97N,12.148392
Gag_p17,T97P,9.967331
Gag_p17,T97Q,12.231155
Gag_p17,T97R,12.902649
Gag_p17,T97S,10.818138
Gag_p17,T97V,12.632446
Gag_p17,T97W,13.3980255
Gag_p17,T97Y,13.125305
Gag_p17,K98A,8.839432
Gag_p17,K98C,11.526604
Gag_p17,K98D,11.069618
Gag_p17,K98E,8.163582
Gag_p17,K98F,11.452301
Gag_p17,K98G,11.160225
Gag_p17,K98H,11.197052
Gag_p17,K98I,11.524864
Gag_p17,K98L,11.533241
Gag_p17,K98M,7.6192245
Gag_p17,K98N,6.464279
Gag_p17,K98P,10.261826
Gag_p17,K98Q,5.4516754
Gag_p17,K98R,6.387253
Gag_p17,K98S,8.191078
Gag_p17,K98T,6.673126
Gag_p17,K98V,11.547279
Gag_p17,K98W,11.58625
Gag_p17,K98Y,11.510216
Gag_p17,E99A,10.289177
Gag_p17,E99C,12.609154
Gag_p17,E99D,6.3279037
Gag_p17,E99F,12.580528
Gag_p17,E99G,8.516617
Gag_p17,E99H,12.598991
Gag_p17,E99I,12.263329
Gag_p17,E99K,7.9279556
Gag_p17,E99L,12.233353
Gag_p17,E99M,12.710876
Gag_p17,E99N,12.323601
Gag_p17,E99P,12.614189
Gag_p17,E99Q,10.2990265
Gag_p17,E99R,11.303757
Gag_p17,E99S,12.622513
Gag_p17,E99T,12.659271
Gag_p17,E99V,11.500557
Gag_p17,E99W,12.666122
Gag_p17,E99Y,12.612701
Gag_p17,A100C,13.627304
Gag_p17,A100D,12.028877
Gag_p17,A100E,13.0551605
Gag_p17,A100F,12.201889
Gag_p17,A100G,11.559654
Gag_p17,A100H,13.531708
Gag_p17,A100I,12.320557
Gag_p17,A100K,13.055267
Gag_p17,A100L,12.353912
Gag_p17,A100M,13.571701
Gag_p17,A100N,13.087173
Gag_p17,A100P,10.546394
Gag_p17,A100Q,13.624359
Gag_p17,A100R,13.045746
Gag_p17,A100S,12.35965
Gag_p17,A100T,10.349289
Gag_p17,A100V,10.287804
Gag_p17,A100W,13.558655
Gag_p17,A100Y,13.4704895
Gag_p17,L101A,11.756638
Gag_p17,L101C,12.033363
Gag_p17,L101D,11.658539
Gag_p17,L101E,12.19664
Gag_p17,L101F,10.106644
Gag_p17,L101G,12.233337
Gag_p17,L101H,12.192276
Gag_p17,L101I,6.8719025
Gag_p17,L101K,12.111427
Gag_p17,L101M,11.402275
Gag_p17,L101N,12.161339
Gag_p17,L101P,10.339569
Gag_p17,L101Q,11.824165
Gag_p17,L101R,11.825066
Gag_p17,L101S,9.78714
Gag_p17,L101T,12.184738
Gag_p17,L101V,5.6901016
Gag_p17,L101W,11.728104
Gag_p17,L101Y,12.173019
Gag_p17,D102A,7.2761536
Gag_p17,D102C,10.346519
Gag_p17,D102E,0.5761261
Gag_p17,D102F,10.3867035
Gag_p17,D102G,6.891678
Gag_p17,D102H,10.027954
Gag_p17,D102I,10.082825
Gag_p17,D102K,6.739044
Gag_p17,D102L,10.276176
Gag_p17,D102M,9.899826
Gag_p17,D102N,5.944229
Gag_p17,D102P,10.326767
Gag_p17,D102Q,9.116692
Gag_p17,D102R,8.988243
Gag_p17,D102S,9.066513
Gag_p17,D102T,10.328552
Gag_p17,D102V,8.412704
Gag_p17,D102W,10.298988
Gag_p17,D102Y,8.387329
Gag_p17,K103A,9.663055
Gag_p17,K103C,10.863152
Gag_p17,K103D,10.654877
Gag_p17,K103E,6.7367783
Gag_p17,K103F,10.763229
Gag_p17,K103G,10.191139
Gag_p17,K103H,8.092751
Gag_p17,K103I,7.702118
Gag_p17,K103L,10.440201
Gag_p17,K103M,7.355194
Gag_p17,K103N,8.291214
Gag_p17,K103P,9.945404
Gag_p17,K103Q,5.65728
Gag_p17,K103R,3.185501
Gag_p17,K103S,11.062843
Gag_p17,K103T,7.136818
Gag_p17,K103V,8.9288025
Gag_p17,K103W,9.597443
Gag_p17,K103Y,9.705818
Gag_p17,I104A,9.258644
Gag_p17,I104C,11.259392
Gag_p17,I104D,10.886269
Gag_p17,I104E,10.666931
Gag_p17,I104F,11.241417
Gag_p17,I104G,11.334541
Gag_p17,I104H,10.877907
Gag_p17,I104K,10.948601
Gag_p17,I104L,5.2192154
Gag_p17,I104M,6.3718033
Gag_p17,I104N,10.753143
Gag_p17,I104P,10.314926
Gag_p17,I104Q,10.757637
Gag_p17,I104R,9.754555
Gag_p17,I104S,10.40255
Gag_p17,I104T,8.791504
Gag_p17,I104V,2.7406158
Gag_p17,I104W,11.090027
Gag_p17,I104Y,11.262291
Gag_p17,E105A,7.097931
Gag_p17,E105C,11.777176
Gag_p17,E105D,9.477592
Gag_p17,E105F,11.775307
Gag_p17,E105G,7.536789
Gag_p17,E105H,11.229965
Gag_p17,E105I,11.804077
Gag_p17,E105K,5.574539
Gag_p17,E105L,10.950317
Gag_p17,E105M,11.790306
Gag_p17,E105N,11.314819
Gag_p17,E105P,11.844414
Gag_p17,E105Q,6.3327255
Gag_p17,E105R,9.10923
Gag_p17,E105S,11.308044
Gag_p17,E105T,11.410919
Gag_p17,E105V,10.380089
Gag_p17,E105W,11.818092
Gag_p17,E105Y,11.845627
Gag_p17,E106A,7.981415
Gag_p17,E106C,12.433144
Gag_p17,E106D,8.556854
Gag_p17,E106F,11.635582
Gag_p17,E106G,8.515816
Gag_p17,E106H,12.576393
Gag_p17,E106I,12.459137
Gag_p17,E106K,5.9393387
Gag_p17,E106L,12.166855
Gag_p17,E106M,12.4832
Gag_p17,E106N,12.164856
Gag_p17,E106P,12.167603
Gag_p17,E106Q,10.477531
Gag_p17,E106R,11.229988
Gag_p17,E106S,11.622665
Gag_p17,E106T,12.496918
Gag_p17,E106V,10.148094
Gag_p17,E106W,12.48185
Gag_p17,E106Y,12.507614
Gag_p17,E107A,8.055275
Gag_p17,E107C,12.837601
Gag_p17,E107D,9.641563
Gag_p17,E107F,12.595703
Gag_p17,E107G,8.846977
Gag_p17,E107H,12.046417
Gag_p17,E107I,7.7307663
Gag_p17,E107K,8.846001
Gag_p17,E107L,9.176994
Gag_p17,E107M,8.684151
Gag_p17,E107N,12.856796
Gag_p17,E107P,12.494865
Gag_p17,E107Q,10.615562
Gag_p17,E107R,10.088066
Gag_p17,E107S,11.731827
Gag_p17,E107T,10.782829
Gag_p17,E107V,7.01075
Gag_p17,E107W,13.159622
Gag_p17,E107Y,12.703171
Gag_p17,Q108A,11.347382
Gag_p17,Q108C,11.739075
Gag_p17,Q108D,11.785065
Gag_p17,Q108E,8.661652
Gag_p17,Q108F,10.747017
Gag_p17,Q108G,11.492432
Gag_p17,Q108H,8.667519
Gag_p17,Q108I,11.861053
Gag_p17,Q108K,6.02639
Gag_p17,Q108L,9.603516
Gag_p17,Q108M,11.046204
Gag_p17,Q108N,11.706963
Gag_p17,Q108P,9.703903
Gag_p17,Q108R,5.5498276
Gag_p17,Q108S,10.20459
Gag_p17,Q108T,10.339294
Gag_p17,Q108V,11.785088
Gag_p17,Q108W,10.940468
Gag_p17,Q108Y,11.373428
Gag_p17,N109A,6.752487
Gag_p17,N109C,10.663719
Gag_p17,N109D,5.411804
Gag_p17,N109E,7.9741898
Gag_p17,N109F,11.219353
Gag_p17,N109G,9.147491
Gag_p17,N109H,7.750267
Gag_p17,N109I,7.1865005
Gag_p17,N109K,6.007553
Gag_p17,N109L,10.369019
Gag_p17,N109M,11.146515
Gag_p17,N109P,10.890213
Gag_p17,N109Q,8.372665
Gag_p17,N109R,8.566917
Gag_p17,N109S,4.248192
Gag_p17,N109T,5.8206406
Gag_p17,N109V,10.391716
Gag_p17,N109W,11.232925
Gag_p17,N109Y,10.491707
Gag_p17,K110A,8.800575
Gag_p17,K110C,11.193642
Gag_p17,K110D,9.668114
Gag_p17,K110E,4.9934998
Gag_p17,K110F,11.2124405
Gag_p17,K110G,9.484001
Gag_p17,K110H,10.788681
Gag_p17,K110I,7.9233017
Gag_p17,K110L,10.44194
Gag_p17,K110M,9.946106
Gag_p17,K110N,5.174217
Gag_p17,K110P,10.752579
Gag_p17,K110Q,5.335205
Gag_p17,K110R,4.4020157
Gag_p17,K110S,9.427681
Gag_p17,K110T,7.2597046
Gag_p17,K110V,10.271027
Gag_p17,K110W,11.273575
Gag_p17,K110Y,10.867592
Gag_p17,S111A,6.910164
Gag_p17,S111C,2.9116745
Gag_p17,S111D,8.996056
Gag_p17,S111E,9.763687
Gag_p17,S111F,7.8424683
Gag_p17,S111G,5.133667
Gag_p17,S111H,8.065193
Gag_p17,S111I,4.817032
Gag_p17,S111K,8.091881
Gag_p17,S111L,9.151093
Gag_p17,S111M,8.155205
Gag_p17,S111N,5.0642776
Gag_p17,S111P,10.649094
Gag_p17,S111Q,8.250305
Gag_p17,S111R,6.022766
Gag_p17,S111T,7.9324875
Gag_p17,S111V,6.7973557
Gag_p17,S111W,11.119957
Gag_p17,S111Y,8.087555
Gag_p17,K112A,7.6271057
Gag_p17,K112C,11.348
Gag_p17,K112D,10.068825
Gag_p17,K112E,7.2425156
Gag_p17,K112F,10.633141
Gag_p17,K112G,10.198166
Gag_p17,K112H,10.3125305
Gag_p17,K112I,10.639214
Gag_p17,K112L,9.285431
Gag_p17,K112M,7.2328796
Gag_p17,K112N,7.09359
Gag_p17,K112P,9.246056
Gag_p17,K112Q,4.632515
Gag_p17,K112R,5.3310776
Gag_p17,K112S,9.1740265
Gag_p17,K112T,7.028656
Gag_p17,K112V,11.1798935
Gag_p17,K112W,10.427475
Gag_p17,K112Y,10.937805
Gag_p17,K113A,7.343338
Gag_p17,K113C,10.54348
Gag_p17,K113D,9.972137
Gag_p17,K113E,4.3886795
Gag_p17,K113F,10.011055
Gag_p17,K113G,7.1697006
Gag_p17,K113H,8.505905
Gag_p17,K113I,8.058662
Gag_p17,K113L,9.288818
Gag_p17,K113M,9.064438
Gag_p17,K113N,5.5028
Gag_p17,K113P,8.282127
Gag_p17,K113Q,3.9909058
Gag_p17,K113R,4.8237915
Gag_p17,K113S,7.8783035
Gag_p17,K113T,5.9354553
Gag_p17,K113V,8.827225
Gag_p17,K113W,10.823044
Gag_p17,K113Y,9.918793
Gag_p17,K114A,6.0064774
Gag_p17,K114C,10.887566
Gag_p17,K114D,9.93885
Gag_p17,K114E,6.405815
Gag_p17,K114F,10.848816
Gag_p17,K114G,7.2335052
Gag_p17,K114H,10.211182
Gag_p17,K114I,7.548027
Gag_p17,K114L,9.86853
Gag_p17,K114M,6.5913544
Gag_p17,K114N,5.867676
Gag_p17,K114P,9.384407
Gag_p17,K114Q,4.3171997
Gag_p17,K114R,3.1543274
Gag_p17,K114S,8.064453
Gag_p17,K114T,5.382202
Gag_p17,K114V,8.125816
Gag_p17,K114W,10.838287
Gag_p17,K114Y,11.001343
Gag_p17,A115C,10.0392685
Gag_p17,A115D,10.140877
Gag_p17,A115E,4.6062775
Gag_p17,A115F,10.466476
Gag_p17,A115G,8.736366
Gag_p17,A115H,10.729378
Gag_p17,A115I,7.009102
Gag_p17,A115K,7.145157
Gag_p17,A115L,8.744728
Gag_p17,A115M,7.72493
Gag_p17,A115N,9.122688
Gag_p17,A115P,7.7644806
Gag_p17,A115Q,7.0197525
Gag_p17,A115R,8.634804
Gag_p17,A115S,7.9420624
Gag_p17,A115T,2.912857
Gag_p17,A115V,3.710205
Gag_p17,A115W,11.141663
Gag_p17,A115Y,11.2099
Gag_p17,Q116A,7.243103
Gag_p17,Q116C,12.1556015
Gag_p17,Q116D,10.278366
Gag_p17,Q116E,7.7377014
Gag_p17,Q116F,14.9869995
Gag_p17,Q116G,9.121277
Gag_p17,Q116H,8.441963
Gag_p17,Q116I,11.573929
Gag_p17,Q116K,7.0550995
Gag_p17,Q116L,9.2849655
Gag_p17,Q116M,10.592369
Gag_p17,Q116N,10.465164
Gag_p17,Q116P,6.2194138
Gag_p17,Q116R,6.801567
Gag_p17,Q116S,8.856369
Gag_p17,Q116T,9.178062
Gag_p17,Q116V,12.001091
Gag_p17,Q116W,11.998894
Gag_p17,Q116Y,11.169281
Gag_p17,Q117A,5.0708313
Gag_p17,Q117C,11.203354
Gag_p17,Q117D,8.842293
Gag_p17,Q117E,6.716591
Gag_p17,Q117F,11.114029
Gag_p17,Q117G,9.9133
Gag_p17,Q117H,6.50753
Gag_p17,Q117I,10.709526
Gag_p17,Q117K,5.860588
Gag_p17,Q117L,6.4395065
Gag_p17,Q117M,9.807205
Gag_p17,Q117N,9.002602
Gag_p17,Q117P,4.067375
Gag_p17,Q117R,6.9981384
Gag_p17,Q117S,7.655716
Gag_p17,Q117T,7.1827316
Gag_p17,Q117V,9.375519
Gag_p17,Q117W,11.134056
Gag_p17,Q117Y,10.358452
Gag_p17,A118C,11.198715
Gag_p17,A118D,9.159691
Gag_p17,A118E,5.5272064
Gag_p17,A118F,11.265869
Gag_p17,A118G,8.19693
Gag_p17,A118H,10.133278
Gag_p17,A118I,9.28479
Gag_p17,A118K,6.4395676
Gag_p17,A118L,10.301605
Gag_p17,A118M,9.219566
Gag_p17,A118N,10.426643
Gag_p17,A118P,6.6008377
Gag_p17,A118Q,7.4307785
Gag_p17,A118R,9.955055
Gag_p17,A118S,7.2236176
Gag_p17,A118T,3.454605
Gag_p17,A118V,5.0041504
Gag_p17,A118W,11.143982
Gag_p17,A118Y,11.15139
Gag_p17,A119C,11.242279
Gag_p17,A119D,7.818405
Gag_p17,A119E,4.331726
Gag_p17,A119F,11.26783
Gag_p17,A119G,7.0577164
Gag_p17,A119H,11.284531
Gag_p17,A119I,8.504791
Gag_p17,A119K,6.990692
Gag_p17,A119L,9.513824
Gag_p17,A119M,10.257004
Gag_p17,A119N,9.056892
Gag_p17,A119P,7.7185287
Gag_p17,A119Q,6.37545
Gag_p17,A119R,9.062218
Gag_p17,A119S,7.7064285
Gag_p17,A119T,3.6724777
Gag_p17,A119V,4.5668945
Gag_p17,A119W,10.529419
Gag_p17,A119Y,11.218025
Gag_p17,A120C,10.811615
Gag_p17,A120D,5.551712
Gag_p17,A120E,8.004631
Gag_p17,A120F,11.615715
Gag_p17,A120G,6.3238297
Gag_p17,A120H,10.621468
Gag_p17,A120I,8.955643
Gag_p17,A120K,8.592094
Gag_p17,A120L,8.955826
Gag_p17,A120M,9.525719
Gag_p17,A120N,8.019844
Gag_p17,A120P,7.9571
Gag_p17,A120Q,7.708481
Gag_p17,A120R,9.6271515
Gag_p17,A120S,7.4943695
Gag_p17,A120T,4.279915
Gag_p17,A120V,6.71978
Gag_p17,A120W,11.63958
Gag_p17,A120Y,11.448616
Gag_p17,D121A,3.1316528
Gag_p17,D121C,8.874344
Gag_p17,D121E,6.2460556
Gag_p17,D121F,10.575615
Gag_p17,D121G,1.9750443
Gag_p17,D121H,9.513054
Gag_p17,D121I,9.540405
Gag_p17,D121K,8.0533905
Gag_p17,D121L,9.997856
Gag_p17,D121M,10.620605
Gag_p17,D121N,2.9257507
Gag_p17,D121P,8.6935425
Gag_p17,D121Q,6.594406
Gag_p17,D121R,9.476601
Gag_p17,D121S,4.670616
Gag_p17,D121T,5.7764053
Gag_p17,D121V,7.86705
Gag_p17,D121W,9.8536
Gag_p17,D121Y,10.181801
Gag_p17,T122A,2.254013
Gag_p17,T122C,9.972092
Gag_p17,T122D,6.801338
Gag_p17,T122E,6.4528885
Gag_p17,T122F,10.241493
Gag_p17,T122G,5.740326
Gag_p17,T122H,9.543457
Gag_p17,T122I,5.283638
Gag_p17,T122K,4.3718033
Gag_p17,T122L,7.9276047
Gag_p17,T122M,7.7311172
Gag_p17,T122N,7.3847275
Gag_p17,T122P,4.5135193
Gag_p17,T122Q,6.2993164
Gag_p17,T122R,6.8388443
Gag_p17,T122S,5.35968
Gag_p17,T122V,6.2308273
Gag_p17,T122W,10.437126
Gag_p17,T122Y,9.60804
Gag_p17,G123A,4.7550125
Gag_p17,G123C,10.321251
Gag_p17,G123D,6.9239273
Gag_p17,G123E,4.075554
Gag_p17,G123F,10.803642
Gag_p17,G123H,10.100143
Gag_p17,G123I,9.619339
Gag_p17,G123K,5.1259537
Gag_p17,G123L,10.596901
Gag_p17,G123M,10.307938
Gag_p17,G123N,5.7897644
Gag_p17,G123P,8.767868
Gag_p17,G123Q,8.397438
Gag_p17,G123R,4.7136154
Gag_p17,G123S,7.000656
Gag_p17,G123T,6.7406387
Gag_p17,G123V,7.3638
Gag_p17,G123W,9.631592
Gag_p17,G123Y,10.937279
Gag_p17,N124A,6.0245514
Gag_p17,N124C,8.366257
Gag_p17,N124D,4.8420563
Gag_p17,N124E,6.962532
Gag_p17,N124F,10.275818
Gag_p17,N124G,7.209305
Gag_p17,N124H,5.3002396
Gag_p17,N124I,8.712517
Gag_p17,N124K,3.588066
Gag_p17,N124L,9.6178055
Gag_p17,N124M,10.371162
Gag_p17,N124P,6.541031
Gag_p17,N124Q,6.9951553
Gag_p17,N124R,7.6223526
Gag_p17,N124S,2.1762924
Gag_p17,N124T,4.674179
Gag_p17,N124V,8.066162
Gag_p17,N124W,10.442757
Gag_p17,N124Y,9.8858795
Gag_p17,N125A,5.439743
Gag_p17,N125C,5.3030777
Gag_p17,N125D,4.0858
Gag_p17,N125E,7.204376
Gag_p17,N125F,8.711494
Gag_p17,N125G,2.612381
Gag_p17,N125H,5.56575
Gag_p17,N125I,6.274719
Gag_p17,N125K,2.5513
Gag_p17,N125L,8.245056
Gag_p17,N125M,8.718277
Gag_p17,N125P,7.3755875
Gag_p17,N125Q,6.9971924
Gag_p17,N125R,3.234375
Gag_p17,N125S,-1.5373993
Gag_p17,N125T,3.185875
Gag_p17,N125V,6.084076
Gag_p17,N125W,8.67083
Gag_p17,N125Y,6.672516
Gag_p17,S126A,7.476616
Gag_p17,S126C,7.73938
Gag_p17,S126D,7.7813263
Gag_p17,S126E,7.780403
Gag_p17,S126F,10.672043
Gag_p17,S126G,3.4390793
Gag_p17,S126H,9.469116
Gag_p17,S126I,8.567329
Gag_p17,S126K,4.276268
Gag_p17,S126L,9.896179
Gag_p17,S126M,10.279976
Gag_p17,S126N,2.4977798
Gag_p17,S126P,9.690727
Gag_p17,S126Q,6.8611374
Gag_p17,S126R,4.572029
Gag_p17,S126T,6.50119
Gag_p17,S126V,9.04715
Gag_p17,S126W,10.467918
Gag_p17,S126Y,9.274078
Gag_p17,Q127A,6.8964157
Gag_p17,Q127C,10.595963
Gag_p17,Q127D,8.081512
Gag_p17,Q127E,6.975853
Gag_p17,Q127F,9.465752
Gag_p17,Q127G,6.867363
Gag_p17,Q127H,5.72744
Gag_p17,Q127I,8.698265
Gag_p17,Q127K,2.6431046
Gag_p17,Q127L,8.280281
Gag_p17,Q127M,8.28598
Gag_p17,Q127N,4.1943817
Gag_p17,Q127P,3.5681381
Gag_p17,Q127R,7.1707916
Gag_p17,Q127S,5.243927
Gag_p17,Q127T,5.1583023
Gag_p17,Q127V,8.123604
Gag_p17,Q127W,9.999237
Gag_p17,Q127Y,9.941254
Gag_p17,V128A,3.0645523
Gag_p17,V128C,8.102051
Gag_p17,V128D,7.0886917
Gag_p17,V128E,9.116516
Gag_p17,V128F,8.014862
Gag_p17,V128G,5.410652
Gag_p17,V128H,9.660431
Gag_p17,V128I,3.877594
Gag_p17,V128K,9.394188
Gag_p17,V128L,7.909462
Gag_p17,V128M,9.724754
Gag_p17,V128N,7.882477
Gag_p17,V128P,8.483406
Gag_p17,V128Q,9.209801
Gag_p17,V128R,9.307793
Gag_p17,V128S,6.3491745
Gag_p17,V128T,5.7588043
Gag_p17,V128W,11.039078
Gag_p17,V128Y,10.213692
Gag_p17,S129A,9.530319
Gag_p17,S129C,10.0469055
Gag_p17,S129D,10.443893
Gag_p17,S129E,12.353966
Gag_p17,S129F,11.852417
Gag_p17,S129G,7.4649887
Gag_p17,S129H,11.380043
Gag_p17,S129I,9.999252
Gag_p17,S129K,10.874313
Gag_p17,S129L,10.025116
Gag_p17,S129M,10.838394
Gag_p17,S129N,8.372078
Gag_p17,S129P,10.634628
Gag_p17,S129Q,10.63385
Gag_p17,S129R,8.613007
Gag_p17,S129T,9.148926
Gag_p17,S129V,10.967842
Gag_p17,S129W,12.13839
Gag_p17,S129Y,11.9600525
Gag_p17,Q130A,8.713982
Gag_p17,Q130C,9.7372055
Gag_p17,Q130D,9.81604
Gag_p17,Q130E,8.956482
Gag_p17,Q130F,11.122978
Gag_p17,Q130G,9.524925
Gag_p17,Q130H,3.8685913
Gag_p17,Q130I,9.911331
Gag_p17,Q130K,6.456192
Gag_p17,Q130L,5.7620316
Gag_p17,Q130M,11.002518
Gag_p17,Q130N,9.564316
Gag_p17,Q130P,7.9721756
Gag_p17,Q130R,5.0761566
Gag_p17,Q130S,9.121155
Gag_p17,Q130T,9.776314
Gag_p17,Q130V,9.696266
Gag_p17,Q130W,11.1202545
Gag_p17,Q130Y,8.023682
Gag_p17,N131A,10.553703
Gag_p17,N131C,11.631401
Gag_p17,N131D,8.678276
Gag_p17,N131E,10.978004
Gag_p17,N131F,12.51519
Gag_p17,N131G,10.378151
Gag_p17,N131H,9.730026
Gag_p17,N131I,9.590805
Gag_p17,N131K,9.168526
Gag_p17,N131L,11.176407
Gag_p17,N131M,12.512703
Gag_p17,N131P,11.176651
Gag_p17,N131Q,11.28923
Gag_p17,N131R,10.422737
Gag_p17,N131S,8.713051
Gag_p17,N131T,11.087555
Gag_p17,N131V,12.531242
Gag_p17,N131W,11.851288
Gag_p17,N131Y,9.584251
Gag_p17,Y132A,10.985092
Gag_p17,Y132C,9.495941
Gag_p17,Y132D,10.905701
Gag_p17,Y132E,10.468315
Gag_p17,Y132F,3.198555
Gag_p17,Y132G,10.632042
Gag_p17,Y132H,8.923218
Gag_p17,Y132I,9.6790695
Gag_p17,Y132K,10.033905
Gag_p17,Y132L,8.834892
Gag_p17,Y132M,10.472
Gag_p17,Y132N,9.188126
Gag_p17,Y132P,11.257591
Gag_p17,Y132Q,11.360977
Gag_p17,Y132R,10.508629
Gag_p17,Y132S,8.691727
Gag_p17,Y132T,10.143379
Gag_p17,Y132V,9.109665
Gag_p17,Y132W,10.114876
